x_index,y_index,x_min_m,x_max_m,x_center_m,y_min_m,y_max_m,y_center_m,assert_count,yield_count,total_count,p_assert,masked
0,0,-4.0,-3.9,-3.95,-4.0,-3.9,-3.95,0,0,0,,1
1,0,-3.9,-3.8,-3.8499999999999996,-4.0,-3.9,-3.95,0,0,0,,1
2,0,-3.8,-3.7,-3.75,-4.0,-3.9,-3.95,0,0,0,,1
3,0,-3.7,-3.6,-3.6500000000000004,-4.0,-3.9,-3.95,0,0,0,,1
4,0,-3.6,-3.5,-3.55,-4.0,-3.9,-3.95,0,0,0,,1
5,0,-3.5,-3.4,-3.45,-4.0,-3.9,-3.95,0,0,0,,1
6,0,-3.4,-3.3,-3.3499999999999996,-4.0,-3.9,-3.95,0,0,0,,1
7,0,-3.3,-3.2,-3.25,-4.0,-3.9,-3.95,0,0,0,,1
8,0,-3.2,-3.1,-3.1500000000000004,-4.0,-3.9,-3.95,0,0,0,,1
9,0,-3.1,-3.0,-3.05,-4.0,-3.9,-3.95,0,0,0,,1
10,0,-3.0,-2.9,-2.95,-4.0,-3.9,-3.95,0,0,0,,1
11,0,-2.9,-2.8,-2.8499999999999996,-4.0,-3.9,-3.95,0,0,0,,1
12,0,-2.8,-2.7,-2.75,-4.0,-3.9,-3.95,0,0,0,,1
13,0,-2.7,-2.5999999999999996,-2.65,-4.0,-3.9,-3.95,0,0,0,,1
14,0,-2.5999999999999996,-2.5,-2.55,-4.0,-3.9,-3.95,0,0,0,,1
15,0,-2.5,-2.4,-2.45,-4.0,-3.9,-3.95,0,0,0,,1
16,0,-2.4,-2.3,-2.3499999999999996,-4.0,-3.9,-3.95,0,0,0,,1
17,0,-2.3,-2.2,-2.25,-4.0,-3.9,-3.95,0,0,0,,1
18,0,-2.2,-2.0999999999999996,-2.15,-4.0,-3.9,-3.95,0,0,0,,1
19,0,-2.0999999999999996,-2.0,-2.05,-4.0,-3.9,-3.95,0,0,0,,1
20,0,-2.0,-1.9,-1.95,-4.0,-3.9,-3.95,0,0,0,,1
21,0,-1.9,-1.7999999999999998,-1.8499999999999999,-4.0,-3.9,-3.95,0,0,0,,1
22,0,-1.7999999999999998,-1.6999999999999997,-1.7499999999999998,-4.0,-3.9,-3.95,0,0,0,,1
23,0,-1.6999999999999997,-1.5999999999999996,-1.6499999999999997,-4.0,-3.9,-3.95,0,0,0,,1
24,0,-1.5999999999999996,-1.5,-1.5499999999999998,-4.0,-3.9,-3.95,0,0,0,,1
25,0,-1.5,-1.4,-1.45,-4.0,-3.9,-3.95,0,0,0,,1
26,0,-1.4,-1.2999999999999998,-1.3499999999999999,-4.0,-3.9,-3.95,0,0,0,,1
27,0,-1.2999999999999998,-1.1999999999999997,-1.2499999999999998,-4.0,-3.9,-3.95,0,0,0,,1
28,0,-1.1999999999999997,-1.0999999999999996,-1.1499999999999997,-4.0,-3.9,-3.95,0,0,0,,1
29,0,-1.0999999999999996,-1.0,-1.0499999999999998,-4.0,-3.9,-3.95,0,0,0,,1
30,0,-1.0,-0.8999999999999999,-0.95,-4.0,-3.9,-3.95,0,0,0,,1
31,0,-0.8999999999999999,-0.7999999999999998,-0.8499999999999999,-4.0,-3.9,-3.95,0,0,0,,1
32,0,-0.7999999999999998,-0.6999999999999997,-0.7499999999999998,-4.0,-3.9,-3.95,0,0,0,,1
33,0,-0.6999999999999997,-0.5999999999999996,-0.6499999999999997,-4.0,-3.9,-3.95,0,0,0,,1
34,0,-0.5999999999999996,-0.5,-0.5499999999999998,-4.0,-3.9,-3.95,0,0,0,,1
35,0,-0.5,-0.3999999999999999,-0.44999999999999996,-4.0,-3.9,-3.95,0,0,0,,1
36,0,-0.3999999999999999,-0.2999999999999998,-0.34999999999999987,-4.0,-3.9,-3.95,0,0,0,,1
37,0,-0.2999999999999998,-0.19999999999999973,-0.24999999999999978,-4.0,-3.9,-3.95,0,0,0,,1
38,0,-0.19999999999999973,-0.09999999999999964,-0.1499999999999997,-4.0,-3.9,-3.95,0,0,0,,1
39,0,-0.09999999999999964,0.0,-0.04999999999999982,-4.0,-3.9,-3.95,0,0,0,,1
40,0,0.0,0.10000000000000053,0.050000000000000266,-4.0,-3.9,-3.95,0,0,0,,1
41,0,0.10000000000000053,0.20000000000000018,0.15000000000000036,-4.0,-3.9,-3.95,0,0,0,,1
42,0,0.20000000000000018,0.2999999999999998,0.25,-4.0,-3.9,-3.95,0,0,0,,1
43,0,0.2999999999999998,0.40000000000000036,0.3500000000000001,-4.0,-3.9,-3.95,0,0,0,,1
44,0,0.40000000000000036,0.5,0.4500000000000002,-4.0,-3.9,-3.95,0,0,0,,1
45,0,0.5,0.6000000000000005,0.5500000000000003,-4.0,-3.9,-3.95,0,0,0,,1
46,0,0.6000000000000005,0.7000000000000002,0.6500000000000004,-4.0,-3.9,-3.95,0,0,0,,1
47,0,0.7000000000000002,0.8000000000000007,0.7500000000000004,-4.0,-3.9,-3.95,0,0,0,,1
48,0,0.8000000000000007,0.9000000000000004,0.8500000000000005,-4.0,-3.9,-3.95,0,0,0,,1
49,0,0.9000000000000004,1.0,0.9500000000000002,-4.0,-3.9,-3.95,0,0,0,,1
50,0,1.0,1.1000000000000005,1.0500000000000003,-4.0,-3.9,-3.95,0,0,0,,1
51,0,1.1000000000000005,1.2000000000000002,1.1500000000000004,-4.0,-3.9,-3.95,0,0,0,,1
52,0,1.2000000000000002,1.3000000000000007,1.2500000000000004,-4.0,-3.9,-3.95,0,0,0,,1
53,0,1.3000000000000007,1.4000000000000004,1.3500000000000005,-4.0,-3.9,-3.95,0,0,0,,1
54,0,1.4000000000000004,1.5,1.4500000000000002,-4.0,-3.9,-3.95,0,0,0,,1
55,0,1.5,1.6000000000000005,1.5500000000000003,-4.0,-3.9,-3.95,0,0,0,,1
56,0,1.6000000000000005,1.7000000000000002,1.6500000000000004,-4.0,-3.9,-3.95,0,0,0,,1
57,0,1.7000000000000002,1.8000000000000007,1.7500000000000004,-4.0,-3.9,-3.95,0,0,0,,1
58,0,1.8000000000000007,1.9000000000000004,1.8500000000000005,-4.0,-3.9,-3.95,0,0,0,,1
59,0,1.9000000000000004,2.0,1.9500000000000002,-4.0,-3.9,-3.95,0,0,0,,1
60,0,2.0,2.1000000000000005,2.0500000000000003,-4.0,-3.9,-3.95,0,0,0,,1
61,0,2.1000000000000005,2.2,2.1500000000000004,-4.0,-3.9,-3.95,0,0,0,,1
62,0,2.2,2.3000000000000007,2.2500000000000004,-4.0,-3.9,-3.95,0,0,0,,1
63,0,2.3000000000000007,2.4000000000000004,2.3500000000000005,-4.0,-3.9,-3.95,0,0,0,,1
64,0,2.4000000000000004,2.5,2.45,-4.0,-3.9,-3.95,0,0,0,,1
65,0,2.5,2.6000000000000005,2.5500000000000003,-4.0,-3.9,-3.95,0,0,0,,1
66,0,2.6000000000000005,2.7,2.6500000000000004,-4.0,-3.9,-3.95,0,0,0,,1
67,0,2.7,2.8000000000000007,2.7500000000000004,-4.0,-3.9,-3.95,0,0,0,,1
68,0,2.8000000000000007,2.9000000000000004,2.8500000000000005,-4.0,-3.9,-3.95,0,0,0,,1
69,0,2.9000000000000004,3.0,2.95,-4.0,-3.9,-3.95,0,0,0,,1
70,0,3.0,3.1000000000000005,3.0500000000000003,-4.0,-3.9,-3.95,0,0,0,,1
71,0,3.1000000000000005,3.2,3.1500000000000004,-4.0,-3.9,-3.95,0,0,0,,1
72,0,3.2,3.3000000000000007,3.2500000000000004,-4.0,-3.9,-3.95,0,0,0,,1
73,0,3.3000000000000007,3.4000000000000004,3.3500000000000005,-4.0,-3.9,-3.95,0,0,0,,1
74,0,3.4000000000000004,3.5,3.45,-4.0,-3.9,-3.95,0,0,0,,1
75,0,3.5,3.6000000000000005,3.5500000000000003,-4.0,-3.9,-3.95,0,0,0,,1
76,0,3.6000000000000005,3.7,3.6500000000000004,-4.0,-3.9,-3.95,0,0,0,,1
77,0,3.7,3.8000000000000007,3.7500000000000004,-4.0,-3.9,-3.95,0,0,0,,1
78,0,3.8000000000000007,3.9000000000000004,3.8500000000000005,-4.0,-3.9,-3.95,0,0,0,,1
79,0,3.9000000000000004,4.0,3.95,-4.0,-3.9,-3.95,0,0,0,,1
0,1,-4.0,-3.9,-3.95,-3.9,-3.8,-3.8499999999999996,0,0,0,,1
1,1,-3.9,-3.8,-3.8499999999999996,-3.9,-3.8,-3.8499999999999996,0,0,0,,1
2,1,-3.8,-3.7,-3.75,-3.9,-3.8,-3.8499999999999996,0,0,0,,1
3,1,-3.7,-3.6,-3.6500000000000004,-3.9,-3.8,-3.8499999999999996,0,0,0,,1
4,1,-3.6,-3.5,-3.55,-3.9,-3.8,-3.8499999999999996,0,0,0,,1
5,1,-3.5,-3.4,-3.45,-3.9,-3.8,-3.8499999999999996,0,0,0,,1
6,1,-3.4,-3.3,-3.3499999999999996,-3.9,-3.8,-3.8499999999999996,0,0,0,,1
7,1,-3.3,-3.2,-3.25,-3.9,-3.8,-3.8499999999999996,0,0,0,,1
8,1,-3.2,-3.1,-3.1500000000000004,-3.9,-3.8,-3.8499999999999996,0,0,0,,1
9,1,-3.1,-3.0,-3.05,-3.9,-3.8,-3.8499999999999996,0,0,0,,1
10,1,-3.0,-2.9,-2.95,-3.9,-3.8,-3.8499999999999996,0,0,0,,1
11,1,-2.9,-2.8,-2.8499999999999996,-3.9,-3.8,-3.8499999999999996,0,0,0,,1
12,1,-2.8,-2.7,-2.75,-3.9,-3.8,-3.8499999999999996,0,0,0,,1
13,1,-2.7,-2.5999999999999996,-2.65,-3.9,-3.8,-3.8499999999999996,0,0,0,,1
14,1,-2.5999999999999996,-2.5,-2.55,-3.9,-3.8,-3.8499999999999996,0,0,0,,1
15,1,-2.5,-2.4,-2.45,-3.9,-3.8,-3.8499999999999996,0,0,0,,1
16,1,-2.4,-2.3,-2.3499999999999996,-3.9,-3.8,-3.8499999999999996,0,0,0,,1
17,1,-2.3,-2.2,-2.25,-3.9,-3.8,-3.8499999999999996,0,0,0,,1
18,1,-2.2,-2.0999999999999996,-2.15,-3.9,-3.8,-3.8499999999999996,0,0,0,,1
19,1,-2.0999999999999996,-2.0,-2.05,-3.9,-3.8,-3.8499999999999996,0,0,0,,1
20,1,-2.0,-1.9,-1.95,-3.9,-3.8,-3.8499999999999996,0,0,0,,1
21,1,-1.9,-1.7999999999999998,-1.8499999999999999,-3.9,-3.8,-3.8499999999999996,0,0,0,,1
22,1,-1.7999999999999998,-1.6999999999999997,-1.7499999999999998,-3.9,-3.8,-3.8499999999999996,0,0,0,,1
23,1,-1.6999999999999997,-1.5999999999999996,-1.6499999999999997,-3.9,-3.8,-3.8499999999999996,0,0,0,,1
24,1,-1.5999999999999996,-1.5,-1.5499999999999998,-3.9,-3.8,-3.8499999999999996,0,0,0,,1
25,1,-1.5,-1.4,-1.45,-3.9,-3.8,-3.8499999999999996,0,0,0,,1
26,1,-1.4,-1.2999999999999998,-1.3499999999999999,-3.9,-3.8,-3.8499999999999996,0,0,0,,1
27,1,-1.2999999999999998,-1.1999999999999997,-1.2499999999999998,-3.9,-3.8,-3.8499999999999996,0,0,0,,1
28,1,-1.1999999999999997,-1.0999999999999996,-1.1499999999999997,-3.9,-3.8,-3.8499999999999996,0,0,0,,1
29,1,-1.0999999999999996,-1.0,-1.0499999999999998,-3.9,-3.8,-3.8499999999999996,0,0,0,,1
30,1,-1.0,-0.8999999999999999,-0.95,-3.9,-3.8,-3.8499999999999996,0,0,0,,1
31,1,-0.8999999999999999,-0.7999999999999998,-0.8499999999999999,-3.9,-3.8,-3.8499999999999996,0,0,0,,1
32,1,-0.7999999999999998,-0.6999999999999997,-0.7499999999999998,-3.9,-3.8,-3.8499999999999996,0,0,0,,1
33,1,-0.6999999999999997,-0.5999999999999996,-0.6499999999999997,-3.9,-3.8,-3.8499999999999996,0,0,0,,1
34,1,-0.5999999999999996,-0.5,-0.5499999999999998,-3.9,-3.8,-3.8499999999999996,0,0,0,,1
35,1,-0.5,-0.3999999999999999,-0.44999999999999996,-3.9,-3.8,-3.8499999999999996,0,0,0,,1
36,1,-0.3999999999999999,-0.2999999999999998,-0.34999999999999987,-3.9,-3.8,-3.8499999999999996,0,0,0,,1
37,1,-0.2999999999999998,-0.19999999999999973,-0.24999999999999978,-3.9,-3.8,-3.8499999999999996,0,0,0,,1
38,1,-0.19999999999999973,-0.09999999999999964,-0.1499999999999997,-3.9,-3.8,-3.8499999999999996,0,0,0,,1
39,1,-0.09999999999999964,0.0,-0.04999999999999982,-3.9,-3.8,-3.8499999999999996,0,0,0,,1
40,1,0.0,0.10000000000000053,0.050000000000000266,-3.9,-3.8,-3.8499999999999996,0,0,0,,1
41,1,0.10000000000000053,0.20000000000000018,0.15000000000000036,-3.9,-3.8,-3.8499999999999996,0,0,0,,1
42,1,0.20000000000000018,0.2999999999999998,0.25,-3.9,-3.8,-3.8499999999999996,0,0,0,,1
43,1,0.2999999999999998,0.40000000000000036,0.3500000000000001,-3.9,-3.8,-3.8499999999999996,0,0,0,,1
44,1,0.40000000000000036,0.5,0.4500000000000002,-3.9,-3.8,-3.8499999999999996,0,0,0,,1
45,1,0.5,0.6000000000000005,0.5500000000000003,-3.9,-3.8,-3.8499999999999996,0,0,0,,1
46,1,0.6000000000000005,0.7000000000000002,0.6500000000000004,-3.9,-3.8,-3.8499999999999996,0,0,0,,1
47,1,0.7000000000000002,0.8000000000000007,0.7500000000000004,-3.9,-3.8,-3.8499999999999996,0,0,0,,1
48,1,0.8000000000000007,0.9000000000000004,0.8500000000000005,-3.9,-3.8,-3.8499999999999996,0,0,0,,1
49,1,0.9000000000000004,1.0,0.9500000000000002,-3.9,-3.8,-3.8499999999999996,0,0,0,,1
50,1,1.0,1.1000000000000005,1.0500000000000003,-3.9,-3.8,-3.8499999999999996,0,0,0,,1
51,1,1.1000000000000005,1.2000000000000002,1.1500000000000004,-3.9,-3.8,-3.8499999999999996,0,0,0,,1
52,1,1.2000000000000002,1.3000000000000007,1.2500000000000004,-3.9,-3.8,-3.8499999999999996,0,0,0,,1
53,1,1.3000000000000007,1.4000000000000004,1.3500000000000005,-3.9,-3.8,-3.8499999999999996,0,0,0,,1
54,1,1.4000000000000004,1.5,1.4500000000000002,-3.9,-3.8,-3.8499999999999996,0,0,0,,1
55,1,1.5,1.6000000000000005,1.5500000000000003,-3.9,-3.8,-3.8499999999999996,0,0,0,,1
56,1,1.6000000000000005,1.7000000000000002,1.6500000000000004,-3.9,-3.8,-3.8499999999999996,0,0,0,,1
57,1,1.7000000000000002,1.8000000000000007,1.7500000000000004,-3.9,-3.8,-3.8499999999999996,0,0,0,,1
58,1,1.8000000000000007,1.9000000000000004,1.8500000000000005,-3.9,-3.8,-3.8499999999999996,0,0,0,,1
59,1,1.9000000000000004,2.0,1.9500000000000002,-3.9,-3.8,-3.8499999999999996,0,0,0,,1
60,1,2.0,2.1000000000000005,2.0500000000000003,-3.9,-3.8,-3.8499999999999996,0,0,0,,1
61,1,2.1000000000000005,2.2,2.1500000000000004,-3.9,-3.8,-3.8499999999999996,0,0,0,,1
62,1,2.2,2.3000000000000007,2.2500000000000004,-3.9,-3.8,-3.8499999999999996,0,0,0,,1
63,1,2.3000000000000007,2.4000000000000004,2.3500000000000005,-3.9,-3.8,-3.8499999999999996,0,0,0,,1
64,1,2.4000000000000004,2.5,2.45,-3.9,-3.8,-3.8499999999999996,0,0,0,,1
65,1,2.5,2.6000000000000005,2.5500000000000003,-3.9,-3.8,-3.8499999999999996,0,0,0,,1
66,1,2.6000000000000005,2.7,2.6500000000000004,-3.9,-3.8,-3.8499999999999996,0,0,0,,1
67,1,2.7,2.8000000000000007,2.7500000000000004,-3.9,-3.8,-3.8499999999999996,0,0,0,,1
68,1,2.8000000000000007,2.9000000000000004,2.8500000000000005,-3.9,-3.8,-3.8499999999999996,0,0,0,,1
69,1,2.9000000000000004,3.0,2.95,-3.9,-3.8,-3.8499999999999996,0,0,0,,1
70,1,3.0,3.1000000000000005,3.0500000000000003,-3.9,-3.8,-3.8499999999999996,0,0,0,,1
71,1,3.1000000000000005,3.2,3.1500000000000004,-3.9,-3.8,-3.8499999999999996,0,0,0,,1
72,1,3.2,3.3000000000000007,3.2500000000000004,-3.9,-3.8,-3.8499999999999996,0,0,0,,1
73,1,3.3000000000000007,3.4000000000000004,3.3500000000000005,-3.9,-3.8,-3.8499999999999996,0,0,0,,1
74,1,3.4000000000000004,3.5,3.45,-3.9,-3.8,-3.8499999999999996,0,0,0,,1
75,1,3.5,3.6000000000000005,3.5500000000000003,-3.9,-3.8,-3.8499999999999996,0,0,0,,1
76,1,3.6000000000000005,3.7,3.6500000000000004,-3.9,-3.8,-3.8499999999999996,0,0,0,,1
77,1,3.7,3.8000000000000007,3.7500000000000004,-3.9,-3.8,-3.8499999999999996,0,0,0,,1
78,1,3.8000000000000007,3.9000000000000004,3.8500000000000005,-3.9,-3.8,-3.8499999999999996,0,0,0,,1
79,1,3.9000000000000004,4.0,3.95,-3.9,-3.8,-3.8499999999999996,0,0,0,,1
0,2,-4.0,-3.9,-3.95,-3.8,-3.7,-3.75,0,0,0,,1
1,2,-3.9,-3.8,-3.8499999999999996,-3.8,-3.7,-3.75,0,0,0,,1
2,2,-3.8,-3.7,-3.75,-3.8,-3.7,-3.75,0,0,0,,1
3,2,-3.7,-3.6,-3.6500000000000004,-3.8,-3.7,-3.75,0,0,0,,1
4,2,-3.6,-3.5,-3.55,-3.8,-3.7,-3.75,0,0,0,,1
5,2,-3.5,-3.4,-3.45,-3.8,-3.7,-3.75,0,0,0,,1
6,2,-3.4,-3.3,-3.3499999999999996,-3.8,-3.7,-3.75,0,0,0,,1
7,2,-3.3,-3.2,-3.25,-3.8,-3.7,-3.75,0,0,0,,1
8,2,-3.2,-3.1,-3.1500000000000004,-3.8,-3.7,-3.75,0,0,0,,1
9,2,-3.1,-3.0,-3.05,-3.8,-3.7,-3.75,0,0,0,,1
10,2,-3.0,-2.9,-2.95,-3.8,-3.7,-3.75,0,0,0,,1
11,2,-2.9,-2.8,-2.8499999999999996,-3.8,-3.7,-3.75,0,0,0,,1
12,2,-2.8,-2.7,-2.75,-3.8,-3.7,-3.75,0,0,0,,1
13,2,-2.7,-2.5999999999999996,-2.65,-3.8,-3.7,-3.75,0,0,0,,1
14,2,-2.5999999999999996,-2.5,-2.55,-3.8,-3.7,-3.75,0,0,0,,1
15,2,-2.5,-2.4,-2.45,-3.8,-3.7,-3.75,0,0,0,,1
16,2,-2.4,-2.3,-2.3499999999999996,-3.8,-3.7,-3.75,0,0,0,,1
17,2,-2.3,-2.2,-2.25,-3.8,-3.7,-3.75,0,0,0,,1
18,2,-2.2,-2.0999999999999996,-2.15,-3.8,-3.7,-3.75,0,0,0,,1
19,2,-2.0999999999999996,-2.0,-2.05,-3.8,-3.7,-3.75,0,0,0,,1
20,2,-2.0,-1.9,-1.95,-3.8,-3.7,-3.75,0,0,0,,1
21,2,-1.9,-1.7999999999999998,-1.8499999999999999,-3.8,-3.7,-3.75,0,0,0,,1
22,2,-1.7999999999999998,-1.6999999999999997,-1.7499999999999998,-3.8,-3.7,-3.75,0,0,0,,1
23,2,-1.6999999999999997,-1.5999999999999996,-1.6499999999999997,-3.8,-3.7,-3.75,0,0,0,,1
24,2,-1.5999999999999996,-1.5,-1.5499999999999998,-3.8,-3.7,-3.75,0,0,0,,1
25,2,-1.5,-1.4,-1.45,-3.8,-3.7,-3.75,0,0,0,,1
26,2,-1.4,-1.2999999999999998,-1.3499999999999999,-3.8,-3.7,-3.75,0,0,0,,1
27,2,-1.2999999999999998,-1.1999999999999997,-1.2499999999999998,-3.8,-3.7,-3.75,0,0,0,,1
28,2,-1.1999999999999997,-1.0999999999999996,-1.1499999999999997,-3.8,-3.7,-3.75,0,0,0,,1
29,2,-1.0999999999999996,-1.0,-1.0499999999999998,-3.8,-3.7,-3.75,0,0,0,,1
30,2,-1.0,-0.8999999999999999,-0.95,-3.8,-3.7,-3.75,0,0,0,,1
31,2,-0.8999999999999999,-0.7999999999999998,-0.8499999999999999,-3.8,-3.7,-3.75,0,0,0,,1
32,2,-0.7999999999999998,-0.6999999999999997,-0.7499999999999998,-3.8,-3.7,-3.75,0,0,0,,1
33,2,-0.6999999999999997,-0.5999999999999996,-0.6499999999999997,-3.8,-3.7,-3.75,0,0,0,,1
34,2,-0.5999999999999996,-0.5,-0.5499999999999998,-3.8,-3.7,-3.75,0,0,0,,1
35,2,-0.5,-0.3999999999999999,-0.44999999999999996,-3.8,-3.7,-3.75,0,0,0,,1
36,2,-0.3999999999999999,-0.2999999999999998,-0.34999999999999987,-3.8,-3.7,-3.75,0,0,0,,1
37,2,-0.2999999999999998,-0.19999999999999973,-0.24999999999999978,-3.8,-3.7,-3.75,0,0,0,,1
38,2,-0.19999999999999973,-0.09999999999999964,-0.1499999999999997,-3.8,-3.7,-3.75,0,0,0,,1
39,2,-0.09999999999999964,0.0,-0.04999999999999982,-3.8,-3.7,-3.75,0,0,0,,1
40,2,0.0,0.10000000000000053,0.050000000000000266,-3.8,-3.7,-3.75,0,0,0,,1
41,2,0.10000000000000053,0.20000000000000018,0.15000000000000036,-3.8,-3.7,-3.75,0,0,0,,1
42,2,0.20000000000000018,0.2999999999999998,0.25,-3.8,-3.7,-3.75,0,0,0,,1
43,2,0.2999999999999998,0.40000000000000036,0.3500000000000001,-3.8,-3.7,-3.75,0,0,0,,1
44,2,0.40000000000000036,0.5,0.4500000000000002,-3.8,-3.7,-3.75,0,0,0,,1
45,2,0.5,0.6000000000000005,0.5500000000000003,-3.8,-3.7,-3.75,0,0,0,,1
46,2,0.6000000000000005,0.7000000000000002,0.6500000000000004,-3.8,-3.7,-3.75,0,0,0,,1
47,2,0.7000000000000002,0.8000000000000007,0.7500000000000004,-3.8,-3.7,-3.75,0,0,0,,1
48,2,0.8000000000000007,0.9000000000000004,0.8500000000000005,-3.8,-3.7,-3.75,0,0,0,,1
49,2,0.9000000000000004,1.0,0.9500000000000002,-3.8,-3.7,-3.75,0,0,0,,1
50,2,1.0,1.1000000000000005,1.0500000000000003,-3.8,-3.7,-3.75,0,0,0,,1
51,2,1.1000000000000005,1.2000000000000002,1.1500000000000004,-3.8,-3.7,-3.75,0,0,0,,1
52,2,1.2000000000000002,1.3000000000000007,1.2500000000000004,-3.8,-3.7,-3.75,0,0,0,,1
53,2,1.3000000000000007,1.4000000000000004,1.3500000000000005,-3.8,-3.7,-3.75,0,0,0,,1
54,2,1.4000000000000004,1.5,1.4500000000000002,-3.8,-3.7,-3.75,0,0,0,,1
55,2,1.5,1.6000000000000005,1.5500000000000003,-3.8,-3.7,-3.75,0,0,0,,1
56,2,1.6000000000000005,1.7000000000000002,1.6500000000000004,-3.8,-3.7,-3.75,0,0,0,,1
57,2,1.7000000000000002,1.8000000000000007,1.7500000000000004,-3.8,-3.7,-3.75,0,0,0,,1
58,2,1.8000000000000007,1.9000000000000004,1.8500000000000005,-3.8,-3.7,-3.75,0,0,0,,1
59,2,1.9000000000000004,2.0,1.9500000000000002,-3.8,-3.7,-3.75,0,0,0,,1
60,2,2.0,2.1000000000000005,2.0500000000000003,-3.8,-3.7,-3.75,0,0,0,,1
61,2,2.1000000000000005,2.2,2.1500000000000004,-3.8,-3.7,-3.75,0,0,0,,1
62,2,2.2,2.3000000000000007,2.2500000000000004,-3.8,-3.7,-3.75,0,0,0,,1
63,2,2.3000000000000007,2.4000000000000004,2.3500000000000005,-3.8,-3.7,-3.75,0,0,0,,1
64,2,2.4000000000000004,2.5,2.45,-3.8,-3.7,-3.75,0,0,0,,1
65,2,2.5,2.6000000000000005,2.5500000000000003,-3.8,-3.7,-3.75,0,0,0,,1
66,2,2.6000000000000005,2.7,2.6500000000000004,-3.8,-3.7,-3.75,0,0,0,,1
67,2,2.7,2.8000000000000007,2.7500000000000004,-3.8,-3.7,-3.75,0,0,0,,1
68,2,2.8000000000000007,2.9000000000000004,2.8500000000000005,-3.8,-3.7,-3.75,0,0,0,,1
69,2,2.9000000000000004,3.0,2.95,-3.8,-3.7,-3.75,0,0,0,,1
70,2,3.0,3.1000000000000005,3.0500000000000003,-3.8,-3.7,-3.75,0,0,0,,1
71,2,3.1000000000000005,3.2,3.1500000000000004,-3.8,-3.7,-3.75,0,0,0,,1
72,2,3.2,3.3000000000000007,3.2500000000000004,-3.8,-3.7,-3.75,0,0,0,,1
73,2,3.3000000000000007,3.4000000000000004,3.3500000000000005,-3.8,-3.7,-3.75,0,0,0,,1
74,2,3.4000000000000004,3.5,3.45,-3.8,-3.7,-3.75,0,0,0,,1
75,2,3.5,3.6000000000000005,3.5500000000000003,-3.8,-3.7,-3.75,0,0,0,,1
76,2,3.6000000000000005,3.7,3.6500000000000004,-3.8,-3.7,-3.75,0,0,0,,1
77,2,3.7,3.8000000000000007,3.7500000000000004,-3.8,-3.7,-3.75,0,0,0,,1
78,2,3.8000000000000007,3.9000000000000004,3.8500000000000005,-3.8,-3.7,-3.75,0,0,0,,1
79,2,3.9000000000000004,4.0,3.95,-3.8,-3.7,-3.75,0,0,0,,1
0,3,-4.0,-3.9,-3.95,-3.7,-3.6,-3.6500000000000004,0,0,0,,1
1,3,-3.9,-3.8,-3.8499999999999996,-3.7,-3.6,-3.6500000000000004,0,0,0,,1
2,3,-3.8,-3.7,-3.75,-3.7,-3.6,-3.6500000000000004,0,0,0,,1
3,3,-3.7,-3.6,-3.6500000000000004,-3.7,-3.6,-3.6500000000000004,0,0,0,,1
4,3,-3.6,-3.5,-3.55,-3.7,-3.6,-3.6500000000000004,0,0,0,,1
5,3,-3.5,-3.4,-3.45,-3.7,-3.6,-3.6500000000000004,0,0,0,,1
6,3,-3.4,-3.3,-3.3499999999999996,-3.7,-3.6,-3.6500000000000004,0,0,0,,1
7,3,-3.3,-3.2,-3.25,-3.7,-3.6,-3.6500000000000004,0,0,0,,1
8,3,-3.2,-3.1,-3.1500000000000004,-3.7,-3.6,-3.6500000000000004,0,0,0,,1
9,3,-3.1,-3.0,-3.05,-3.7,-3.6,-3.6500000000000004,0,0,0,,1
10,3,-3.0,-2.9,-2.95,-3.7,-3.6,-3.6500000000000004,0,0,0,,1
11,3,-2.9,-2.8,-2.8499999999999996,-3.7,-3.6,-3.6500000000000004,0,0,0,,1
12,3,-2.8,-2.7,-2.75,-3.7,-3.6,-3.6500000000000004,0,0,0,,1
13,3,-2.7,-2.5999999999999996,-2.65,-3.7,-3.6,-3.6500000000000004,0,0,0,,1
14,3,-2.5999999999999996,-2.5,-2.55,-3.7,-3.6,-3.6500000000000004,0,0,0,,1
15,3,-2.5,-2.4,-2.45,-3.7,-3.6,-3.6500000000000004,0,0,0,,1
16,3,-2.4,-2.3,-2.3499999999999996,-3.7,-3.6,-3.6500000000000004,0,0,0,,1
17,3,-2.3,-2.2,-2.25,-3.7,-3.6,-3.6500000000000004,0,0,0,,1
18,3,-2.2,-2.0999999999999996,-2.15,-3.7,-3.6,-3.6500000000000004,0,0,0,,1
19,3,-2.0999999999999996,-2.0,-2.05,-3.7,-3.6,-3.6500000000000004,0,0,0,,1
20,3,-2.0,-1.9,-1.95,-3.7,-3.6,-3.6500000000000004,0,0,0,,1
21,3,-1.9,-1.7999999999999998,-1.8499999999999999,-3.7,-3.6,-3.6500000000000004,0,0,0,,1
22,3,-1.7999999999999998,-1.6999999999999997,-1.7499999999999998,-3.7,-3.6,-3.6500000000000004,0,0,0,,1
23,3,-1.6999999999999997,-1.5999999999999996,-1.6499999999999997,-3.7,-3.6,-3.6500000000000004,0,0,0,,1
24,3,-1.5999999999999996,-1.5,-1.5499999999999998,-3.7,-3.6,-3.6500000000000004,0,0,0,,1
25,3,-1.5,-1.4,-1.45,-3.7,-3.6,-3.6500000000000004,0,0,0,,1
26,3,-1.4,-1.2999999999999998,-1.3499999999999999,-3.7,-3.6,-3.6500000000000004,0,0,0,,1
27,3,-1.2999999999999998,-1.1999999999999997,-1.2499999999999998,-3.7,-3.6,-3.6500000000000004,0,0,0,,1
28,3,-1.1999999999999997,-1.0999999999999996,-1.1499999999999997,-3.7,-3.6,-3.6500000000000004,0,0,0,,1
29,3,-1.0999999999999996,-1.0,-1.0499999999999998,-3.7,-3.6,-3.6500000000000004,0,0,0,,1
30,3,-1.0,-0.8999999999999999,-0.95,-3.7,-3.6,-3.6500000000000004,0,0,0,,1
31,3,-0.8999999999999999,-0.7999999999999998,-0.8499999999999999,-3.7,-3.6,-3.6500000000000004,0,0,0,,1
32,3,-0.7999999999999998,-0.6999999999999997,-0.7499999999999998,-3.7,-3.6,-3.6500000000000004,0,0,0,,1
33,3,-0.6999999999999997,-0.5999999999999996,-0.6499999999999997,-3.7,-3.6,-3.6500000000000004,0,0,0,,1
34,3,-0.5999999999999996,-0.5,-0.5499999999999998,-3.7,-3.6,-3.6500000000000004,0,0,0,,1
35,3,-0.5,-0.3999999999999999,-0.44999999999999996,-3.7,-3.6,-3.6500000000000004,0,0,0,,1
36,3,-0.3999999999999999,-0.2999999999999998,-0.34999999999999987,-3.7,-3.6,-3.6500000000000004,0,0,0,,1
37,3,-0.2999999999999998,-0.19999999999999973,-0.24999999999999978,-3.7,-3.6,-3.6500000000000004,0,0,0,,1
38,3,-0.19999999999999973,-0.09999999999999964,-0.1499999999999997,-3.7,-3.6,-3.6500000000000004,0,0,0,,1
39,3,-0.09999999999999964,0.0,-0.04999999999999982,-3.7,-3.6,-3.6500000000000004,0,0,0,,1
40,3,0.0,0.10000000000000053,0.050000000000000266,-3.7,-3.6,-3.6500000000000004,0,0,0,,1
41,3,0.10000000000000053,0.20000000000000018,0.15000000000000036,-3.7,-3.6,-3.6500000000000004,0,0,0,,1
42,3,0.20000000000000018,0.2999999999999998,0.25,-3.7,-3.6,-3.6500000000000004,0,0,0,,1
43,3,0.2999999999999998,0.40000000000000036,0.3500000000000001,-3.7,-3.6,-3.6500000000000004,0,0,0,,1
44,3,0.40000000000000036,0.5,0.4500000000000002,-3.7,-3.6,-3.6500000000000004,0,0,0,,1
45,3,0.5,0.6000000000000005,0.5500000000000003,-3.7,-3.6,-3.6500000000000004,0,0,0,,1
46,3,0.6000000000000005,0.7000000000000002,0.6500000000000004,-3.7,-3.6,-3.6500000000000004,0,0,0,,1
47,3,0.7000000000000002,0.8000000000000007,0.7500000000000004,-3.7,-3.6,-3.6500000000000004,0,0,0,,1
48,3,0.8000000000000007,0.9000000000000004,0.8500000000000005,-3.7,-3.6,-3.6500000000000004,0,0,0,,1
49,3,0.9000000000000004,1.0,0.9500000000000002,-3.7,-3.6,-3.6500000000000004,0,0,0,,1
50,3,1.0,1.1000000000000005,1.0500000000000003,-3.7,-3.6,-3.6500000000000004,0,0,0,,1
51,3,1.1000000000000005,1.2000000000000002,1.1500000000000004,-3.7,-3.6,-3.6500000000000004,0,0,0,,1
52,3,1.2000000000000002,1.3000000000000007,1.2500000000000004,-3.7,-3.6,-3.6500000000000004,0,0,0,,1
53,3,1.3000000000000007,1.4000000000000004,1.3500000000000005,-3.7,-3.6,-3.6500000000000004,0,0,0,,1
54,3,1.4000000000000004,1.5,1.4500000000000002,-3.7,-3.6,-3.6500000000000004,0,0,0,,1
55,3,1.5,1.6000000000000005,1.5500000000000003,-3.7,-3.6,-3.6500000000000004,0,0,0,,1
56,3,1.6000000000000005,1.7000000000000002,1.6500000000000004,-3.7,-3.6,-3.6500000000000004,0,0,0,,1
57,3,1.7000000000000002,1.8000000000000007,1.7500000000000004,-3.7,-3.6,-3.6500000000000004,0,0,0,,1
58,3,1.8000000000000007,1.9000000000000004,1.8500000000000005,-3.7,-3.6,-3.6500000000000004,0,0,0,,1
59,3,1.9000000000000004,2.0,1.9500000000000002,-3.7,-3.6,-3.6500000000000004,0,0,0,,1
60,3,2.0,2.1000000000000005,2.0500000000000003,-3.7,-3.6,-3.6500000000000004,0,0,0,,1
61,3,2.1000000000000005,2.2,2.1500000000000004,-3.7,-3.6,-3.6500000000000004,0,0,0,,1
62,3,2.2,2.3000000000000007,2.2500000000000004,-3.7,-3.6,-3.6500000000000004,0,0,0,,1
63,3,2.3000000000000007,2.4000000000000004,2.3500000000000005,-3.7,-3.6,-3.6500000000000004,0,0,0,,1
64,3,2.4000000000000004,2.5,2.45,-3.7,-3.6,-3.6500000000000004,0,0,0,,1
65,3,2.5,2.6000000000000005,2.5500000000000003,-3.7,-3.6,-3.6500000000000004,0,0,0,,1
66,3,2.6000000000000005,2.7,2.6500000000000004,-3.7,-3.6,-3.6500000000000004,0,0,0,,1
67,3,2.7,2.8000000000000007,2.7500000000000004,-3.7,-3.6,-3.6500000000000004,0,0,0,,1
68,3,2.8000000000000007,2.9000000000000004,2.8500000000000005,-3.7,-3.6,-3.6500000000000004,0,0,0,,1
69,3,2.9000000000000004,3.0,2.95,-3.7,-3.6,-3.6500000000000004,0,0,0,,1
70,3,3.0,3.1000000000000005,3.0500000000000003,-3.7,-3.6,-3.6500000000000004,0,0,0,,1
71,3,3.1000000000000005,3.2,3.1500000000000004,-3.7,-3.6,-3.6500000000000004,0,0,0,,1
72,3,3.2,3.3000000000000007,3.2500000000000004,-3.7,-3.6,-3.6500000000000004,0,0,0,,1
73,3,3.3000000000000007,3.4000000000000004,3.3500000000000005,-3.7,-3.6,-3.6500000000000004,0,0,0,,1
74,3,3.4000000000000004,3.5,3.45,-3.7,-3.6,-3.6500000000000004,0,0,0,,1
75,3,3.5,3.6000000000000005,3.5500000000000003,-3.7,-3.6,-3.6500000000000004,0,0,0,,1
76,3,3.6000000000000005,3.7,3.6500000000000004,-3.7,-3.6,-3.6500000000000004,0,0,0,,1
77,3,3.7,3.8000000000000007,3.7500000000000004,-3.7,-3.6,-3.6500000000000004,0,0,0,,1
78,3,3.8000000000000007,3.9000000000000004,3.8500000000000005,-3.7,-3.6,-3.6500000000000004,0,0,0,,1
79,3,3.9000000000000004,4.0,3.95,-3.7,-3.6,-3.6500000000000004,0,0,0,,1
0,4,-4.0,-3.9,-3.95,-3.6,-3.5,-3.55,0,0,0,,1
1,4,-3.9,-3.8,-3.8499999999999996,-3.6,-3.5,-3.55,0,0,0,,1
2,4,-3.8,-3.7,-3.75,-3.6,-3.5,-3.55,0,0,0,,1
3,4,-3.7,-3.6,-3.6500000000000004,-3.6,-3.5,-3.55,0,0,0,,1
4,4,-3.6,-3.5,-3.55,-3.6,-3.5,-3.55,0,0,0,,1
5,4,-3.5,-3.4,-3.45,-3.6,-3.5,-3.55,0,0,0,,1
6,4,-3.4,-3.3,-3.3499999999999996,-3.6,-3.5,-3.55,0,0,0,,1
7,4,-3.3,-3.2,-3.25,-3.6,-3.5,-3.55,0,0,0,,1
8,4,-3.2,-3.1,-3.1500000000000004,-3.6,-3.5,-3.55,0,0,0,,1
9,4,-3.1,-3.0,-3.05,-3.6,-3.5,-3.55,0,0,0,,1
10,4,-3.0,-2.9,-2.95,-3.6,-3.5,-3.55,0,0,0,,1
11,4,-2.9,-2.8,-2.8499999999999996,-3.6,-3.5,-3.55,0,0,0,,1
12,4,-2.8,-2.7,-2.75,-3.6,-3.5,-3.55,0,0,0,,1
13,4,-2.7,-2.5999999999999996,-2.65,-3.6,-3.5,-3.55,0,0,0,,1
14,4,-2.5999999999999996,-2.5,-2.55,-3.6,-3.5,-3.55,0,0,0,,1
15,4,-2.5,-2.4,-2.45,-3.6,-3.5,-3.55,0,0,0,,1
16,4,-2.4,-2.3,-2.3499999999999996,-3.6,-3.5,-3.55,0,0,0,,1
17,4,-2.3,-2.2,-2.25,-3.6,-3.5,-3.55,0,0,0,,1
18,4,-2.2,-2.0999999999999996,-2.15,-3.6,-3.5,-3.55,0,0,0,,1
19,4,-2.0999999999999996,-2.0,-2.05,-3.6,-3.5,-3.55,0,0,0,,1
20,4,-2.0,-1.9,-1.95,-3.6,-3.5,-3.55,0,0,0,,1
21,4,-1.9,-1.7999999999999998,-1.8499999999999999,-3.6,-3.5,-3.55,0,0,0,,1
22,4,-1.7999999999999998,-1.6999999999999997,-1.7499999999999998,-3.6,-3.5,-3.55,0,0,0,,1
23,4,-1.6999999999999997,-1.5999999999999996,-1.6499999999999997,-3.6,-3.5,-3.55,0,0,0,,1
24,4,-1.5999999999999996,-1.5,-1.5499999999999998,-3.6,-3.5,-3.55,0,0,0,,1
25,4,-1.5,-1.4,-1.45,-3.6,-3.5,-3.55,0,0,0,,1
26,4,-1.4,-1.2999999999999998,-1.3499999999999999,-3.6,-3.5,-3.55,0,0,0,,1
27,4,-1.2999999999999998,-1.1999999999999997,-1.2499999999999998,-3.6,-3.5,-3.55,0,0,0,,1
28,4,-1.1999999999999997,-1.0999999999999996,-1.1499999999999997,-3.6,-3.5,-3.55,0,0,0,,1
29,4,-1.0999999999999996,-1.0,-1.0499999999999998,-3.6,-3.5,-3.55,0,0,0,,1
30,4,-1.0,-0.8999999999999999,-0.95,-3.6,-3.5,-3.55,0,0,0,,1
31,4,-0.8999999999999999,-0.7999999999999998,-0.8499999999999999,-3.6,-3.5,-3.55,0,0,0,,1
32,4,-0.7999999999999998,-0.6999999999999997,-0.7499999999999998,-3.6,-3.5,-3.55,0,0,0,,1
33,4,-0.6999999999999997,-0.5999999999999996,-0.6499999999999997,-3.6,-3.5,-3.55,0,0,0,,1
34,4,-0.5999999999999996,-0.5,-0.5499999999999998,-3.6,-3.5,-3.55,0,0,0,,1
35,4,-0.5,-0.3999999999999999,-0.44999999999999996,-3.6,-3.5,-3.55,0,0,0,,1
36,4,-0.3999999999999999,-0.2999999999999998,-0.34999999999999987,-3.6,-3.5,-3.55,0,0,0,,1
37,4,-0.2999999999999998,-0.19999999999999973,-0.24999999999999978,-3.6,-3.5,-3.55,0,0,0,,1
38,4,-0.19999999999999973,-0.09999999999999964,-0.1499999999999997,-3.6,-3.5,-3.55,0,0,0,,1
39,4,-0.09999999999999964,0.0,-0.04999999999999982,-3.6,-3.5,-3.55,0,0,0,,1
40,4,0.0,0.10000000000000053,0.050000000000000266,-3.6,-3.5,-3.55,0,0,0,,1
41,4,0.10000000000000053,0.20000000000000018,0.15000000000000036,-3.6,-3.5,-3.55,0,0,0,,1
42,4,0.20000000000000018,0.2999999999999998,0.25,-3.6,-3.5,-3.55,0,0,0,,1
43,4,0.2999999999999998,0.40000000000000036,0.3500000000000001,-3.6,-3.5,-3.55,0,0,0,,1
44,4,0.40000000000000036,0.5,0.4500000000000002,-3.6,-3.5,-3.55,0,0,0,,1
45,4,0.5,0.6000000000000005,0.5500000000000003,-3.6,-3.5,-3.55,0,0,0,,1
46,4,0.6000000000000005,0.7000000000000002,0.6500000000000004,-3.6,-3.5,-3.55,0,0,0,,1
47,4,0.7000000000000002,0.8000000000000007,0.7500000000000004,-3.6,-3.5,-3.55,0,0,0,,1
48,4,0.8000000000000007,0.9000000000000004,0.8500000000000005,-3.6,-3.5,-3.55,0,0,0,,1
49,4,0.9000000000000004,1.0,0.9500000000000002,-3.6,-3.5,-3.55,0,0,0,,1
50,4,1.0,1.1000000000000005,1.0500000000000003,-3.6,-3.5,-3.55,0,0,0,,1
51,4,1.1000000000000005,1.2000000000000002,1.1500000000000004,-3.6,-3.5,-3.55,0,0,0,,1
52,4,1.2000000000000002,1.3000000000000007,1.2500000000000004,-3.6,-3.5,-3.55,0,0,0,,1
53,4,1.3000000000000007,1.4000000000000004,1.3500000000000005,-3.6,-3.5,-3.55,0,0,0,,1
54,4,1.4000000000000004,1.5,1.4500000000000002,-3.6,-3.5,-3.55,0,0,0,,1
55,4,1.5,1.6000000000000005,1.5500000000000003,-3.6,-3.5,-3.55,0,0,0,,1
56,4,1.6000000000000005,1.7000000000000002,1.6500000000000004,-3.6,-3.5,-3.55,0,0,0,,1
57,4,1.7000000000000002,1.8000000000000007,1.7500000000000004,-3.6,-3.5,-3.55,0,0,0,,1
58,4,1.8000000000000007,1.9000000000000004,1.8500000000000005,-3.6,-3.5,-3.55,0,0,0,,1
59,4,1.9000000000000004,2.0,1.9500000000000002,-3.6,-3.5,-3.55,0,0,0,,1
60,4,2.0,2.1000000000000005,2.0500000000000003,-3.6,-3.5,-3.55,0,0,0,,1
61,4,2.1000000000000005,2.2,2.1500000000000004,-3.6,-3.5,-3.55,0,0,0,,1
62,4,2.2,2.3000000000000007,2.2500000000000004,-3.6,-3.5,-3.55,0,0,0,,1
63,4,2.3000000000000007,2.4000000000000004,2.3500000000000005,-3.6,-3.5,-3.55,0,0,0,,1
64,4,2.4000000000000004,2.5,2.45,-3.6,-3.5,-3.55,0,0,0,,1
65,4,2.5,2.6000000000000005,2.5500000000000003,-3.6,-3.5,-3.55,0,0,0,,1
66,4,2.6000000000000005,2.7,2.6500000000000004,-3.6,-3.5,-3.55,0,0,0,,1
67,4,2.7,2.8000000000000007,2.7500000000000004,-3.6,-3.5,-3.55,0,0,0,,1
68,4,2.8000000000000007,2.9000000000000004,2.8500000000000005,-3.6,-3.5,-3.55,0,0,0,,1
69,4,2.9000000000000004,3.0,2.95,-3.6,-3.5,-3.55,0,0,0,,1
70,4,3.0,3.1000000000000005,3.0500000000000003,-3.6,-3.5,-3.55,0,0,0,,1
71,4,3.1000000000000005,3.2,3.1500000000000004,-3.6,-3.5,-3.55,0,0,0,,1
72,4,3.2,3.3000000000000007,3.2500000000000004,-3.6,-3.5,-3.55,0,0,0,,1
73,4,3.3000000000000007,3.4000000000000004,3.3500000000000005,-3.6,-3.5,-3.55,0,0,0,,1
74,4,3.4000000000000004,3.5,3.45,-3.6,-3.5,-3.55,0,0,0,,1
75,4,3.5,3.6000000000000005,3.5500000000000003,-3.6,-3.5,-3.55,0,0,0,,1
76,4,3.6000000000000005,3.7,3.6500000000000004,-3.6,-3.5,-3.55,0,0,0,,1
77,4,3.7,3.8000000000000007,3.7500000000000004,-3.6,-3.5,-3.55,0,0,0,,1
78,4,3.8000000000000007,3.9000000000000004,3.8500000000000005,-3.6,-3.5,-3.55,0,0,0,,1
79,4,3.9000000000000004,4.0,3.95,-3.6,-3.5,-3.55,0,0,0,,1
0,5,-4.0,-3.9,-3.95,-3.5,-3.4,-3.45,0,0,0,,1
1,5,-3.9,-3.8,-3.8499999999999996,-3.5,-3.4,-3.45,0,0,0,,1
2,5,-3.8,-3.7,-3.75,-3.5,-3.4,-3.45,0,0,0,,1
3,5,-3.7,-3.6,-3.6500000000000004,-3.5,-3.4,-3.45,0,0,0,,1
4,5,-3.6,-3.5,-3.55,-3.5,-3.4,-3.45,0,0,0,,1
5,5,-3.5,-3.4,-3.45,-3.5,-3.4,-3.45,0,0,0,,1
6,5,-3.4,-3.3,-3.3499999999999996,-3.5,-3.4,-3.45,0,0,0,,1
7,5,-3.3,-3.2,-3.25,-3.5,-3.4,-3.45,0,0,0,,1
8,5,-3.2,-3.1,-3.1500000000000004,-3.5,-3.4,-3.45,0,0,0,,1
9,5,-3.1,-3.0,-3.05,-3.5,-3.4,-3.45,0,0,0,,1
10,5,-3.0,-2.9,-2.95,-3.5,-3.4,-3.45,0,0,0,,1
11,5,-2.9,-2.8,-2.8499999999999996,-3.5,-3.4,-3.45,0,0,0,,1
12,5,-2.8,-2.7,-2.75,-3.5,-3.4,-3.45,0,0,0,,1
13,5,-2.7,-2.5999999999999996,-2.65,-3.5,-3.4,-3.45,0,0,0,,1
14,5,-2.5999999999999996,-2.5,-2.55,-3.5,-3.4,-3.45,0,0,0,,1
15,5,-2.5,-2.4,-2.45,-3.5,-3.4,-3.45,0,0,0,,1
16,5,-2.4,-2.3,-2.3499999999999996,-3.5,-3.4,-3.45,0,0,0,,1
17,5,-2.3,-2.2,-2.25,-3.5,-3.4,-3.45,0,0,0,,1
18,5,-2.2,-2.0999999999999996,-2.15,-3.5,-3.4,-3.45,0,0,0,,1
19,5,-2.0999999999999996,-2.0,-2.05,-3.5,-3.4,-3.45,0,0,0,,1
20,5,-2.0,-1.9,-1.95,-3.5,-3.4,-3.45,0,0,0,,1
21,5,-1.9,-1.7999999999999998,-1.8499999999999999,-3.5,-3.4,-3.45,0,0,0,,1
22,5,-1.7999999999999998,-1.6999999999999997,-1.7499999999999998,-3.5,-3.4,-3.45,0,0,0,,1
23,5,-1.6999999999999997,-1.5999999999999996,-1.6499999999999997,-3.5,-3.4,-3.45,0,0,0,,1
24,5,-1.5999999999999996,-1.5,-1.5499999999999998,-3.5,-3.4,-3.45,0,0,0,,1
25,5,-1.5,-1.4,-1.45,-3.5,-3.4,-3.45,0,0,0,,1
26,5,-1.4,-1.2999999999999998,-1.3499999999999999,-3.5,-3.4,-3.45,0,0,0,,1
27,5,-1.2999999999999998,-1.1999999999999997,-1.2499999999999998,-3.5,-3.4,-3.45,0,0,0,,1
28,5,-1.1999999999999997,-1.0999999999999996,-1.1499999999999997,-3.5,-3.4,-3.45,0,0,0,,1
29,5,-1.0999999999999996,-1.0,-1.0499999999999998,-3.5,-3.4,-3.45,0,0,0,,1
30,5,-1.0,-0.8999999999999999,-0.95,-3.5,-3.4,-3.45,0,0,0,,1
31,5,-0.8999999999999999,-0.7999999999999998,-0.8499999999999999,-3.5,-3.4,-3.45,0,0,0,,1
32,5,-0.7999999999999998,-0.6999999999999997,-0.7499999999999998,-3.5,-3.4,-3.45,0,0,0,,1
33,5,-0.6999999999999997,-0.5999999999999996,-0.6499999999999997,-3.5,-3.4,-3.45,0,0,0,,1
34,5,-0.5999999999999996,-0.5,-0.5499999999999998,-3.5,-3.4,-3.45,0,0,0,,1
35,5,-0.5,-0.3999999999999999,-0.44999999999999996,-3.5,-3.4,-3.45,0,0,0,,1
36,5,-0.3999999999999999,-0.2999999999999998,-0.34999999999999987,-3.5,-3.4,-3.45,0,0,0,,1
37,5,-0.2999999999999998,-0.19999999999999973,-0.24999999999999978,-3.5,-3.4,-3.45,0,0,0,,1
38,5,-0.19999999999999973,-0.09999999999999964,-0.1499999999999997,-3.5,-3.4,-3.45,0,0,0,,1
39,5,-0.09999999999999964,0.0,-0.04999999999999982,-3.5,-3.4,-3.45,0,0,0,,1
40,5,0.0,0.10000000000000053,0.050000000000000266,-3.5,-3.4,-3.45,0,0,0,,1
41,5,0.10000000000000053,0.20000000000000018,0.15000000000000036,-3.5,-3.4,-3.45,0,0,0,,1
42,5,0.20000000000000018,0.2999999999999998,0.25,-3.5,-3.4,-3.45,0,0,0,,1
43,5,0.2999999999999998,0.40000000000000036,0.3500000000000001,-3.5,-3.4,-3.45,0,0,0,,1
44,5,0.40000000000000036,0.5,0.4500000000000002,-3.5,-3.4,-3.45,0,0,0,,1
45,5,0.5,0.6000000000000005,0.5500000000000003,-3.5,-3.4,-3.45,0,0,0,,1
46,5,0.6000000000000005,0.7000000000000002,0.6500000000000004,-3.5,-3.4,-3.45,0,0,0,,1
47,5,0.7000000000000002,0.8000000000000007,0.7500000000000004,-3.5,-3.4,-3.45,0,0,0,,1
48,5,0.8000000000000007,0.9000000000000004,0.8500000000000005,-3.5,-3.4,-3.45,0,0,0,,1
49,5,0.9000000000000004,1.0,0.9500000000000002,-3.5,-3.4,-3.45,0,0,0,,1
50,5,1.0,1.1000000000000005,1.0500000000000003,-3.5,-3.4,-3.45,0,0,0,,1
51,5,1.1000000000000005,1.2000000000000002,1.1500000000000004,-3.5,-3.4,-3.45,0,0,0,,1
52,5,1.2000000000000002,1.3000000000000007,1.2500000000000004,-3.5,-3.4,-3.45,0,0,0,,1
53,5,1.3000000000000007,1.4000000000000004,1.3500000000000005,-3.5,-3.4,-3.45,0,0,0,,1
54,5,1.4000000000000004,1.5,1.4500000000000002,-3.5,-3.4,-3.45,0,0,0,,1
55,5,1.5,1.6000000000000005,1.5500000000000003,-3.5,-3.4,-3.45,0,0,0,,1
56,5,1.6000000000000005,1.7000000000000002,1.6500000000000004,-3.5,-3.4,-3.45,0,0,0,,1
57,5,1.7000000000000002,1.8000000000000007,1.7500000000000004,-3.5,-3.4,-3.45,0,0,0,,1
58,5,1.8000000000000007,1.9000000000000004,1.8500000000000005,-3.5,-3.4,-3.45,0,0,0,,1
59,5,1.9000000000000004,2.0,1.9500000000000002,-3.5,-3.4,-3.45,0,0,0,,1
60,5,2.0,2.1000000000000005,2.0500000000000003,-3.5,-3.4,-3.45,0,0,0,,1
61,5,2.1000000000000005,2.2,2.1500000000000004,-3.5,-3.4,-3.45,0,0,0,,1
62,5,2.2,2.3000000000000007,2.2500000000000004,-3.5,-3.4,-3.45,0,0,0,,1
63,5,2.3000000000000007,2.4000000000000004,2.3500000000000005,-3.5,-3.4,-3.45,0,0,0,,1
64,5,2.4000000000000004,2.5,2.45,-3.5,-3.4,-3.45,0,0,0,,1
65,5,2.5,2.6000000000000005,2.5500000000000003,-3.5,-3.4,-3.45,0,0,0,,1
66,5,2.6000000000000005,2.7,2.6500000000000004,-3.5,-3.4,-3.45,0,0,0,,1
67,5,2.7,2.8000000000000007,2.7500000000000004,-3.5,-3.4,-3.45,0,0,0,,1
68,5,2.8000000000000007,2.9000000000000004,2.8500000000000005,-3.5,-3.4,-3.45,0,0,0,,1
69,5,2.9000000000000004,3.0,2.95,-3.5,-3.4,-3.45,0,0,0,,1
70,5,3.0,3.1000000000000005,3.0500000000000003,-3.5,-3.4,-3.45,0,0,0,,1
71,5,3.1000000000000005,3.2,3.1500000000000004,-3.5,-3.4,-3.45,0,0,0,,1
72,5,3.2,3.3000000000000007,3.2500000000000004,-3.5,-3.4,-3.45,0,0,0,,1
73,5,3.3000000000000007,3.4000000000000004,3.3500000000000005,-3.5,-3.4,-3.45,0,0,0,,1
74,5,3.4000000000000004,3.5,3.45,-3.5,-3.4,-3.45,0,0,0,,1
75,5,3.5,3.6000000000000005,3.5500000000000003,-3.5,-3.4,-3.45,0,0,0,,1
76,5,3.6000000000000005,3.7,3.6500000000000004,-3.5,-3.4,-3.45,0,0,0,,1
77,5,3.7,3.8000000000000007,3.7500000000000004,-3.5,-3.4,-3.45,0,0,0,,1
78,5,3.8000000000000007,3.9000000000000004,3.8500000000000005,-3.5,-3.4,-3.45,0,0,0,,1
79,5,3.9000000000000004,4.0,3.95,-3.5,-3.4,-3.45,0,0,0,,1
0,6,-4.0,-3.9,-3.95,-3.4,-3.3,-3.3499999999999996,0,0,0,,1
1,6,-3.9,-3.8,-3.8499999999999996,-3.4,-3.3,-3.3499999999999996,0,0,0,,1
2,6,-3.8,-3.7,-3.75,-3.4,-3.3,-3.3499999999999996,0,0,0,,1
3,6,-3.7,-3.6,-3.6500000000000004,-3.4,-3.3,-3.3499999999999996,0,0,0,,1
4,6,-3.6,-3.5,-3.55,-3.4,-3.3,-3.3499999999999996,0,0,0,,1
5,6,-3.5,-3.4,-3.45,-3.4,-3.3,-3.3499999999999996,0,0,0,,1
6,6,-3.4,-3.3,-3.3499999999999996,-3.4,-3.3,-3.3499999999999996,0,0,0,,1
7,6,-3.3,-3.2,-3.25,-3.4,-3.3,-3.3499999999999996,0,0,0,,1
8,6,-3.2,-3.1,-3.1500000000000004,-3.4,-3.3,-3.3499999999999996,0,0,0,,1
9,6,-3.1,-3.0,-3.05,-3.4,-3.3,-3.3499999999999996,0,0,0,,1
10,6,-3.0,-2.9,-2.95,-3.4,-3.3,-3.3499999999999996,0,0,0,,1
11,6,-2.9,-2.8,-2.8499999999999996,-3.4,-3.3,-3.3499999999999996,0,0,0,,1
12,6,-2.8,-2.7,-2.75,-3.4,-3.3,-3.3499999999999996,0,0,0,,1
13,6,-2.7,-2.5999999999999996,-2.65,-3.4,-3.3,-3.3499999999999996,0,0,0,,1
14,6,-2.5999999999999996,-2.5,-2.55,-3.4,-3.3,-3.3499999999999996,0,0,0,,1
15,6,-2.5,-2.4,-2.45,-3.4,-3.3,-3.3499999999999996,0,0,0,,1
16,6,-2.4,-2.3,-2.3499999999999996,-3.4,-3.3,-3.3499999999999996,0,0,0,,1
17,6,-2.3,-2.2,-2.25,-3.4,-3.3,-3.3499999999999996,0,0,0,,1
18,6,-2.2,-2.0999999999999996,-2.15,-3.4,-3.3,-3.3499999999999996,0,0,0,,1
19,6,-2.0999999999999996,-2.0,-2.05,-3.4,-3.3,-3.3499999999999996,0,0,0,,1
20,6,-2.0,-1.9,-1.95,-3.4,-3.3,-3.3499999999999996,0,0,0,,1
21,6,-1.9,-1.7999999999999998,-1.8499999999999999,-3.4,-3.3,-3.3499999999999996,0,0,0,,1
22,6,-1.7999999999999998,-1.6999999999999997,-1.7499999999999998,-3.4,-3.3,-3.3499999999999996,0,0,0,,1
23,6,-1.6999999999999997,-1.5999999999999996,-1.6499999999999997,-3.4,-3.3,-3.3499999999999996,0,0,0,,1
24,6,-1.5999999999999996,-1.5,-1.5499999999999998,-3.4,-3.3,-3.3499999999999996,0,0,0,,1
25,6,-1.5,-1.4,-1.45,-3.4,-3.3,-3.3499999999999996,0,0,0,,1
26,6,-1.4,-1.2999999999999998,-1.3499999999999999,-3.4,-3.3,-3.3499999999999996,0,0,0,,1
27,6,-1.2999999999999998,-1.1999999999999997,-1.2499999999999998,-3.4,-3.3,-3.3499999999999996,0,0,0,,1
28,6,-1.1999999999999997,-1.0999999999999996,-1.1499999999999997,-3.4,-3.3,-3.3499999999999996,0,0,0,,1
29,6,-1.0999999999999996,-1.0,-1.0499999999999998,-3.4,-3.3,-3.3499999999999996,0,0,0,,1
30,6,-1.0,-0.8999999999999999,-0.95,-3.4,-3.3,-3.3499999999999996,0,0,0,,1
31,6,-0.8999999999999999,-0.7999999999999998,-0.8499999999999999,-3.4,-3.3,-3.3499999999999996,0,0,0,,1
32,6,-0.7999999999999998,-0.6999999999999997,-0.7499999999999998,-3.4,-3.3,-3.3499999999999996,0,0,0,,1
33,6,-0.6999999999999997,-0.5999999999999996,-0.6499999999999997,-3.4,-3.3,-3.3499999999999996,0,0,0,,1
34,6,-0.5999999999999996,-0.5,-0.5499999999999998,-3.4,-3.3,-3.3499999999999996,0,0,0,,1
35,6,-0.5,-0.3999999999999999,-0.44999999999999996,-3.4,-3.3,-3.3499999999999996,0,0,0,,1
36,6,-0.3999999999999999,-0.2999999999999998,-0.34999999999999987,-3.4,-3.3,-3.3499999999999996,0,0,0,,1
37,6,-0.2999999999999998,-0.19999999999999973,-0.24999999999999978,-3.4,-3.3,-3.3499999999999996,0,0,0,,1
38,6,-0.19999999999999973,-0.09999999999999964,-0.1499999999999997,-3.4,-3.3,-3.3499999999999996,0,0,0,,1
39,6,-0.09999999999999964,0.0,-0.04999999999999982,-3.4,-3.3,-3.3499999999999996,0,0,0,,1
40,6,0.0,0.10000000000000053,0.050000000000000266,-3.4,-3.3,-3.3499999999999996,0,0,0,,1
41,6,0.10000000000000053,0.20000000000000018,0.15000000000000036,-3.4,-3.3,-3.3499999999999996,0,0,0,,1
42,6,0.20000000000000018,0.2999999999999998,0.25,-3.4,-3.3,-3.3499999999999996,0,0,0,,1
43,6,0.2999999999999998,0.40000000000000036,0.3500000000000001,-3.4,-3.3,-3.3499999999999996,0,0,0,,1
44,6,0.40000000000000036,0.5,0.4500000000000002,-3.4,-3.3,-3.3499999999999996,0,0,0,,1
45,6,0.5,0.6000000000000005,0.5500000000000003,-3.4,-3.3,-3.3499999999999996,0,0,0,,1
46,6,0.6000000000000005,0.7000000000000002,0.6500000000000004,-3.4,-3.3,-3.3499999999999996,0,0,0,,1
47,6,0.7000000000000002,0.8000000000000007,0.7500000000000004,-3.4,-3.3,-3.3499999999999996,0,0,0,,1
48,6,0.8000000000000007,0.9000000000000004,0.8500000000000005,-3.4,-3.3,-3.3499999999999996,0,0,0,,1
49,6,0.9000000000000004,1.0,0.9500000000000002,-3.4,-3.3,-3.3499999999999996,0,0,0,,1
50,6,1.0,1.1000000000000005,1.0500000000000003,-3.4,-3.3,-3.3499999999999996,0,0,0,,1
51,6,1.1000000000000005,1.2000000000000002,1.1500000000000004,-3.4,-3.3,-3.3499999999999996,0,0,0,,1
52,6,1.2000000000000002,1.3000000000000007,1.2500000000000004,-3.4,-3.3,-3.3499999999999996,0,0,0,,1
53,6,1.3000000000000007,1.4000000000000004,1.3500000000000005,-3.4,-3.3,-3.3499999999999996,0,0,0,,1
54,6,1.4000000000000004,1.5,1.4500000000000002,-3.4,-3.3,-3.3499999999999996,0,0,0,,1
55,6,1.5,1.6000000000000005,1.5500000000000003,-3.4,-3.3,-3.3499999999999996,0,0,0,,1
56,6,1.6000000000000005,1.7000000000000002,1.6500000000000004,-3.4,-3.3,-3.3499999999999996,0,0,0,,1
57,6,1.7000000000000002,1.8000000000000007,1.7500000000000004,-3.4,-3.3,-3.3499999999999996,0,0,0,,1
58,6,1.8000000000000007,1.9000000000000004,1.8500000000000005,-3.4,-3.3,-3.3499999999999996,0,0,0,,1
59,6,1.9000000000000004,2.0,1.9500000000000002,-3.4,-3.3,-3.3499999999999996,0,0,0,,1
60,6,2.0,2.1000000000000005,2.0500000000000003,-3.4,-3.3,-3.3499999999999996,0,0,0,,1
61,6,2.1000000000000005,2.2,2.1500000000000004,-3.4,-3.3,-3.3499999999999996,0,0,0,,1
62,6,2.2,2.3000000000000007,2.2500000000000004,-3.4,-3.3,-3.3499999999999996,0,0,0,,1
63,6,2.3000000000000007,2.4000000000000004,2.3500000000000005,-3.4,-3.3,-3.3499999999999996,0,0,0,,1
64,6,2.4000000000000004,2.5,2.45,-3.4,-3.3,-3.3499999999999996,0,0,0,,1
65,6,2.5,2.6000000000000005,2.5500000000000003,-3.4,-3.3,-3.3499999999999996,0,0,0,,1
66,6,2.6000000000000005,2.7,2.6500000000000004,-3.4,-3.3,-3.3499999999999996,0,0,0,,1
67,6,2.7,2.8000000000000007,2.7500000000000004,-3.4,-3.3,-3.3499999999999996,0,0,0,,1
68,6,2.8000000000000007,2.9000000000000004,2.8500000000000005,-3.4,-3.3,-3.3499999999999996,0,0,0,,1
69,6,2.9000000000000004,3.0,2.95,-3.4,-3.3,-3.3499999999999996,0,0,0,,1
70,6,3.0,3.1000000000000005,3.0500000000000003,-3.4,-3.3,-3.3499999999999996,0,0,0,,1
71,6,3.1000000000000005,3.2,3.1500000000000004,-3.4,-3.3,-3.3499999999999996,0,0,0,,1
72,6,3.2,3.3000000000000007,3.2500000000000004,-3.4,-3.3,-3.3499999999999996,0,0,0,,1
73,6,3.3000000000000007,3.4000000000000004,3.3500000000000005,-3.4,-3.3,-3.3499999999999996,0,0,0,,1
74,6,3.4000000000000004,3.5,3.45,-3.4,-3.3,-3.3499999999999996,0,0,0,,1
75,6,3.5,3.6000000000000005,3.5500000000000003,-3.4,-3.3,-3.3499999999999996,0,0,0,,1
76,6,3.6000000000000005,3.7,3.6500000000000004,-3.4,-3.3,-3.3499999999999996,0,0,0,,1
77,6,3.7,3.8000000000000007,3.7500000000000004,-3.4,-3.3,-3.3499999999999996,0,0,0,,1
78,6,3.8000000000000007,3.9000000000000004,3.8500000000000005,-3.4,-3.3,-3.3499999999999996,0,0,0,,1
79,6,3.9000000000000004,4.0,3.95,-3.4,-3.3,-3.3499999999999996,0,0,0,,1
0,7,-4.0,-3.9,-3.95,-3.3,-3.2,-3.25,0,0,0,,1
1,7,-3.9,-3.8,-3.8499999999999996,-3.3,-3.2,-3.25,0,0,0,,1
2,7,-3.8,-3.7,-3.75,-3.3,-3.2,-3.25,0,0,0,,1
3,7,-3.7,-3.6,-3.6500000000000004,-3.3,-3.2,-3.25,0,0,0,,1
4,7,-3.6,-3.5,-3.55,-3.3,-3.2,-3.25,0,0,0,,1
5,7,-3.5,-3.4,-3.45,-3.3,-3.2,-3.25,0,0,0,,1
6,7,-3.4,-3.3,-3.3499999999999996,-3.3,-3.2,-3.25,0,0,0,,1
7,7,-3.3,-3.2,-3.25,-3.3,-3.2,-3.25,0,0,0,,1
8,7,-3.2,-3.1,-3.1500000000000004,-3.3,-3.2,-3.25,0,0,0,,1
9,7,-3.1,-3.0,-3.05,-3.3,-3.2,-3.25,0,0,0,,1
10,7,-3.0,-2.9,-2.95,-3.3,-3.2,-3.25,0,0,0,,1
11,7,-2.9,-2.8,-2.8499999999999996,-3.3,-3.2,-3.25,0,0,0,,1
12,7,-2.8,-2.7,-2.75,-3.3,-3.2,-3.25,0,0,0,,1
13,7,-2.7,-2.5999999999999996,-2.65,-3.3,-3.2,-3.25,0,0,0,,1
14,7,-2.5999999999999996,-2.5,-2.55,-3.3,-3.2,-3.25,0,0,0,,1
15,7,-2.5,-2.4,-2.45,-3.3,-3.2,-3.25,0,0,0,,1
16,7,-2.4,-2.3,-2.3499999999999996,-3.3,-3.2,-3.25,0,0,0,,1
17,7,-2.3,-2.2,-2.25,-3.3,-3.2,-3.25,0,0,0,,1
18,7,-2.2,-2.0999999999999996,-2.15,-3.3,-3.2,-3.25,0,0,0,,1
19,7,-2.0999999999999996,-2.0,-2.05,-3.3,-3.2,-3.25,0,0,0,,1
20,7,-2.0,-1.9,-1.95,-3.3,-3.2,-3.25,0,0,0,,1
21,7,-1.9,-1.7999999999999998,-1.8499999999999999,-3.3,-3.2,-3.25,0,0,0,,1
22,7,-1.7999999999999998,-1.6999999999999997,-1.7499999999999998,-3.3,-3.2,-3.25,0,0,0,,1
23,7,-1.6999999999999997,-1.5999999999999996,-1.6499999999999997,-3.3,-3.2,-3.25,0,0,0,,1
24,7,-1.5999999999999996,-1.5,-1.5499999999999998,-3.3,-3.2,-3.25,0,0,0,,1
25,7,-1.5,-1.4,-1.45,-3.3,-3.2,-3.25,0,0,0,,1
26,7,-1.4,-1.2999999999999998,-1.3499999999999999,-3.3,-3.2,-3.25,0,0,0,,1
27,7,-1.2999999999999998,-1.1999999999999997,-1.2499999999999998,-3.3,-3.2,-3.25,0,0,0,,1
28,7,-1.1999999999999997,-1.0999999999999996,-1.1499999999999997,-3.3,-3.2,-3.25,0,0,0,,1
29,7,-1.0999999999999996,-1.0,-1.0499999999999998,-3.3,-3.2,-3.25,0,0,0,,1
30,7,-1.0,-0.8999999999999999,-0.95,-3.3,-3.2,-3.25,0,0,0,,1
31,7,-0.8999999999999999,-0.7999999999999998,-0.8499999999999999,-3.3,-3.2,-3.25,0,0,0,,1
32,7,-0.7999999999999998,-0.6999999999999997,-0.7499999999999998,-3.3,-3.2,-3.25,0,0,0,,1
33,7,-0.6999999999999997,-0.5999999999999996,-0.6499999999999997,-3.3,-3.2,-3.25,0,0,0,,1
34,7,-0.5999999999999996,-0.5,-0.5499999999999998,-3.3,-3.2,-3.25,0,0,0,,1
35,7,-0.5,-0.3999999999999999,-0.44999999999999996,-3.3,-3.2,-3.25,0,0,0,,1
36,7,-0.3999999999999999,-0.2999999999999998,-0.34999999999999987,-3.3,-3.2,-3.25,0,0,0,,1
37,7,-0.2999999999999998,-0.19999999999999973,-0.24999999999999978,-3.3,-3.2,-3.25,0,0,0,,1
38,7,-0.19999999999999973,-0.09999999999999964,-0.1499999999999997,-3.3,-3.2,-3.25,0,0,0,,1
39,7,-0.09999999999999964,0.0,-0.04999999999999982,-3.3,-3.2,-3.25,0,0,0,,1
40,7,0.0,0.10000000000000053,0.050000000000000266,-3.3,-3.2,-3.25,0,0,0,,1
41,7,0.10000000000000053,0.20000000000000018,0.15000000000000036,-3.3,-3.2,-3.25,0,0,0,,1
42,7,0.20000000000000018,0.2999999999999998,0.25,-3.3,-3.2,-3.25,0,0,0,,1
43,7,0.2999999999999998,0.40000000000000036,0.3500000000000001,-3.3,-3.2,-3.25,0,0,0,,1
44,7,0.40000000000000036,0.5,0.4500000000000002,-3.3,-3.2,-3.25,0,0,0,,1
45,7,0.5,0.6000000000000005,0.5500000000000003,-3.3,-3.2,-3.25,0,0,0,,1
46,7,0.6000000000000005,0.7000000000000002,0.6500000000000004,-3.3,-3.2,-3.25,0,0,0,,1
47,7,0.7000000000000002,0.8000000000000007,0.7500000000000004,-3.3,-3.2,-3.25,0,0,0,,1
48,7,0.8000000000000007,0.9000000000000004,0.8500000000000005,-3.3,-3.2,-3.25,0,0,0,,1
49,7,0.9000000000000004,1.0,0.9500000000000002,-3.3,-3.2,-3.25,0,0,0,,1
50,7,1.0,1.1000000000000005,1.0500000000000003,-3.3,-3.2,-3.25,0,0,0,,1
51,7,1.1000000000000005,1.2000000000000002,1.1500000000000004,-3.3,-3.2,-3.25,0,0,0,,1
52,7,1.2000000000000002,1.3000000000000007,1.2500000000000004,-3.3,-3.2,-3.25,0,0,0,,1
53,7,1.3000000000000007,1.4000000000000004,1.3500000000000005,-3.3,-3.2,-3.25,0,0,0,,1
54,7,1.4000000000000004,1.5,1.4500000000000002,-3.3,-3.2,-3.25,0,0,0,,1
55,7,1.5,1.6000000000000005,1.5500000000000003,-3.3,-3.2,-3.25,0,0,0,,1
56,7,1.6000000000000005,1.7000000000000002,1.6500000000000004,-3.3,-3.2,-3.25,0,0,0,,1
57,7,1.7000000000000002,1.8000000000000007,1.7500000000000004,-3.3,-3.2,-3.25,0,0,0,,1
58,7,1.8000000000000007,1.9000000000000004,1.8500000000000005,-3.3,-3.2,-3.25,0,0,0,,1
59,7,1.9000000000000004,2.0,1.9500000000000002,-3.3,-3.2,-3.25,0,0,0,,1
60,7,2.0,2.1000000000000005,2.0500000000000003,-3.3,-3.2,-3.25,0,0,0,,1
61,7,2.1000000000000005,2.2,2.1500000000000004,-3.3,-3.2,-3.25,0,0,0,,1
62,7,2.2,2.3000000000000007,2.2500000000000004,-3.3,-3.2,-3.25,0,0,0,,1
63,7,2.3000000000000007,2.4000000000000004,2.3500000000000005,-3.3,-3.2,-3.25,0,0,0,,1
64,7,2.4000000000000004,2.5,2.45,-3.3,-3.2,-3.25,0,0,0,,1
65,7,2.5,2.6000000000000005,2.5500000000000003,-3.3,-3.2,-3.25,0,0,0,,1
66,7,2.6000000000000005,2.7,2.6500000000000004,-3.3,-3.2,-3.25,0,0,0,,1
67,7,2.7,2.8000000000000007,2.7500000000000004,-3.3,-3.2,-3.25,0,0,0,,1
68,7,2.8000000000000007,2.9000000000000004,2.8500000000000005,-3.3,-3.2,-3.25,0,0,0,,1
69,7,2.9000000000000004,3.0,2.95,-3.3,-3.2,-3.25,0,0,0,,1
70,7,3.0,3.1000000000000005,3.0500000000000003,-3.3,-3.2,-3.25,0,0,0,,1
71,7,3.1000000000000005,3.2,3.1500000000000004,-3.3,-3.2,-3.25,0,0,0,,1
72,7,3.2,3.3000000000000007,3.2500000000000004,-3.3,-3.2,-3.25,0,0,0,,1
73,7,3.3000000000000007,3.4000000000000004,3.3500000000000005,-3.3,-3.2,-3.25,0,0,0,,1
74,7,3.4000000000000004,3.5,3.45,-3.3,-3.2,-3.25,0,0,0,,1
75,7,3.5,3.6000000000000005,3.5500000000000003,-3.3,-3.2,-3.25,0,0,0,,1
76,7,3.6000000000000005,3.7,3.6500000000000004,-3.3,-3.2,-3.25,0,0,0,,1
77,7,3.7,3.8000000000000007,3.7500000000000004,-3.3,-3.2,-3.25,0,0,0,,1
78,7,3.8000000000000007,3.9000000000000004,3.8500000000000005,-3.3,-3.2,-3.25,0,0,0,,1
79,7,3.9000000000000004,4.0,3.95,-3.3,-3.2,-3.25,0,0,0,,1
0,8,-4.0,-3.9,-3.95,-3.2,-3.1,-3.1500000000000004,0,0,0,,1
1,8,-3.9,-3.8,-3.8499999999999996,-3.2,-3.1,-3.1500000000000004,0,0,0,,1
2,8,-3.8,-3.7,-3.75,-3.2,-3.1,-3.1500000000000004,0,0,0,,1
3,8,-3.7,-3.6,-3.6500000000000004,-3.2,-3.1,-3.1500000000000004,0,0,0,,1
4,8,-3.6,-3.5,-3.55,-3.2,-3.1,-3.1500000000000004,0,0,0,,1
5,8,-3.5,-3.4,-3.45,-3.2,-3.1,-3.1500000000000004,0,0,0,,1
6,8,-3.4,-3.3,-3.3499999999999996,-3.2,-3.1,-3.1500000000000004,0,0,0,,1
7,8,-3.3,-3.2,-3.25,-3.2,-3.1,-3.1500000000000004,0,0,0,,1
8,8,-3.2,-3.1,-3.1500000000000004,-3.2,-3.1,-3.1500000000000004,0,0,0,,1
9,8,-3.1,-3.0,-3.05,-3.2,-3.1,-3.1500000000000004,0,0,0,,1
10,8,-3.0,-2.9,-2.95,-3.2,-3.1,-3.1500000000000004,0,0,0,,1
11,8,-2.9,-2.8,-2.8499999999999996,-3.2,-3.1,-3.1500000000000004,0,0,0,,1
12,8,-2.8,-2.7,-2.75,-3.2,-3.1,-3.1500000000000004,0,0,0,,1
13,8,-2.7,-2.5999999999999996,-2.65,-3.2,-3.1,-3.1500000000000004,0,0,0,,1
14,8,-2.5999999999999996,-2.5,-2.55,-3.2,-3.1,-3.1500000000000004,0,0,0,,1
15,8,-2.5,-2.4,-2.45,-3.2,-3.1,-3.1500000000000004,0,0,0,,1
16,8,-2.4,-2.3,-2.3499999999999996,-3.2,-3.1,-3.1500000000000004,0,0,0,,1
17,8,-2.3,-2.2,-2.25,-3.2,-3.1,-3.1500000000000004,0,0,0,,1
18,8,-2.2,-2.0999999999999996,-2.15,-3.2,-3.1,-3.1500000000000004,0,0,0,,1
19,8,-2.0999999999999996,-2.0,-2.05,-3.2,-3.1,-3.1500000000000004,0,0,0,,1
20,8,-2.0,-1.9,-1.95,-3.2,-3.1,-3.1500000000000004,0,0,0,,1
21,8,-1.9,-1.7999999999999998,-1.8499999999999999,-3.2,-3.1,-3.1500000000000004,0,0,0,,1
22,8,-1.7999999999999998,-1.6999999999999997,-1.7499999999999998,-3.2,-3.1,-3.1500000000000004,0,0,0,,1
23,8,-1.6999999999999997,-1.5999999999999996,-1.6499999999999997,-3.2,-3.1,-3.1500000000000004,0,0,0,,1
24,8,-1.5999999999999996,-1.5,-1.5499999999999998,-3.2,-3.1,-3.1500000000000004,0,0,0,,1
25,8,-1.5,-1.4,-1.45,-3.2,-3.1,-3.1500000000000004,0,0,0,,1
26,8,-1.4,-1.2999999999999998,-1.3499999999999999,-3.2,-3.1,-3.1500000000000004,0,0,0,,1
27,8,-1.2999999999999998,-1.1999999999999997,-1.2499999999999998,-3.2,-3.1,-3.1500000000000004,0,0,0,,1
28,8,-1.1999999999999997,-1.0999999999999996,-1.1499999999999997,-3.2,-3.1,-3.1500000000000004,0,0,0,,1
29,8,-1.0999999999999996,-1.0,-1.0499999999999998,-3.2,-3.1,-3.1500000000000004,0,0,0,,1
30,8,-1.0,-0.8999999999999999,-0.95,-3.2,-3.1,-3.1500000000000004,0,0,0,,1
31,8,-0.8999999999999999,-0.7999999999999998,-0.8499999999999999,-3.2,-3.1,-3.1500000000000004,0,0,0,,1
32,8,-0.7999999999999998,-0.6999999999999997,-0.7499999999999998,-3.2,-3.1,-3.1500000000000004,0,0,0,,1
33,8,-0.6999999999999997,-0.5999999999999996,-0.6499999999999997,-3.2,-3.1,-3.1500000000000004,0,0,0,,1
34,8,-0.5999999999999996,-0.5,-0.5499999999999998,-3.2,-3.1,-3.1500000000000004,0,0,0,,1
35,8,-0.5,-0.3999999999999999,-0.44999999999999996,-3.2,-3.1,-3.1500000000000004,0,0,0,,1
36,8,-0.3999999999999999,-0.2999999999999998,-0.34999999999999987,-3.2,-3.1,-3.1500000000000004,0,0,0,,1
37,8,-0.2999999999999998,-0.19999999999999973,-0.24999999999999978,-3.2,-3.1,-3.1500000000000004,0,0,0,,1
38,8,-0.19999999999999973,-0.09999999999999964,-0.1499999999999997,-3.2,-3.1,-3.1500000000000004,0,0,0,,1
39,8,-0.09999999999999964,0.0,-0.04999999999999982,-3.2,-3.1,-3.1500000000000004,0,0,0,,1
40,8,0.0,0.10000000000000053,0.050000000000000266,-3.2,-3.1,-3.1500000000000004,0,0,0,,1
41,8,0.10000000000000053,0.20000000000000018,0.15000000000000036,-3.2,-3.1,-3.1500000000000004,0,0,0,,1
42,8,0.20000000000000018,0.2999999999999998,0.25,-3.2,-3.1,-3.1500000000000004,0,0,0,,1
43,8,0.2999999999999998,0.40000000000000036,0.3500000000000001,-3.2,-3.1,-3.1500000000000004,0,0,0,,1
44,8,0.40000000000000036,0.5,0.4500000000000002,-3.2,-3.1,-3.1500000000000004,0,0,0,,1
45,8,0.5,0.6000000000000005,0.5500000000000003,-3.2,-3.1,-3.1500000000000004,0,0,0,,1
46,8,0.6000000000000005,0.7000000000000002,0.6500000000000004,-3.2,-3.1,-3.1500000000000004,0,0,0,,1
47,8,0.7000000000000002,0.8000000000000007,0.7500000000000004,-3.2,-3.1,-3.1500000000000004,0,0,0,,1
48,8,0.8000000000000007,0.9000000000000004,0.8500000000000005,-3.2,-3.1,-3.1500000000000004,0,0,0,,1
49,8,0.9000000000000004,1.0,0.9500000000000002,-3.2,-3.1,-3.1500000000000004,0,0,0,,1
50,8,1.0,1.1000000000000005,1.0500000000000003,-3.2,-3.1,-3.1500000000000004,0,0,0,,1
51,8,1.1000000000000005,1.2000000000000002,1.1500000000000004,-3.2,-3.1,-3.1500000000000004,0,0,0,,1
52,8,1.2000000000000002,1.3000000000000007,1.2500000000000004,-3.2,-3.1,-3.1500000000000004,0,0,0,,1
53,8,1.3000000000000007,1.4000000000000004,1.3500000000000005,-3.2,-3.1,-3.1500000000000004,0,0,0,,1
54,8,1.4000000000000004,1.5,1.4500000000000002,-3.2,-3.1,-3.1500000000000004,0,0,0,,1
55,8,1.5,1.6000000000000005,1.5500000000000003,-3.2,-3.1,-3.1500000000000004,0,0,0,,1
56,8,1.6000000000000005,1.7000000000000002,1.6500000000000004,-3.2,-3.1,-3.1500000000000004,0,0,0,,1
57,8,1.7000000000000002,1.8000000000000007,1.7500000000000004,-3.2,-3.1,-3.1500000000000004,0,0,0,,1
58,8,1.8000000000000007,1.9000000000000004,1.8500000000000005,-3.2,-3.1,-3.1500000000000004,0,0,0,,1
59,8,1.9000000000000004,2.0,1.9500000000000002,-3.2,-3.1,-3.1500000000000004,0,0,0,,1
60,8,2.0,2.1000000000000005,2.0500000000000003,-3.2,-3.1,-3.1500000000000004,0,0,0,,1
61,8,2.1000000000000005,2.2,2.1500000000000004,-3.2,-3.1,-3.1500000000000004,0,0,0,,1
62,8,2.2,2.3000000000000007,2.2500000000000004,-3.2,-3.1,-3.1500000000000004,0,0,0,,1
63,8,2.3000000000000007,2.4000000000000004,2.3500000000000005,-3.2,-3.1,-3.1500000000000004,0,0,0,,1
64,8,2.4000000000000004,2.5,2.45,-3.2,-3.1,-3.1500000000000004,0,0,0,,1
65,8,2.5,2.6000000000000005,2.5500000000000003,-3.2,-3.1,-3.1500000000000004,0,0,0,,1
66,8,2.6000000000000005,2.7,2.6500000000000004,-3.2,-3.1,-3.1500000000000004,0,0,0,,1
67,8,2.7,2.8000000000000007,2.7500000000000004,-3.2,-3.1,-3.1500000000000004,0,0,0,,1
68,8,2.8000000000000007,2.9000000000000004,2.8500000000000005,-3.2,-3.1,-3.1500000000000004,0,0,0,,1
69,8,2.9000000000000004,3.0,2.95,-3.2,-3.1,-3.1500000000000004,0,0,0,,1
70,8,3.0,3.1000000000000005,3.0500000000000003,-3.2,-3.1,-3.1500000000000004,0,0,0,,1
71,8,3.1000000000000005,3.2,3.1500000000000004,-3.2,-3.1,-3.1500000000000004,0,0,0,,1
72,8,3.2,3.3000000000000007,3.2500000000000004,-3.2,-3.1,-3.1500000000000004,0,0,0,,1
73,8,3.3000000000000007,3.4000000000000004,3.3500000000000005,-3.2,-3.1,-3.1500000000000004,0,0,0,,1
74,8,3.4000000000000004,3.5,3.45,-3.2,-3.1,-3.1500000000000004,0,0,0,,1
75,8,3.5,3.6000000000000005,3.5500000000000003,-3.2,-3.1,-3.1500000000000004,0,0,0,,1
76,8,3.6000000000000005,3.7,3.6500000000000004,-3.2,-3.1,-3.1500000000000004,0,0,0,,1
77,8,3.7,3.8000000000000007,3.7500000000000004,-3.2,-3.1,-3.1500000000000004,0,0,0,,1
78,8,3.8000000000000007,3.9000000000000004,3.8500000000000005,-3.2,-3.1,-3.1500000000000004,0,0,0,,1
79,8,3.9000000000000004,4.0,3.95,-3.2,-3.1,-3.1500000000000004,0,0,0,,1
0,9,-4.0,-3.9,-3.95,-3.1,-3.0,-3.05,0,0,0,,1
1,9,-3.9,-3.8,-3.8499999999999996,-3.1,-3.0,-3.05,0,0,0,,1
2,9,-3.8,-3.7,-3.75,-3.1,-3.0,-3.05,0,0,0,,1
3,9,-3.7,-3.6,-3.6500000000000004,-3.1,-3.0,-3.05,0,0,0,,1
4,9,-3.6,-3.5,-3.55,-3.1,-3.0,-3.05,0,0,0,,1
5,9,-3.5,-3.4,-3.45,-3.1,-3.0,-3.05,0,0,0,,1
6,9,-3.4,-3.3,-3.3499999999999996,-3.1,-3.0,-3.05,0,0,0,,1
7,9,-3.3,-3.2,-3.25,-3.1,-3.0,-3.05,0,0,0,,1
8,9,-3.2,-3.1,-3.1500000000000004,-3.1,-3.0,-3.05,0,0,0,,1
9,9,-3.1,-3.0,-3.05,-3.1,-3.0,-3.05,0,0,0,,1
10,9,-3.0,-2.9,-2.95,-3.1,-3.0,-3.05,0,0,0,,1
11,9,-2.9,-2.8,-2.8499999999999996,-3.1,-3.0,-3.05,0,0,0,,1
12,9,-2.8,-2.7,-2.75,-3.1,-3.0,-3.05,0,0,0,,1
13,9,-2.7,-2.5999999999999996,-2.65,-3.1,-3.0,-3.05,0,0,0,,1
14,9,-2.5999999999999996,-2.5,-2.55,-3.1,-3.0,-3.05,0,0,0,,1
15,9,-2.5,-2.4,-2.45,-3.1,-3.0,-3.05,0,0,0,,1
16,9,-2.4,-2.3,-2.3499999999999996,-3.1,-3.0,-3.05,0,0,0,,1
17,9,-2.3,-2.2,-2.25,-3.1,-3.0,-3.05,0,0,0,,1
18,9,-2.2,-2.0999999999999996,-2.15,-3.1,-3.0,-3.05,0,0,0,,1
19,9,-2.0999999999999996,-2.0,-2.05,-3.1,-3.0,-3.05,0,0,0,,1
20,9,-2.0,-1.9,-1.95,-3.1,-3.0,-3.05,0,0,0,,1
21,9,-1.9,-1.7999999999999998,-1.8499999999999999,-3.1,-3.0,-3.05,0,0,0,,1
22,9,-1.7999999999999998,-1.6999999999999997,-1.7499999999999998,-3.1,-3.0,-3.05,0,0,0,,1
23,9,-1.6999999999999997,-1.5999999999999996,-1.6499999999999997,-3.1,-3.0,-3.05,0,0,0,,1
24,9,-1.5999999999999996,-1.5,-1.5499999999999998,-3.1,-3.0,-3.05,0,0,0,,1
25,9,-1.5,-1.4,-1.45,-3.1,-3.0,-3.05,0,0,0,,1
26,9,-1.4,-1.2999999999999998,-1.3499999999999999,-3.1,-3.0,-3.05,0,0,0,,1
27,9,-1.2999999999999998,-1.1999999999999997,-1.2499999999999998,-3.1,-3.0,-3.05,0,0,0,,1
28,9,-1.1999999999999997,-1.0999999999999996,-1.1499999999999997,-3.1,-3.0,-3.05,0,0,0,,1
29,9,-1.0999999999999996,-1.0,-1.0499999999999998,-3.1,-3.0,-3.05,0,0,0,,1
30,9,-1.0,-0.8999999999999999,-0.95,-3.1,-3.0,-3.05,0,0,0,,1
31,9,-0.8999999999999999,-0.7999999999999998,-0.8499999999999999,-3.1,-3.0,-3.05,0,0,0,,1
32,9,-0.7999999999999998,-0.6999999999999997,-0.7499999999999998,-3.1,-3.0,-3.05,0,0,0,,1
33,9,-0.6999999999999997,-0.5999999999999996,-0.6499999999999997,-3.1,-3.0,-3.05,0,0,0,,1
34,9,-0.5999999999999996,-0.5,-0.5499999999999998,-3.1,-3.0,-3.05,0,0,0,,1
35,9,-0.5,-0.3999999999999999,-0.44999999999999996,-3.1,-3.0,-3.05,0,0,0,,1
36,9,-0.3999999999999999,-0.2999999999999998,-0.34999999999999987,-3.1,-3.0,-3.05,0,0,0,,1
37,9,-0.2999999999999998,-0.19999999999999973,-0.24999999999999978,-3.1,-3.0,-3.05,0,0,0,,1
38,9,-0.19999999999999973,-0.09999999999999964,-0.1499999999999997,-3.1,-3.0,-3.05,0,0,0,,1
39,9,-0.09999999999999964,0.0,-0.04999999999999982,-3.1,-3.0,-3.05,0,0,0,,1
40,9,0.0,0.10000000000000053,0.050000000000000266,-3.1,-3.0,-3.05,0,0,0,,1
41,9,0.10000000000000053,0.20000000000000018,0.15000000000000036,-3.1,-3.0,-3.05,0,0,0,,1
42,9,0.20000000000000018,0.2999999999999998,0.25,-3.1,-3.0,-3.05,0,0,0,,1
43,9,0.2999999999999998,0.40000000000000036,0.3500000000000001,-3.1,-3.0,-3.05,0,0,0,,1
44,9,0.40000000000000036,0.5,0.4500000000000002,-3.1,-3.0,-3.05,0,0,0,,1
45,9,0.5,0.6000000000000005,0.5500000000000003,-3.1,-3.0,-3.05,0,0,0,,1
46,9,0.6000000000000005,0.7000000000000002,0.6500000000000004,-3.1,-3.0,-3.05,0,0,0,,1
47,9,0.7000000000000002,0.8000000000000007,0.7500000000000004,-3.1,-3.0,-3.05,0,0,0,,1
48,9,0.8000000000000007,0.9000000000000004,0.8500000000000005,-3.1,-3.0,-3.05,0,0,0,,1
49,9,0.9000000000000004,1.0,0.9500000000000002,-3.1,-3.0,-3.05,0,0,0,,1
50,9,1.0,1.1000000000000005,1.0500000000000003,-3.1,-3.0,-3.05,0,0,0,,1
51,9,1.1000000000000005,1.2000000000000002,1.1500000000000004,-3.1,-3.0,-3.05,0,0,0,,1
52,9,1.2000000000000002,1.3000000000000007,1.2500000000000004,-3.1,-3.0,-3.05,0,0,0,,1
53,9,1.3000000000000007,1.4000000000000004,1.3500000000000005,-3.1,-3.0,-3.05,0,0,0,,1
54,9,1.4000000000000004,1.5,1.4500000000000002,-3.1,-3.0,-3.05,0,0,0,,1
55,9,1.5,1.6000000000000005,1.5500000000000003,-3.1,-3.0,-3.05,0,0,0,,1
56,9,1.6000000000000005,1.7000000000000002,1.6500000000000004,-3.1,-3.0,-3.05,0,0,0,,1
57,9,1.7000000000000002,1.8000000000000007,1.7500000000000004,-3.1,-3.0,-3.05,0,0,0,,1
58,9,1.8000000000000007,1.9000000000000004,1.8500000000000005,-3.1,-3.0,-3.05,0,0,0,,1
59,9,1.9000000000000004,2.0,1.9500000000000002,-3.1,-3.0,-3.05,0,0,0,,1
60,9,2.0,2.1000000000000005,2.0500000000000003,-3.1,-3.0,-3.05,0,0,0,,1
61,9,2.1000000000000005,2.2,2.1500000000000004,-3.1,-3.0,-3.05,0,0,0,,1
62,9,2.2,2.3000000000000007,2.2500000000000004,-3.1,-3.0,-3.05,0,0,0,,1
63,9,2.3000000000000007,2.4000000000000004,2.3500000000000005,-3.1,-3.0,-3.05,0,0,0,,1
64,9,2.4000000000000004,2.5,2.45,-3.1,-3.0,-3.05,0,0,0,,1
65,9,2.5,2.6000000000000005,2.5500000000000003,-3.1,-3.0,-3.05,0,0,0,,1
66,9,2.6000000000000005,2.7,2.6500000000000004,-3.1,-3.0,-3.05,0,0,0,,1
67,9,2.7,2.8000000000000007,2.7500000000000004,-3.1,-3.0,-3.05,0,0,0,,1
68,9,2.8000000000000007,2.9000000000000004,2.8500000000000005,-3.1,-3.0,-3.05,0,0,0,,1
69,9,2.9000000000000004,3.0,2.95,-3.1,-3.0,-3.05,0,0,0,,1
70,9,3.0,3.1000000000000005,3.0500000000000003,-3.1,-3.0,-3.05,0,0,0,,1
71,9,3.1000000000000005,3.2,3.1500000000000004,-3.1,-3.0,-3.05,0,0,0,,1
72,9,3.2,3.3000000000000007,3.2500000000000004,-3.1,-3.0,-3.05,0,0,0,,1
73,9,3.3000000000000007,3.4000000000000004,3.3500000000000005,-3.1,-3.0,-3.05,0,0,0,,1
74,9,3.4000000000000004,3.5,3.45,-3.1,-3.0,-3.05,0,0,0,,1
75,9,3.5,3.6000000000000005,3.5500000000000003,-3.1,-3.0,-3.05,0,0,0,,1
76,9,3.6000000000000005,3.7,3.6500000000000004,-3.1,-3.0,-3.05,0,0,0,,1
77,9,3.7,3.8000000000000007,3.7500000000000004,-3.1,-3.0,-3.05,0,0,0,,1
78,9,3.8000000000000007,3.9000000000000004,3.8500000000000005,-3.1,-3.0,-3.05,0,0,0,,1
79,9,3.9000000000000004,4.0,3.95,-3.1,-3.0,-3.05,0,0,0,,1
0,10,-4.0,-3.9,-3.95,-3.0,-2.9,-2.95,0,0,0,,1
1,10,-3.9,-3.8,-3.8499999999999996,-3.0,-2.9,-2.95,0,0,0,,1
2,10,-3.8,-3.7,-3.75,-3.0,-2.9,-2.95,0,0,0,,1
3,10,-3.7,-3.6,-3.6500000000000004,-3.0,-2.9,-2.95,0,0,0,,1
4,10,-3.6,-3.5,-3.55,-3.0,-2.9,-2.95,0,0,0,,1
5,10,-3.5,-3.4,-3.45,-3.0,-2.9,-2.95,0,0,0,,1
6,10,-3.4,-3.3,-3.3499999999999996,-3.0,-2.9,-2.95,0,0,0,,1
7,10,-3.3,-3.2,-3.25,-3.0,-2.9,-2.95,0,0,0,,1
8,10,-3.2,-3.1,-3.1500000000000004,-3.0,-2.9,-2.95,0,0,0,,1
9,10,-3.1,-3.0,-3.05,-3.0,-2.9,-2.95,0,0,0,,1
10,10,-3.0,-2.9,-2.95,-3.0,-2.9,-2.95,0,0,0,,1
11,10,-2.9,-2.8,-2.8499999999999996,-3.0,-2.9,-2.95,0,0,0,,1
12,10,-2.8,-2.7,-2.75,-3.0,-2.9,-2.95,0,0,0,,1
13,10,-2.7,-2.5999999999999996,-2.65,-3.0,-2.9,-2.95,0,0,0,,1
14,10,-2.5999999999999996,-2.5,-2.55,-3.0,-2.9,-2.95,0,0,0,,1
15,10,-2.5,-2.4,-2.45,-3.0,-2.9,-2.95,0,0,0,,1
16,10,-2.4,-2.3,-2.3499999999999996,-3.0,-2.9,-2.95,0,0,0,,1
17,10,-2.3,-2.2,-2.25,-3.0,-2.9,-2.95,0,0,0,,1
18,10,-2.2,-2.0999999999999996,-2.15,-3.0,-2.9,-2.95,0,0,0,,1
19,10,-2.0999999999999996,-2.0,-2.05,-3.0,-2.9,-2.95,0,0,0,,1
20,10,-2.0,-1.9,-1.95,-3.0,-2.9,-2.95,0,0,0,,1
21,10,-1.9,-1.7999999999999998,-1.8499999999999999,-3.0,-2.9,-2.95,0,0,0,,1
22,10,-1.7999999999999998,-1.6999999999999997,-1.7499999999999998,-3.0,-2.9,-2.95,0,0,0,,1
23,10,-1.6999999999999997,-1.5999999999999996,-1.6499999999999997,-3.0,-2.9,-2.95,0,0,0,,1
24,10,-1.5999999999999996,-1.5,-1.5499999999999998,-3.0,-2.9,-2.95,0,0,0,,1
25,10,-1.5,-1.4,-1.45,-3.0,-2.9,-2.95,0,0,0,,1
26,10,-1.4,-1.2999999999999998,-1.3499999999999999,-3.0,-2.9,-2.95,0,0,0,,1
27,10,-1.2999999999999998,-1.1999999999999997,-1.2499999999999998,-3.0,-2.9,-2.95,0,0,0,,1
28,10,-1.1999999999999997,-1.0999999999999996,-1.1499999999999997,-3.0,-2.9,-2.95,0,0,0,,1
29,10,-1.0999999999999996,-1.0,-1.0499999999999998,-3.0,-2.9,-2.95,0,0,0,,1
30,10,-1.0,-0.8999999999999999,-0.95,-3.0,-2.9,-2.95,0,0,0,,1
31,10,-0.8999999999999999,-0.7999999999999998,-0.8499999999999999,-3.0,-2.9,-2.95,0,0,0,,1
32,10,-0.7999999999999998,-0.6999999999999997,-0.7499999999999998,-3.0,-2.9,-2.95,0,0,0,,1
33,10,-0.6999999999999997,-0.5999999999999996,-0.6499999999999997,-3.0,-2.9,-2.95,0,0,0,,1
34,10,-0.5999999999999996,-0.5,-0.5499999999999998,-3.0,-2.9,-2.95,0,0,0,,1
35,10,-0.5,-0.3999999999999999,-0.44999999999999996,-3.0,-2.9,-2.95,0,0,0,,1
36,10,-0.3999999999999999,-0.2999999999999998,-0.34999999999999987,-3.0,-2.9,-2.95,0,0,0,,1
37,10,-0.2999999999999998,-0.19999999999999973,-0.24999999999999978,-3.0,-2.9,-2.95,0,0,0,,1
38,10,-0.19999999999999973,-0.09999999999999964,-0.1499999999999997,-3.0,-2.9,-2.95,0,0,0,,1
39,10,-0.09999999999999964,0.0,-0.04999999999999982,-3.0,-2.9,-2.95,0,0,0,,1
40,10,0.0,0.10000000000000053,0.050000000000000266,-3.0,-2.9,-2.95,0,0,0,,1
41,10,0.10000000000000053,0.20000000000000018,0.15000000000000036,-3.0,-2.9,-2.95,0,0,0,,1
42,10,0.20000000000000018,0.2999999999999998,0.25,-3.0,-2.9,-2.95,0,0,0,,1
43,10,0.2999999999999998,0.40000000000000036,0.3500000000000001,-3.0,-2.9,-2.95,0,0,0,,1
44,10,0.40000000000000036,0.5,0.4500000000000002,-3.0,-2.9,-2.95,0,0,0,,1
45,10,0.5,0.6000000000000005,0.5500000000000003,-3.0,-2.9,-2.95,0,0,0,,1
46,10,0.6000000000000005,0.7000000000000002,0.6500000000000004,-3.0,-2.9,-2.95,0,0,0,,1
47,10,0.7000000000000002,0.8000000000000007,0.7500000000000004,-3.0,-2.9,-2.95,0,0,0,,1
48,10,0.8000000000000007,0.9000000000000004,0.8500000000000005,-3.0,-2.9,-2.95,0,0,0,,1
49,10,0.9000000000000004,1.0,0.9500000000000002,-3.0,-2.9,-2.95,0,0,0,,1
50,10,1.0,1.1000000000000005,1.0500000000000003,-3.0,-2.9,-2.95,0,0,0,,1
51,10,1.1000000000000005,1.2000000000000002,1.1500000000000004,-3.0,-2.9,-2.95,0,0,0,,1
52,10,1.2000000000000002,1.3000000000000007,1.2500000000000004,-3.0,-2.9,-2.95,0,0,0,,1
53,10,1.3000000000000007,1.4000000000000004,1.3500000000000005,-3.0,-2.9,-2.95,0,0,0,,1
54,10,1.4000000000000004,1.5,1.4500000000000002,-3.0,-2.9,-2.95,0,0,0,,1
55,10,1.5,1.6000000000000005,1.5500000000000003,-3.0,-2.9,-2.95,0,0,0,,1
56,10,1.6000000000000005,1.7000000000000002,1.6500000000000004,-3.0,-2.9,-2.95,0,0,0,,1
57,10,1.7000000000000002,1.8000000000000007,1.7500000000000004,-3.0,-2.9,-2.95,0,0,0,,1
58,10,1.8000000000000007,1.9000000000000004,1.8500000000000005,-3.0,-2.9,-2.95,0,0,0,,1
59,10,1.9000000000000004,2.0,1.9500000000000002,-3.0,-2.9,-2.95,0,0,0,,1
60,10,2.0,2.1000000000000005,2.0500000000000003,-3.0,-2.9,-2.95,0,0,0,,1
61,10,2.1000000000000005,2.2,2.1500000000000004,-3.0,-2.9,-2.95,0,0,0,,1
62,10,2.2,2.3000000000000007,2.2500000000000004,-3.0,-2.9,-2.95,0,0,0,,1
63,10,2.3000000000000007,2.4000000000000004,2.3500000000000005,-3.0,-2.9,-2.95,0,0,0,,1
64,10,2.4000000000000004,2.5,2.45,-3.0,-2.9,-2.95,0,0,0,,1
65,10,2.5,2.6000000000000005,2.5500000000000003,-3.0,-2.9,-2.95,0,0,0,,1
66,10,2.6000000000000005,2.7,2.6500000000000004,-3.0,-2.9,-2.95,0,0,0,,1
67,10,2.7,2.8000000000000007,2.7500000000000004,-3.0,-2.9,-2.95,0,0,0,,1
68,10,2.8000000000000007,2.9000000000000004,2.8500000000000005,-3.0,-2.9,-2.95,0,0,0,,1
69,10,2.9000000000000004,3.0,2.95,-3.0,-2.9,-2.95,0,0,0,,1
70,10,3.0,3.1000000000000005,3.0500000000000003,-3.0,-2.9,-2.95,0,0,0,,1
71,10,3.1000000000000005,3.2,3.1500000000000004,-3.0,-2.9,-2.95,0,0,0,,1
72,10,3.2,3.3000000000000007,3.2500000000000004,-3.0,-2.9,-2.95,0,0,0,,1
73,10,3.3000000000000007,3.4000000000000004,3.3500000000000005,-3.0,-2.9,-2.95,0,0,0,,1
74,10,3.4000000000000004,3.5,3.45,-3.0,-2.9,-2.95,0,0,0,,1
75,10,3.5,3.6000000000000005,3.5500000000000003,-3.0,-2.9,-2.95,0,0,0,,1
76,10,3.6000000000000005,3.7,3.6500000000000004,-3.0,-2.9,-2.95,0,0,0,,1
77,10,3.7,3.8000000000000007,3.7500000000000004,-3.0,-2.9,-2.95,0,0,0,,1
78,10,3.8000000000000007,3.9000000000000004,3.8500000000000005,-3.0,-2.9,-2.95,0,0,0,,1
79,10,3.9000000000000004,4.0,3.95,-3.0,-2.9,-2.95,0,0,0,,1
0,11,-4.0,-3.9,-3.95,-2.9,-2.8,-2.8499999999999996,0,0,0,,1
1,11,-3.9,-3.8,-3.8499999999999996,-2.9,-2.8,-2.8499999999999996,0,0,0,,1
2,11,-3.8,-3.7,-3.75,-2.9,-2.8,-2.8499999999999996,0,0,0,,1
3,11,-3.7,-3.6,-3.6500000000000004,-2.9,-2.8,-2.8499999999999996,0,0,0,,1
4,11,-3.6,-3.5,-3.55,-2.9,-2.8,-2.8499999999999996,0,0,0,,1
5,11,-3.5,-3.4,-3.45,-2.9,-2.8,-2.8499999999999996,0,0,0,,1
6,11,-3.4,-3.3,-3.3499999999999996,-2.9,-2.8,-2.8499999999999996,0,0,0,,1
7,11,-3.3,-3.2,-3.25,-2.9,-2.8,-2.8499999999999996,0,0,0,,1
8,11,-3.2,-3.1,-3.1500000000000004,-2.9,-2.8,-2.8499999999999996,0,0,0,,1
9,11,-3.1,-3.0,-3.05,-2.9,-2.8,-2.8499999999999996,0,0,0,,1
10,11,-3.0,-2.9,-2.95,-2.9,-2.8,-2.8499999999999996,0,0,0,,1
11,11,-2.9,-2.8,-2.8499999999999996,-2.9,-2.8,-2.8499999999999996,0,0,0,,1
12,11,-2.8,-2.7,-2.75,-2.9,-2.8,-2.8499999999999996,0,0,0,,1
13,11,-2.7,-2.5999999999999996,-2.65,-2.9,-2.8,-2.8499999999999996,0,0,0,,1
14,11,-2.5999999999999996,-2.5,-2.55,-2.9,-2.8,-2.8499999999999996,0,0,0,,1
15,11,-2.5,-2.4,-2.45,-2.9,-2.8,-2.8499999999999996,0,0,0,,1
16,11,-2.4,-2.3,-2.3499999999999996,-2.9,-2.8,-2.8499999999999996,0,0,0,,1
17,11,-2.3,-2.2,-2.25,-2.9,-2.8,-2.8499999999999996,0,0,0,,1
18,11,-2.2,-2.0999999999999996,-2.15,-2.9,-2.8,-2.8499999999999996,0,0,0,,1
19,11,-2.0999999999999996,-2.0,-2.05,-2.9,-2.8,-2.8499999999999996,0,0,0,,1
20,11,-2.0,-1.9,-1.95,-2.9,-2.8,-2.8499999999999996,0,0,0,,1
21,11,-1.9,-1.7999999999999998,-1.8499999999999999,-2.9,-2.8,-2.8499999999999996,0,0,0,,1
22,11,-1.7999999999999998,-1.6999999999999997,-1.7499999999999998,-2.9,-2.8,-2.8499999999999996,0,0,0,,1
23,11,-1.6999999999999997,-1.5999999999999996,-1.6499999999999997,-2.9,-2.8,-2.8499999999999996,0,0,0,,1
24,11,-1.5999999999999996,-1.5,-1.5499999999999998,-2.9,-2.8,-2.8499999999999996,0,0,0,,1
25,11,-1.5,-1.4,-1.45,-2.9,-2.8,-2.8499999999999996,0,0,0,,1
26,11,-1.4,-1.2999999999999998,-1.3499999999999999,-2.9,-2.8,-2.8499999999999996,0,0,0,,1
27,11,-1.2999999999999998,-1.1999999999999997,-1.2499999999999998,-2.9,-2.8,-2.8499999999999996,0,0,0,,1
28,11,-1.1999999999999997,-1.0999999999999996,-1.1499999999999997,-2.9,-2.8,-2.8499999999999996,0,0,0,,1
29,11,-1.0999999999999996,-1.0,-1.0499999999999998,-2.9,-2.8,-2.8499999999999996,0,0,0,,1
30,11,-1.0,-0.8999999999999999,-0.95,-2.9,-2.8,-2.8499999999999996,0,0,0,,1
31,11,-0.8999999999999999,-0.7999999999999998,-0.8499999999999999,-2.9,-2.8,-2.8499999999999996,0,0,0,,1
32,11,-0.7999999999999998,-0.6999999999999997,-0.7499999999999998,-2.9,-2.8,-2.8499999999999996,0,0,0,,1
33,11,-0.6999999999999997,-0.5999999999999996,-0.6499999999999997,-2.9,-2.8,-2.8499999999999996,0,0,0,,1
34,11,-0.5999999999999996,-0.5,-0.5499999999999998,-2.9,-2.8,-2.8499999999999996,0,0,0,,1
35,11,-0.5,-0.3999999999999999,-0.44999999999999996,-2.9,-2.8,-2.8499999999999996,0,0,0,,1
36,11,-0.3999999999999999,-0.2999999999999998,-0.34999999999999987,-2.9,-2.8,-2.8499999999999996,0,0,0,,1
37,11,-0.2999999999999998,-0.19999999999999973,-0.24999999999999978,-2.9,-2.8,-2.8499999999999996,0,0,0,,1
38,11,-0.19999999999999973,-0.09999999999999964,-0.1499999999999997,-2.9,-2.8,-2.8499999999999996,0,0,0,,1
39,11,-0.09999999999999964,0.0,-0.04999999999999982,-2.9,-2.8,-2.8499999999999996,0,0,0,,1
40,11,0.0,0.10000000000000053,0.050000000000000266,-2.9,-2.8,-2.8499999999999996,0,0,0,,1
41,11,0.10000000000000053,0.20000000000000018,0.15000000000000036,-2.9,-2.8,-2.8499999999999996,0,0,0,,1
42,11,0.20000000000000018,0.2999999999999998,0.25,-2.9,-2.8,-2.8499999999999996,0,0,0,,1
43,11,0.2999999999999998,0.40000000000000036,0.3500000000000001,-2.9,-2.8,-2.8499999999999996,0,0,0,,1
44,11,0.40000000000000036,0.5,0.4500000000000002,-2.9,-2.8,-2.8499999999999996,0,0,0,,1
45,11,0.5,0.6000000000000005,0.5500000000000003,-2.9,-2.8,-2.8499999999999996,0,0,0,,1
46,11,0.6000000000000005,0.7000000000000002,0.6500000000000004,-2.9,-2.8,-2.8499999999999996,0,0,0,,1
47,11,0.7000000000000002,0.8000000000000007,0.7500000000000004,-2.9,-2.8,-2.8499999999999996,0,0,0,,1
48,11,0.8000000000000007,0.9000000000000004,0.8500000000000005,-2.9,-2.8,-2.8499999999999996,0,0,0,,1
49,11,0.9000000000000004,1.0,0.9500000000000002,-2.9,-2.8,-2.8499999999999996,0,0,0,,1
50,11,1.0,1.1000000000000005,1.0500000000000003,-2.9,-2.8,-2.8499999999999996,0,0,0,,1
51,11,1.1000000000000005,1.2000000000000002,1.1500000000000004,-2.9,-2.8,-2.8499999999999996,0,0,0,,1
52,11,1.2000000000000002,1.3000000000000007,1.2500000000000004,-2.9,-2.8,-2.8499999999999996,0,0,0,,1
53,11,1.3000000000000007,1.4000000000000004,1.3500000000000005,-2.9,-2.8,-2.8499999999999996,0,0,0,,1
54,11,1.4000000000000004,1.5,1.4500000000000002,-2.9,-2.8,-2.8499999999999996,0,0,0,,1
55,11,1.5,1.6000000000000005,1.5500000000000003,-2.9,-2.8,-2.8499999999999996,0,0,0,,1
56,11,1.6000000000000005,1.7000000000000002,1.6500000000000004,-2.9,-2.8,-2.8499999999999996,0,0,0,,1
57,11,1.7000000000000002,1.8000000000000007,1.7500000000000004,-2.9,-2.8,-2.8499999999999996,0,0,0,,1
58,11,1.8000000000000007,1.9000000000000004,1.8500000000000005,-2.9,-2.8,-2.8499999999999996,0,0,0,,1
59,11,1.9000000000000004,2.0,1.9500000000000002,-2.9,-2.8,-2.8499999999999996,0,0,0,,1
60,11,2.0,2.1000000000000005,2.0500000000000003,-2.9,-2.8,-2.8499999999999996,0,0,0,,1
61,11,2.1000000000000005,2.2,2.1500000000000004,-2.9,-2.8,-2.8499999999999996,0,0,0,,1
62,11,2.2,2.3000000000000007,2.2500000000000004,-2.9,-2.8,-2.8499999999999996,0,0,0,,1
63,11,2.3000000000000007,2.4000000000000004,2.3500000000000005,-2.9,-2.8,-2.8499999999999996,0,0,0,,1
64,11,2.4000000000000004,2.5,2.45,-2.9,-2.8,-2.8499999999999996,0,0,0,,1
65,11,2.5,2.6000000000000005,2.5500000000000003,-2.9,-2.8,-2.8499999999999996,0,0,0,,1
66,11,2.6000000000000005,2.7,2.6500000000000004,-2.9,-2.8,-2.8499999999999996,0,0,0,,1
67,11,2.7,2.8000000000000007,2.7500000000000004,-2.9,-2.8,-2.8499999999999996,0,0,0,,1
68,11,2.8000000000000007,2.9000000000000004,2.8500000000000005,-2.9,-2.8,-2.8499999999999996,0,0,0,,1
69,11,2.9000000000000004,3.0,2.95,-2.9,-2.8,-2.8499999999999996,0,0,0,,1
70,11,3.0,3.1000000000000005,3.0500000000000003,-2.9,-2.8,-2.8499999999999996,0,0,0,,1
71,11,3.1000000000000005,3.2,3.1500000000000004,-2.9,-2.8,-2.8499999999999996,0,0,0,,1
72,11,3.2,3.3000000000000007,3.2500000000000004,-2.9,-2.8,-2.8499999999999996,0,0,0,,1
73,11,3.3000000000000007,3.4000000000000004,3.3500000000000005,-2.9,-2.8,-2.8499999999999996,0,0,0,,1
74,11,3.4000000000000004,3.5,3.45,-2.9,-2.8,-2.8499999999999996,0,0,0,,1
75,11,3.5,3.6000000000000005,3.5500000000000003,-2.9,-2.8,-2.8499999999999996,0,0,0,,1
76,11,3.6000000000000005,3.7,3.6500000000000004,-2.9,-2.8,-2.8499999999999996,0,0,0,,1
77,11,3.7,3.8000000000000007,3.7500000000000004,-2.9,-2.8,-2.8499999999999996,0,0,0,,1
78,11,3.8000000000000007,3.9000000000000004,3.8500000000000005,-2.9,-2.8,-2.8499999999999996,0,0,0,,1
79,11,3.9000000000000004,4.0,3.95,-2.9,-2.8,-2.8499999999999996,0,0,0,,1
0,12,-4.0,-3.9,-3.95,-2.8,-2.7,-2.75,0,0,0,,1
1,12,-3.9,-3.8,-3.8499999999999996,-2.8,-2.7,-2.75,0,0,0,,1
2,12,-3.8,-3.7,-3.75,-2.8,-2.7,-2.75,0,0,0,,1
3,12,-3.7,-3.6,-3.6500000000000004,-2.8,-2.7,-2.75,0,0,0,,1
4,12,-3.6,-3.5,-3.55,-2.8,-2.7,-2.75,0,0,0,,1
5,12,-3.5,-3.4,-3.45,-2.8,-2.7,-2.75,0,0,0,,1
6,12,-3.4,-3.3,-3.3499999999999996,-2.8,-2.7,-2.75,0,0,0,,1
7,12,-3.3,-3.2,-3.25,-2.8,-2.7,-2.75,0,0,0,,1
8,12,-3.2,-3.1,-3.1500000000000004,-2.8,-2.7,-2.75,0,0,0,,1
9,12,-3.1,-3.0,-3.05,-2.8,-2.7,-2.75,0,0,0,,1
10,12,-3.0,-2.9,-2.95,-2.8,-2.7,-2.75,0,0,0,,1
11,12,-2.9,-2.8,-2.8499999999999996,-2.8,-2.7,-2.75,0,0,0,,1
12,12,-2.8,-2.7,-2.75,-2.8,-2.7,-2.75,0,0,0,,1
13,12,-2.7,-2.5999999999999996,-2.65,-2.8,-2.7,-2.75,0,0,0,,1
14,12,-2.5999999999999996,-2.5,-2.55,-2.8,-2.7,-2.75,0,0,0,,1
15,12,-2.5,-2.4,-2.45,-2.8,-2.7,-2.75,0,0,0,,1
16,12,-2.4,-2.3,-2.3499999999999996,-2.8,-2.7,-2.75,0,0,0,,1
17,12,-2.3,-2.2,-2.25,-2.8,-2.7,-2.75,0,0,0,,1
18,12,-2.2,-2.0999999999999996,-2.15,-2.8,-2.7,-2.75,0,0,0,,1
19,12,-2.0999999999999996,-2.0,-2.05,-2.8,-2.7,-2.75,0,0,0,,1
20,12,-2.0,-1.9,-1.95,-2.8,-2.7,-2.75,0,0,0,,1
21,12,-1.9,-1.7999999999999998,-1.8499999999999999,-2.8,-2.7,-2.75,0,0,0,,1
22,12,-1.7999999999999998,-1.6999999999999997,-1.7499999999999998,-2.8,-2.7,-2.75,0,0,0,,1
23,12,-1.6999999999999997,-1.5999999999999996,-1.6499999999999997,-2.8,-2.7,-2.75,0,0,0,,1
24,12,-1.5999999999999996,-1.5,-1.5499999999999998,-2.8,-2.7,-2.75,0,0,0,,1
25,12,-1.5,-1.4,-1.45,-2.8,-2.7,-2.75,0,0,0,,1
26,12,-1.4,-1.2999999999999998,-1.3499999999999999,-2.8,-2.7,-2.75,0,0,0,,1
27,12,-1.2999999999999998,-1.1999999999999997,-1.2499999999999998,-2.8,-2.7,-2.75,0,0,0,,1
28,12,-1.1999999999999997,-1.0999999999999996,-1.1499999999999997,-2.8,-2.7,-2.75,0,0,0,,1
29,12,-1.0999999999999996,-1.0,-1.0499999999999998,-2.8,-2.7,-2.75,0,0,0,,1
30,12,-1.0,-0.8999999999999999,-0.95,-2.8,-2.7,-2.75,0,0,0,,1
31,12,-0.8999999999999999,-0.7999999999999998,-0.8499999999999999,-2.8,-2.7,-2.75,0,0,0,,1
32,12,-0.7999999999999998,-0.6999999999999997,-0.7499999999999998,-2.8,-2.7,-2.75,0,0,0,,1
33,12,-0.6999999999999997,-0.5999999999999996,-0.6499999999999997,-2.8,-2.7,-2.75,0,0,0,,1
34,12,-0.5999999999999996,-0.5,-0.5499999999999998,-2.8,-2.7,-2.75,0,0,0,,1
35,12,-0.5,-0.3999999999999999,-0.44999999999999996,-2.8,-2.7,-2.75,0,0,0,,1
36,12,-0.3999999999999999,-0.2999999999999998,-0.34999999999999987,-2.8,-2.7,-2.75,0,0,0,,1
37,12,-0.2999999999999998,-0.19999999999999973,-0.24999999999999978,-2.8,-2.7,-2.75,0,0,0,,1
38,12,-0.19999999999999973,-0.09999999999999964,-0.1499999999999997,-2.8,-2.7,-2.75,0,0,0,,1
39,12,-0.09999999999999964,0.0,-0.04999999999999982,-2.8,-2.7,-2.75,0,0,0,,1
40,12,0.0,0.10000000000000053,0.050000000000000266,-2.8,-2.7,-2.75,0,0,0,,1
41,12,0.10000000000000053,0.20000000000000018,0.15000000000000036,-2.8,-2.7,-2.75,0,0,0,,1
42,12,0.20000000000000018,0.2999999999999998,0.25,-2.8,-2.7,-2.75,0,0,0,,1
43,12,0.2999999999999998,0.40000000000000036,0.3500000000000001,-2.8,-2.7,-2.75,0,0,0,,1
44,12,0.40000000000000036,0.5,0.4500000000000002,-2.8,-2.7,-2.75,0,0,0,,1
45,12,0.5,0.6000000000000005,0.5500000000000003,-2.8,-2.7,-2.75,0,0,0,,1
46,12,0.6000000000000005,0.7000000000000002,0.6500000000000004,-2.8,-2.7,-2.75,0,0,0,,1
47,12,0.7000000000000002,0.8000000000000007,0.7500000000000004,-2.8,-2.7,-2.75,0,0,0,,1
48,12,0.8000000000000007,0.9000000000000004,0.8500000000000005,-2.8,-2.7,-2.75,0,0,0,,1
49,12,0.9000000000000004,1.0,0.9500000000000002,-2.8,-2.7,-2.75,0,0,0,,1
50,12,1.0,1.1000000000000005,1.0500000000000003,-2.8,-2.7,-2.75,0,0,0,,1
51,12,1.1000000000000005,1.2000000000000002,1.1500000000000004,-2.8,-2.7,-2.75,0,0,0,,1
52,12,1.2000000000000002,1.3000000000000007,1.2500000000000004,-2.8,-2.7,-2.75,0,0,0,,1
53,12,1.3000000000000007,1.4000000000000004,1.3500000000000005,-2.8,-2.7,-2.75,0,0,0,,1
54,12,1.4000000000000004,1.5,1.4500000000000002,-2.8,-2.7,-2.75,0,0,0,,1
55,12,1.5,1.6000000000000005,1.5500000000000003,-2.8,-2.7,-2.75,0,0,0,,1
56,12,1.6000000000000005,1.7000000000000002,1.6500000000000004,-2.8,-2.7,-2.75,0,0,0,,1
57,12,1.7000000000000002,1.8000000000000007,1.7500000000000004,-2.8,-2.7,-2.75,0,0,0,,1
58,12,1.8000000000000007,1.9000000000000004,1.8500000000000005,-2.8,-2.7,-2.75,0,0,0,,1
59,12,1.9000000000000004,2.0,1.9500000000000002,-2.8,-2.7,-2.75,0,0,0,,1
60,12,2.0,2.1000000000000005,2.0500000000000003,-2.8,-2.7,-2.75,0,0,0,,1
61,12,2.1000000000000005,2.2,2.1500000000000004,-2.8,-2.7,-2.75,0,0,0,,1
62,12,2.2,2.3000000000000007,2.2500000000000004,-2.8,-2.7,-2.75,0,0,0,,1
63,12,2.3000000000000007,2.4000000000000004,2.3500000000000005,-2.8,-2.7,-2.75,0,0,0,,1
64,12,2.4000000000000004,2.5,2.45,-2.8,-2.7,-2.75,0,0,0,,1
65,12,2.5,2.6000000000000005,2.5500000000000003,-2.8,-2.7,-2.75,0,0,0,,1
66,12,2.6000000000000005,2.7,2.6500000000000004,-2.8,-2.7,-2.75,0,0,0,,1
67,12,2.7,2.8000000000000007,2.7500000000000004,-2.8,-2.7,-2.75,0,0,0,,1
68,12,2.8000000000000007,2.9000000000000004,2.8500000000000005,-2.8,-2.7,-2.75,0,0,0,,1
69,12,2.9000000000000004,3.0,2.95,-2.8,-2.7,-2.75,0,0,0,,1
70,12,3.0,3.1000000000000005,3.0500000000000003,-2.8,-2.7,-2.75,0,0,0,,1
71,12,3.1000000000000005,3.2,3.1500000000000004,-2.8,-2.7,-2.75,0,0,0,,1
72,12,3.2,3.3000000000000007,3.2500000000000004,-2.8,-2.7,-2.75,0,0,0,,1
73,12,3.3000000000000007,3.4000000000000004,3.3500000000000005,-2.8,-2.7,-2.75,0,0,0,,1
74,12,3.4000000000000004,3.5,3.45,-2.8,-2.7,-2.75,0,0,0,,1
75,12,3.5,3.6000000000000005,3.5500000000000003,-2.8,-2.7,-2.75,0,0,0,,1
76,12,3.6000000000000005,3.7,3.6500000000000004,-2.8,-2.7,-2.75,0,0,0,,1
77,12,3.7,3.8000000000000007,3.7500000000000004,-2.8,-2.7,-2.75,0,0,0,,1
78,12,3.8000000000000007,3.9000000000000004,3.8500000000000005,-2.8,-2.7,-2.75,0,0,0,,1
79,12,3.9000000000000004,4.0,3.95,-2.8,-2.7,-2.75,0,0,0,,1
0,13,-4.0,-3.9,-3.95,-2.7,-2.5999999999999996,-2.65,0,0,0,,1
1,13,-3.9,-3.8,-3.8499999999999996,-2.7,-2.5999999999999996,-2.65,0,0,0,,1
2,13,-3.8,-3.7,-3.75,-2.7,-2.5999999999999996,-2.65,0,0,0,,1
3,13,-3.7,-3.6,-3.6500000000000004,-2.7,-2.5999999999999996,-2.65,0,0,0,,1
4,13,-3.6,-3.5,-3.55,-2.7,-2.5999999999999996,-2.65,0,0,0,,1
5,13,-3.5,-3.4,-3.45,-2.7,-2.5999999999999996,-2.65,0,0,0,,1
6,13,-3.4,-3.3,-3.3499999999999996,-2.7,-2.5999999999999996,-2.65,0,0,0,,1
7,13,-3.3,-3.2,-3.25,-2.7,-2.5999999999999996,-2.65,0,0,0,,1
8,13,-3.2,-3.1,-3.1500000000000004,-2.7,-2.5999999999999996,-2.65,0,0,0,,1
9,13,-3.1,-3.0,-3.05,-2.7,-2.5999999999999996,-2.65,0,0,0,,1
10,13,-3.0,-2.9,-2.95,-2.7,-2.5999999999999996,-2.65,0,0,0,,1
11,13,-2.9,-2.8,-2.8499999999999996,-2.7,-2.5999999999999996,-2.65,0,0,0,,1
12,13,-2.8,-2.7,-2.75,-2.7,-2.5999999999999996,-2.65,0,0,0,,1
13,13,-2.7,-2.5999999999999996,-2.65,-2.7,-2.5999999999999996,-2.65,0,0,0,,1
14,13,-2.5999999999999996,-2.5,-2.55,-2.7,-2.5999999999999996,-2.65,0,0,0,,1
15,13,-2.5,-2.4,-2.45,-2.7,-2.5999999999999996,-2.65,0,0,0,,1
16,13,-2.4,-2.3,-2.3499999999999996,-2.7,-2.5999999999999996,-2.65,0,0,0,,1
17,13,-2.3,-2.2,-2.25,-2.7,-2.5999999999999996,-2.65,0,0,0,,1
18,13,-2.2,-2.0999999999999996,-2.15,-2.7,-2.5999999999999996,-2.65,0,0,0,,1
19,13,-2.0999999999999996,-2.0,-2.05,-2.7,-2.5999999999999996,-2.65,0,0,0,,1
20,13,-2.0,-1.9,-1.95,-2.7,-2.5999999999999996,-2.65,0,0,0,,1
21,13,-1.9,-1.7999999999999998,-1.8499999999999999,-2.7,-2.5999999999999996,-2.65,0,0,0,,1
22,13,-1.7999999999999998,-1.6999999999999997,-1.7499999999999998,-2.7,-2.5999999999999996,-2.65,0,0,0,,1
23,13,-1.6999999999999997,-1.5999999999999996,-1.6499999999999997,-2.7,-2.5999999999999996,-2.65,0,0,0,,1
24,13,-1.5999999999999996,-1.5,-1.5499999999999998,-2.7,-2.5999999999999996,-2.65,0,0,0,,1
25,13,-1.5,-1.4,-1.45,-2.7,-2.5999999999999996,-2.65,0,0,0,,1
26,13,-1.4,-1.2999999999999998,-1.3499999999999999,-2.7,-2.5999999999999996,-2.65,0,0,0,,1
27,13,-1.2999999999999998,-1.1999999999999997,-1.2499999999999998,-2.7,-2.5999999999999996,-2.65,0,0,0,,1
28,13,-1.1999999999999997,-1.0999999999999996,-1.1499999999999997,-2.7,-2.5999999999999996,-2.65,0,0,0,,1
29,13,-1.0999999999999996,-1.0,-1.0499999999999998,-2.7,-2.5999999999999996,-2.65,0,0,0,,1
30,13,-1.0,-0.8999999999999999,-0.95,-2.7,-2.5999999999999996,-2.65,0,0,0,,1
31,13,-0.8999999999999999,-0.7999999999999998,-0.8499999999999999,-2.7,-2.5999999999999996,-2.65,0,0,0,,1
32,13,-0.7999999999999998,-0.6999999999999997,-0.7499999999999998,-2.7,-2.5999999999999996,-2.65,0,0,0,,1
33,13,-0.6999999999999997,-0.5999999999999996,-0.6499999999999997,-2.7,-2.5999999999999996,-2.65,0,0,0,,1
34,13,-0.5999999999999996,-0.5,-0.5499999999999998,-2.7,-2.5999999999999996,-2.65,0,0,0,,1
35,13,-0.5,-0.3999999999999999,-0.44999999999999996,-2.7,-2.5999999999999996,-2.65,0,0,0,,1
36,13,-0.3999999999999999,-0.2999999999999998,-0.34999999999999987,-2.7,-2.5999999999999996,-2.65,0,0,0,,1
37,13,-0.2999999999999998,-0.19999999999999973,-0.24999999999999978,-2.7,-2.5999999999999996,-2.65,0,0,0,,1
38,13,-0.19999999999999973,-0.09999999999999964,-0.1499999999999997,-2.7,-2.5999999999999996,-2.65,0,0,0,,1
39,13,-0.09999999999999964,0.0,-0.04999999999999982,-2.7,-2.5999999999999996,-2.65,0,0,0,,1
40,13,0.0,0.10000000000000053,0.050000000000000266,-2.7,-2.5999999999999996,-2.65,0,0,0,,1
41,13,0.10000000000000053,0.20000000000000018,0.15000000000000036,-2.7,-2.5999999999999996,-2.65,0,0,0,,1
42,13,0.20000000000000018,0.2999999999999998,0.25,-2.7,-2.5999999999999996,-2.65,0,0,0,,1
43,13,0.2999999999999998,0.40000000000000036,0.3500000000000001,-2.7,-2.5999999999999996,-2.65,0,0,0,,1
44,13,0.40000000000000036,0.5,0.4500000000000002,-2.7,-2.5999999999999996,-2.65,0,0,0,,1
45,13,0.5,0.6000000000000005,0.5500000000000003,-2.7,-2.5999999999999996,-2.65,0,0,0,,1
46,13,0.6000000000000005,0.7000000000000002,0.6500000000000004,-2.7,-2.5999999999999996,-2.65,0,0,0,,1
47,13,0.7000000000000002,0.8000000000000007,0.7500000000000004,-2.7,-2.5999999999999996,-2.65,0,0,0,,1
48,13,0.8000000000000007,0.9000000000000004,0.8500000000000005,-2.7,-2.5999999999999996,-2.65,0,0,0,,1
49,13,0.9000000000000004,1.0,0.9500000000000002,-2.7,-2.5999999999999996,-2.65,0,0,0,,1
50,13,1.0,1.1000000000000005,1.0500000000000003,-2.7,-2.5999999999999996,-2.65,0,0,0,,1
51,13,1.1000000000000005,1.2000000000000002,1.1500000000000004,-2.7,-2.5999999999999996,-2.65,0,0,0,,1
52,13,1.2000000000000002,1.3000000000000007,1.2500000000000004,-2.7,-2.5999999999999996,-2.65,0,0,0,,1
53,13,1.3000000000000007,1.4000000000000004,1.3500000000000005,-2.7,-2.5999999999999996,-2.65,0,0,0,,1
54,13,1.4000000000000004,1.5,1.4500000000000002,-2.7,-2.5999999999999996,-2.65,0,0,0,,1
55,13,1.5,1.6000000000000005,1.5500000000000003,-2.7,-2.5999999999999996,-2.65,0,0,0,,1
56,13,1.6000000000000005,1.7000000000000002,1.6500000000000004,-2.7,-2.5999999999999996,-2.65,0,0,0,,1
57,13,1.7000000000000002,1.8000000000000007,1.7500000000000004,-2.7,-2.5999999999999996,-2.65,0,0,0,,1
58,13,1.8000000000000007,1.9000000000000004,1.8500000000000005,-2.7,-2.5999999999999996,-2.65,0,0,0,,1
59,13,1.9000000000000004,2.0,1.9500000000000002,-2.7,-2.5999999999999996,-2.65,0,0,0,,1
60,13,2.0,2.1000000000000005,2.0500000000000003,-2.7,-2.5999999999999996,-2.65,0,0,0,,1
61,13,2.1000000000000005,2.2,2.1500000000000004,-2.7,-2.5999999999999996,-2.65,0,0,0,,1
62,13,2.2,2.3000000000000007,2.2500000000000004,-2.7,-2.5999999999999996,-2.65,0,0,0,,1
63,13,2.3000000000000007,2.4000000000000004,2.3500000000000005,-2.7,-2.5999999999999996,-2.65,0,0,0,,1
64,13,2.4000000000000004,2.5,2.45,-2.7,-2.5999999999999996,-2.65,0,0,0,,1
65,13,2.5,2.6000000000000005,2.5500000000000003,-2.7,-2.5999999999999996,-2.65,0,0,0,,1
66,13,2.6000000000000005,2.7,2.6500000000000004,-2.7,-2.5999999999999996,-2.65,0,0,0,,1
67,13,2.7,2.8000000000000007,2.7500000000000004,-2.7,-2.5999999999999996,-2.65,0,0,0,,1
68,13,2.8000000000000007,2.9000000000000004,2.8500000000000005,-2.7,-2.5999999999999996,-2.65,0,0,0,,1
69,13,2.9000000000000004,3.0,2.95,-2.7,-2.5999999999999996,-2.65,0,0,0,,1
70,13,3.0,3.1000000000000005,3.0500000000000003,-2.7,-2.5999999999999996,-2.65,0,0,0,,1
71,13,3.1000000000000005,3.2,3.1500000000000004,-2.7,-2.5999999999999996,-2.65,0,0,0,,1
72,13,3.2,3.3000000000000007,3.2500000000000004,-2.7,-2.5999999999999996,-2.65,0,0,0,,1
73,13,3.3000000000000007,3.4000000000000004,3.3500000000000005,-2.7,-2.5999999999999996,-2.65,0,0,0,,1
74,13,3.4000000000000004,3.5,3.45,-2.7,-2.5999999999999996,-2.65,0,0,0,,1
75,13,3.5,3.6000000000000005,3.5500000000000003,-2.7,-2.5999999999999996,-2.65,0,0,0,,1
76,13,3.6000000000000005,3.7,3.6500000000000004,-2.7,-2.5999999999999996,-2.65,0,0,0,,1
77,13,3.7,3.8000000000000007,3.7500000000000004,-2.7,-2.5999999999999996,-2.65,0,0,0,,1
78,13,3.8000000000000007,3.9000000000000004,3.8500000000000005,-2.7,-2.5999999999999996,-2.65,0,0,0,,1
79,13,3.9000000000000004,4.0,3.95,-2.7,-2.5999999999999996,-2.65,0,0,0,,1
0,14,-4.0,-3.9,-3.95,-2.5999999999999996,-2.5,-2.55,0,0,0,,1
1,14,-3.9,-3.8,-3.8499999999999996,-2.5999999999999996,-2.5,-2.55,0,0,0,,1
2,14,-3.8,-3.7,-3.75,-2.5999999999999996,-2.5,-2.55,0,0,0,,1
3,14,-3.7,-3.6,-3.6500000000000004,-2.5999999999999996,-2.5,-2.55,0,0,0,,1
4,14,-3.6,-3.5,-3.55,-2.5999999999999996,-2.5,-2.55,0,0,0,,1
5,14,-3.5,-3.4,-3.45,-2.5999999999999996,-2.5,-2.55,0,0,0,,1
6,14,-3.4,-3.3,-3.3499999999999996,-2.5999999999999996,-2.5,-2.55,0,0,0,,1
7,14,-3.3,-3.2,-3.25,-2.5999999999999996,-2.5,-2.55,0,0,0,,1
8,14,-3.2,-3.1,-3.1500000000000004,-2.5999999999999996,-2.5,-2.55,0,0,0,,1
9,14,-3.1,-3.0,-3.05,-2.5999999999999996,-2.5,-2.55,0,0,0,,1
10,14,-3.0,-2.9,-2.95,-2.5999999999999996,-2.5,-2.55,0,0,0,,1
11,14,-2.9,-2.8,-2.8499999999999996,-2.5999999999999996,-2.5,-2.55,0,0,0,,1
12,14,-2.8,-2.7,-2.75,-2.5999999999999996,-2.5,-2.55,0,0,0,,1
13,14,-2.7,-2.5999999999999996,-2.65,-2.5999999999999996,-2.5,-2.55,0,0,0,,1
14,14,-2.5999999999999996,-2.5,-2.55,-2.5999999999999996,-2.5,-2.55,0,0,0,,1
15,14,-2.5,-2.4,-2.45,-2.5999999999999996,-2.5,-2.55,0,0,0,,1
16,14,-2.4,-2.3,-2.3499999999999996,-2.5999999999999996,-2.5,-2.55,0,0,0,,1
17,14,-2.3,-2.2,-2.25,-2.5999999999999996,-2.5,-2.55,0,0,0,,1
18,14,-2.2,-2.0999999999999996,-2.15,-2.5999999999999996,-2.5,-2.55,0,0,0,,1
19,14,-2.0999999999999996,-2.0,-2.05,-2.5999999999999996,-2.5,-2.55,0,0,0,,1
20,14,-2.0,-1.9,-1.95,-2.5999999999999996,-2.5,-2.55,0,0,0,,1
21,14,-1.9,-1.7999999999999998,-1.8499999999999999,-2.5999999999999996,-2.5,-2.55,0,0,0,,1
22,14,-1.7999999999999998,-1.6999999999999997,-1.7499999999999998,-2.5999999999999996,-2.5,-2.55,0,0,0,,1
23,14,-1.6999999999999997,-1.5999999999999996,-1.6499999999999997,-2.5999999999999996,-2.5,-2.55,0,0,0,,1
24,14,-1.5999999999999996,-1.5,-1.5499999999999998,-2.5999999999999996,-2.5,-2.55,0,0,0,,1
25,14,-1.5,-1.4,-1.45,-2.5999999999999996,-2.5,-2.55,0,0,0,,1
26,14,-1.4,-1.2999999999999998,-1.3499999999999999,-2.5999999999999996,-2.5,-2.55,0,0,0,,1
27,14,-1.2999999999999998,-1.1999999999999997,-1.2499999999999998,-2.5999999999999996,-2.5,-2.55,0,0,0,,1
28,14,-1.1999999999999997,-1.0999999999999996,-1.1499999999999997,-2.5999999999999996,-2.5,-2.55,0,0,0,,1
29,14,-1.0999999999999996,-1.0,-1.0499999999999998,-2.5999999999999996,-2.5,-2.55,0,0,0,,1
30,14,-1.0,-0.8999999999999999,-0.95,-2.5999999999999996,-2.5,-2.55,0,0,0,,1
31,14,-0.8999999999999999,-0.7999999999999998,-0.8499999999999999,-2.5999999999999996,-2.5,-2.55,0,0,0,,1
32,14,-0.7999999999999998,-0.6999999999999997,-0.7499999999999998,-2.5999999999999996,-2.5,-2.55,0,0,0,,1
33,14,-0.6999999999999997,-0.5999999999999996,-0.6499999999999997,-2.5999999999999996,-2.5,-2.55,0,0,0,,1
34,14,-0.5999999999999996,-0.5,-0.5499999999999998,-2.5999999999999996,-2.5,-2.55,0,0,0,,1
35,14,-0.5,-0.3999999999999999,-0.44999999999999996,-2.5999999999999996,-2.5,-2.55,0,0,0,,1
36,14,-0.3999999999999999,-0.2999999999999998,-0.34999999999999987,-2.5999999999999996,-2.5,-2.55,0,0,0,,1
37,14,-0.2999999999999998,-0.19999999999999973,-0.24999999999999978,-2.5999999999999996,-2.5,-2.55,0,0,0,,1
38,14,-0.19999999999999973,-0.09999999999999964,-0.1499999999999997,-2.5999999999999996,-2.5,-2.55,0,0,0,,1
39,14,-0.09999999999999964,0.0,-0.04999999999999982,-2.5999999999999996,-2.5,-2.55,0,0,0,,1
40,14,0.0,0.10000000000000053,0.050000000000000266,-2.5999999999999996,-2.5,-2.55,0,0,0,,1
41,14,0.10000000000000053,0.20000000000000018,0.15000000000000036,-2.5999999999999996,-2.5,-2.55,1,0,1,1.0,1
42,14,0.20000000000000018,0.2999999999999998,0.25,-2.5999999999999996,-2.5,-2.55,0,0,0,,1
43,14,0.2999999999999998,0.40000000000000036,0.3500000000000001,-2.5999999999999996,-2.5,-2.55,0,0,0,,1
44,14,0.40000000000000036,0.5,0.4500000000000002,-2.5999999999999996,-2.5,-2.55,0,0,0,,1
45,14,0.5,0.6000000000000005,0.5500000000000003,-2.5999999999999996,-2.5,-2.55,0,0,0,,1
46,14,0.6000000000000005,0.7000000000000002,0.6500000000000004,-2.5999999999999996,-2.5,-2.55,0,0,0,,1
47,14,0.7000000000000002,0.8000000000000007,0.7500000000000004,-2.5999999999999996,-2.5,-2.55,0,0,0,,1
48,14,0.8000000000000007,0.9000000000000004,0.8500000000000005,-2.5999999999999996,-2.5,-2.55,0,0,0,,1
49,14,0.9000000000000004,1.0,0.9500000000000002,-2.5999999999999996,-2.5,-2.55,0,0,0,,1
50,14,1.0,1.1000000000000005,1.0500000000000003,-2.5999999999999996,-2.5,-2.55,0,0,0,,1
51,14,1.1000000000000005,1.2000000000000002,1.1500000000000004,-2.5999999999999996,-2.5,-2.55,0,0,0,,1
52,14,1.2000000000000002,1.3000000000000007,1.2500000000000004,-2.5999999999999996,-2.5,-2.55,0,0,0,,1
53,14,1.3000000000000007,1.4000000000000004,1.3500000000000005,-2.5999999999999996,-2.5,-2.55,0,0,0,,1
54,14,1.4000000000000004,1.5,1.4500000000000002,-2.5999999999999996,-2.5,-2.55,0,0,0,,1
55,14,1.5,1.6000000000000005,1.5500000000000003,-2.5999999999999996,-2.5,-2.55,0,0,0,,1
56,14,1.6000000000000005,1.7000000000000002,1.6500000000000004,-2.5999999999999996,-2.5,-2.55,0,0,0,,1
57,14,1.7000000000000002,1.8000000000000007,1.7500000000000004,-2.5999999999999996,-2.5,-2.55,0,0,0,,1
58,14,1.8000000000000007,1.9000000000000004,1.8500000000000005,-2.5999999999999996,-2.5,-2.55,0,0,0,,1
59,14,1.9000000000000004,2.0,1.9500000000000002,-2.5999999999999996,-2.5,-2.55,0,0,0,,1
60,14,2.0,2.1000000000000005,2.0500000000000003,-2.5999999999999996,-2.5,-2.55,0,0,0,,1
61,14,2.1000000000000005,2.2,2.1500000000000004,-2.5999999999999996,-2.5,-2.55,0,0,0,,1
62,14,2.2,2.3000000000000007,2.2500000000000004,-2.5999999999999996,-2.5,-2.55,0,0,0,,1
63,14,2.3000000000000007,2.4000000000000004,2.3500000000000005,-2.5999999999999996,-2.5,-2.55,0,0,0,,1
64,14,2.4000000000000004,2.5,2.45,-2.5999999999999996,-2.5,-2.55,0,0,0,,1
65,14,2.5,2.6000000000000005,2.5500000000000003,-2.5999999999999996,-2.5,-2.55,0,0,0,,1
66,14,2.6000000000000005,2.7,2.6500000000000004,-2.5999999999999996,-2.5,-2.55,0,0,0,,1
67,14,2.7,2.8000000000000007,2.7500000000000004,-2.5999999999999996,-2.5,-2.55,0,0,0,,1
68,14,2.8000000000000007,2.9000000000000004,2.8500000000000005,-2.5999999999999996,-2.5,-2.55,0,0,0,,1
69,14,2.9000000000000004,3.0,2.95,-2.5999999999999996,-2.5,-2.55,0,0,0,,1
70,14,3.0,3.1000000000000005,3.0500000000000003,-2.5999999999999996,-2.5,-2.55,0,0,0,,1
71,14,3.1000000000000005,3.2,3.1500000000000004,-2.5999999999999996,-2.5,-2.55,0,0,0,,1
72,14,3.2,3.3000000000000007,3.2500000000000004,-2.5999999999999996,-2.5,-2.55,0,0,0,,1
73,14,3.3000000000000007,3.4000000000000004,3.3500000000000005,-2.5999999999999996,-2.5,-2.55,0,0,0,,1
74,14,3.4000000000000004,3.5,3.45,-2.5999999999999996,-2.5,-2.55,0,0,0,,1
75,14,3.5,3.6000000000000005,3.5500000000000003,-2.5999999999999996,-2.5,-2.55,0,0,0,,1
76,14,3.6000000000000005,3.7,3.6500000000000004,-2.5999999999999996,-2.5,-2.55,0,0,0,,1
77,14,3.7,3.8000000000000007,3.7500000000000004,-2.5999999999999996,-2.5,-2.55,0,0,0,,1
78,14,3.8000000000000007,3.9000000000000004,3.8500000000000005,-2.5999999999999996,-2.5,-2.55,0,0,0,,1
79,14,3.9000000000000004,4.0,3.95,-2.5999999999999996,-2.5,-2.55,0,0,0,,1
0,15,-4.0,-3.9,-3.95,-2.5,-2.4,-2.45,0,0,0,,1
1,15,-3.9,-3.8,-3.8499999999999996,-2.5,-2.4,-2.45,0,0,0,,1
2,15,-3.8,-3.7,-3.75,-2.5,-2.4,-2.45,0,0,0,,1
3,15,-3.7,-3.6,-3.6500000000000004,-2.5,-2.4,-2.45,0,0,0,,1
4,15,-3.6,-3.5,-3.55,-2.5,-2.4,-2.45,0,0,0,,1
5,15,-3.5,-3.4,-3.45,-2.5,-2.4,-2.45,0,0,0,,1
6,15,-3.4,-3.3,-3.3499999999999996,-2.5,-2.4,-2.45,0,0,0,,1
7,15,-3.3,-3.2,-3.25,-2.5,-2.4,-2.45,0,0,0,,1
8,15,-3.2,-3.1,-3.1500000000000004,-2.5,-2.4,-2.45,0,0,0,,1
9,15,-3.1,-3.0,-3.05,-2.5,-2.4,-2.45,0,0,0,,1
10,15,-3.0,-2.9,-2.95,-2.5,-2.4,-2.45,0,0,0,,1
11,15,-2.9,-2.8,-2.8499999999999996,-2.5,-2.4,-2.45,0,0,0,,1
12,15,-2.8,-2.7,-2.75,-2.5,-2.4,-2.45,0,0,0,,1
13,15,-2.7,-2.5999999999999996,-2.65,-2.5,-2.4,-2.45,0,0,0,,1
14,15,-2.5999999999999996,-2.5,-2.55,-2.5,-2.4,-2.45,0,0,0,,1
15,15,-2.5,-2.4,-2.45,-2.5,-2.4,-2.45,0,0,0,,1
16,15,-2.4,-2.3,-2.3499999999999996,-2.5,-2.4,-2.45,0,0,0,,1
17,15,-2.3,-2.2,-2.25,-2.5,-2.4,-2.45,0,0,0,,1
18,15,-2.2,-2.0999999999999996,-2.15,-2.5,-2.4,-2.45,0,0,0,,1
19,15,-2.0999999999999996,-2.0,-2.05,-2.5,-2.4,-2.45,0,0,0,,1
20,15,-2.0,-1.9,-1.95,-2.5,-2.4,-2.45,0,0,0,,1
21,15,-1.9,-1.7999999999999998,-1.8499999999999999,-2.5,-2.4,-2.45,0,0,0,,1
22,15,-1.7999999999999998,-1.6999999999999997,-1.7499999999999998,-2.5,-2.4,-2.45,0,0,0,,1
23,15,-1.6999999999999997,-1.5999999999999996,-1.6499999999999997,-2.5,-2.4,-2.45,0,0,0,,1
24,15,-1.5999999999999996,-1.5,-1.5499999999999998,-2.5,-2.4,-2.45,0,0,0,,1
25,15,-1.5,-1.4,-1.45,-2.5,-2.4,-2.45,0,0,0,,1
26,15,-1.4,-1.2999999999999998,-1.3499999999999999,-2.5,-2.4,-2.45,0,0,0,,1
27,15,-1.2999999999999998,-1.1999999999999997,-1.2499999999999998,-2.5,-2.4,-2.45,0,0,0,,1
28,15,-1.1999999999999997,-1.0999999999999996,-1.1499999999999997,-2.5,-2.4,-2.45,0,0,0,,1
29,15,-1.0999999999999996,-1.0,-1.0499999999999998,-2.5,-2.4,-2.45,0,0,0,,1
30,15,-1.0,-0.8999999999999999,-0.95,-2.5,-2.4,-2.45,0,0,0,,1
31,15,-0.8999999999999999,-0.7999999999999998,-0.8499999999999999,-2.5,-2.4,-2.45,0,0,0,,1
32,15,-0.7999999999999998,-0.6999999999999997,-0.7499999999999998,-2.5,-2.4,-2.45,0,0,0,,1
33,15,-0.6999999999999997,-0.5999999999999996,-0.6499999999999997,-2.5,-2.4,-2.45,0,0,0,,1
34,15,-0.5999999999999996,-0.5,-0.5499999999999998,-2.5,-2.4,-2.45,0,0,0,,1
35,15,-0.5,-0.3999999999999999,-0.44999999999999996,-2.5,-2.4,-2.45,0,0,0,,1
36,15,-0.3999999999999999,-0.2999999999999998,-0.34999999999999987,-2.5,-2.4,-2.45,1,0,1,1.0,1
37,15,-0.2999999999999998,-0.19999999999999973,-0.24999999999999978,-2.5,-2.4,-2.45,0,0,0,,1
38,15,-0.19999999999999973,-0.09999999999999964,-0.1499999999999997,-2.5,-2.4,-2.45,0,1,1,0.0,1
39,15,-0.09999999999999964,0.0,-0.04999999999999982,-2.5,-2.4,-2.45,0,2,2,0.0,1
40,15,0.0,0.10000000000000053,0.050000000000000266,-2.5,-2.4,-2.45,1,0,1,1.0,1
41,15,0.10000000000000053,0.20000000000000018,0.15000000000000036,-2.5,-2.4,-2.45,1,0,1,1.0,1
42,15,0.20000000000000018,0.2999999999999998,0.25,-2.5,-2.4,-2.45,2,0,2,1.0,1
43,15,0.2999999999999998,0.40000000000000036,0.3500000000000001,-2.5,-2.4,-2.45,0,0,0,,1
44,15,0.40000000000000036,0.5,0.4500000000000002,-2.5,-2.4,-2.45,0,0,0,,1
45,15,0.5,0.6000000000000005,0.5500000000000003,-2.5,-2.4,-2.45,0,0,0,,1
46,15,0.6000000000000005,0.7000000000000002,0.6500000000000004,-2.5,-2.4,-2.45,0,1,1,0.0,1
47,15,0.7000000000000002,0.8000000000000007,0.7500000000000004,-2.5,-2.4,-2.45,0,0,0,,1
48,15,0.8000000000000007,0.9000000000000004,0.8500000000000005,-2.5,-2.4,-2.45,0,0,0,,1
49,15,0.9000000000000004,1.0,0.9500000000000002,-2.5,-2.4,-2.45,1,0,1,1.0,1
50,15,1.0,1.1000000000000005,1.0500000000000003,-2.5,-2.4,-2.45,0,0,0,,1
51,15,1.1000000000000005,1.2000000000000002,1.1500000000000004,-2.5,-2.4,-2.45,0,0,0,,1
52,15,1.2000000000000002,1.3000000000000007,1.2500000000000004,-2.5,-2.4,-2.45,0,0,0,,1
53,15,1.3000000000000007,1.4000000000000004,1.3500000000000005,-2.5,-2.4,-2.45,0,0,0,,1
54,15,1.4000000000000004,1.5,1.4500000000000002,-2.5,-2.4,-2.45,0,0,0,,1
55,15,1.5,1.6000000000000005,1.5500000000000003,-2.5,-2.4,-2.45,0,0,0,,1
56,15,1.6000000000000005,1.7000000000000002,1.6500000000000004,-2.5,-2.4,-2.45,0,0,0,,1
57,15,1.7000000000000002,1.8000000000000007,1.7500000000000004,-2.5,-2.4,-2.45,0,0,0,,1
58,15,1.8000000000000007,1.9000000000000004,1.8500000000000005,-2.5,-2.4,-2.45,0,0,0,,1
59,15,1.9000000000000004,2.0,1.9500000000000002,-2.5,-2.4,-2.45,0,0,0,,1
60,15,2.0,2.1000000000000005,2.0500000000000003,-2.5,-2.4,-2.45,0,0,0,,1
61,15,2.1000000000000005,2.2,2.1500000000000004,-2.5,-2.4,-2.45,0,0,0,,1
62,15,2.2,2.3000000000000007,2.2500000000000004,-2.5,-2.4,-2.45,0,0,0,,1
63,15,2.3000000000000007,2.4000000000000004,2.3500000000000005,-2.5,-2.4,-2.45,0,0,0,,1
64,15,2.4000000000000004,2.5,2.45,-2.5,-2.4,-2.45,0,0,0,,1
65,15,2.5,2.6000000000000005,2.5500000000000003,-2.5,-2.4,-2.45,0,0,0,,1
66,15,2.6000000000000005,2.7,2.6500000000000004,-2.5,-2.4,-2.45,0,0,0,,1
67,15,2.7,2.8000000000000007,2.7500000000000004,-2.5,-2.4,-2.45,0,0,0,,1
68,15,2.8000000000000007,2.9000000000000004,2.8500000000000005,-2.5,-2.4,-2.45,0,0,0,,1
69,15,2.9000000000000004,3.0,2.95,-2.5,-2.4,-2.45,0,0,0,,1
70,15,3.0,3.1000000000000005,3.0500000000000003,-2.5,-2.4,-2.45,0,0,0,,1
71,15,3.1000000000000005,3.2,3.1500000000000004,-2.5,-2.4,-2.45,0,0,0,,1
72,15,3.2,3.3000000000000007,3.2500000000000004,-2.5,-2.4,-2.45,0,0,0,,1
73,15,3.3000000000000007,3.4000000000000004,3.3500000000000005,-2.5,-2.4,-2.45,0,0,0,,1
74,15,3.4000000000000004,3.5,3.45,-2.5,-2.4,-2.45,0,0,0,,1
75,15,3.5,3.6000000000000005,3.5500000000000003,-2.5,-2.4,-2.45,0,0,0,,1
76,15,3.6000000000000005,3.7,3.6500000000000004,-2.5,-2.4,-2.45,0,0,0,,1
77,15,3.7,3.8000000000000007,3.7500000000000004,-2.5,-2.4,-2.45,0,0,0,,1
78,15,3.8000000000000007,3.9000000000000004,3.8500000000000005,-2.5,-2.4,-2.45,0,0,0,,1
79,15,3.9000000000000004,4.0,3.95,-2.5,-2.4,-2.45,0,0,0,,1
0,16,-4.0,-3.9,-3.95,-2.4,-2.3,-2.3499999999999996,0,0,0,,1
1,16,-3.9,-3.8,-3.8499999999999996,-2.4,-2.3,-2.3499999999999996,0,0,0,,1
2,16,-3.8,-3.7,-3.75,-2.4,-2.3,-2.3499999999999996,0,0,0,,1
3,16,-3.7,-3.6,-3.6500000000000004,-2.4,-2.3,-2.3499999999999996,0,0,0,,1
4,16,-3.6,-3.5,-3.55,-2.4,-2.3,-2.3499999999999996,0,0,0,,1
5,16,-3.5,-3.4,-3.45,-2.4,-2.3,-2.3499999999999996,0,0,0,,1
6,16,-3.4,-3.3,-3.3499999999999996,-2.4,-2.3,-2.3499999999999996,0,0,0,,1
7,16,-3.3,-3.2,-3.25,-2.4,-2.3,-2.3499999999999996,0,0,0,,1
8,16,-3.2,-3.1,-3.1500000000000004,-2.4,-2.3,-2.3499999999999996,0,0,0,,1
9,16,-3.1,-3.0,-3.05,-2.4,-2.3,-2.3499999999999996,0,0,0,,1
10,16,-3.0,-2.9,-2.95,-2.4,-2.3,-2.3499999999999996,0,0,0,,1
11,16,-2.9,-2.8,-2.8499999999999996,-2.4,-2.3,-2.3499999999999996,0,0,0,,1
12,16,-2.8,-2.7,-2.75,-2.4,-2.3,-2.3499999999999996,0,0,0,,1
13,16,-2.7,-2.5999999999999996,-2.65,-2.4,-2.3,-2.3499999999999996,0,0,0,,1
14,16,-2.5999999999999996,-2.5,-2.55,-2.4,-2.3,-2.3499999999999996,0,0,0,,1
15,16,-2.5,-2.4,-2.45,-2.4,-2.3,-2.3499999999999996,0,0,0,,1
16,16,-2.4,-2.3,-2.3499999999999996,-2.4,-2.3,-2.3499999999999996,0,0,0,,1
17,16,-2.3,-2.2,-2.25,-2.4,-2.3,-2.3499999999999996,0,0,0,,1
18,16,-2.2,-2.0999999999999996,-2.15,-2.4,-2.3,-2.3499999999999996,0,0,0,,1
19,16,-2.0999999999999996,-2.0,-2.05,-2.4,-2.3,-2.3499999999999996,0,0,0,,1
20,16,-2.0,-1.9,-1.95,-2.4,-2.3,-2.3499999999999996,0,0,0,,1
21,16,-1.9,-1.7999999999999998,-1.8499999999999999,-2.4,-2.3,-2.3499999999999996,0,0,0,,1
22,16,-1.7999999999999998,-1.6999999999999997,-1.7499999999999998,-2.4,-2.3,-2.3499999999999996,0,0,0,,1
23,16,-1.6999999999999997,-1.5999999999999996,-1.6499999999999997,-2.4,-2.3,-2.3499999999999996,0,0,0,,1
24,16,-1.5999999999999996,-1.5,-1.5499999999999998,-2.4,-2.3,-2.3499999999999996,0,0,0,,1
25,16,-1.5,-1.4,-1.45,-2.4,-2.3,-2.3499999999999996,0,0,0,,1
26,16,-1.4,-1.2999999999999998,-1.3499999999999999,-2.4,-2.3,-2.3499999999999996,0,0,0,,1
27,16,-1.2999999999999998,-1.1999999999999997,-1.2499999999999998,-2.4,-2.3,-2.3499999999999996,0,0,0,,1
28,16,-1.1999999999999997,-1.0999999999999996,-1.1499999999999997,-2.4,-2.3,-2.3499999999999996,0,0,0,,1
29,16,-1.0999999999999996,-1.0,-1.0499999999999998,-2.4,-2.3,-2.3499999999999996,0,0,0,,1
30,16,-1.0,-0.8999999999999999,-0.95,-2.4,-2.3,-2.3499999999999996,0,0,0,,1
31,16,-0.8999999999999999,-0.7999999999999998,-0.8499999999999999,-2.4,-2.3,-2.3499999999999996,0,1,1,0.0,1
32,16,-0.7999999999999998,-0.6999999999999997,-0.7499999999999998,-2.4,-2.3,-2.3499999999999996,0,0,0,,1
33,16,-0.6999999999999997,-0.5999999999999996,-0.6499999999999997,-2.4,-2.3,-2.3499999999999996,0,0,0,,1
34,16,-0.5999999999999996,-0.5,-0.5499999999999998,-2.4,-2.3,-2.3499999999999996,0,0,0,,1
35,16,-0.5,-0.3999999999999999,-0.44999999999999996,-2.4,-2.3,-2.3499999999999996,0,0,0,,1
36,16,-0.3999999999999999,-0.2999999999999998,-0.34999999999999987,-2.4,-2.3,-2.3499999999999996,0,0,0,,1
37,16,-0.2999999999999998,-0.19999999999999973,-0.24999999999999978,-2.4,-2.3,-2.3499999999999996,2,0,2,1.0,1
38,16,-0.19999999999999973,-0.09999999999999964,-0.1499999999999997,-2.4,-2.3,-2.3499999999999996,0,0,0,,1
39,16,-0.09999999999999964,0.0,-0.04999999999999982,-2.4,-2.3,-2.3499999999999996,0,2,2,0.0,1
40,16,0.0,0.10000000000000053,0.050000000000000266,-2.4,-2.3,-2.3499999999999996,1,0,1,1.0,1
41,16,0.10000000000000053,0.20000000000000018,0.15000000000000036,-2.4,-2.3,-2.3499999999999996,1,0,1,1.0,1
42,16,0.20000000000000018,0.2999999999999998,0.25,-2.4,-2.3,-2.3499999999999996,1,1,2,0.5,1
43,16,0.2999999999999998,0.40000000000000036,0.3500000000000001,-2.4,-2.3,-2.3499999999999996,0,0,0,,1
44,16,0.40000000000000036,0.5,0.4500000000000002,-2.4,-2.3,-2.3499999999999996,1,0,1,1.0,1
45,16,0.5,0.6000000000000005,0.5500000000000003,-2.4,-2.3,-2.3499999999999996,0,0,0,,1
46,16,0.6000000000000005,0.7000000000000002,0.6500000000000004,-2.4,-2.3,-2.3499999999999996,0,0,0,,1
47,16,0.7000000000000002,0.8000000000000007,0.7500000000000004,-2.4,-2.3,-2.3499999999999996,0,0,0,,1
48,16,0.8000000000000007,0.9000000000000004,0.8500000000000005,-2.4,-2.3,-2.3499999999999996,2,0,2,1.0,1
49,16,0.9000000000000004,1.0,0.9500000000000002,-2.4,-2.3,-2.3499999999999996,0,0,0,,1
50,16,1.0,1.1000000000000005,1.0500000000000003,-2.4,-2.3,-2.3499999999999996,0,0,0,,1
51,16,1.1000000000000005,1.2000000000000002,1.1500000000000004,-2.4,-2.3,-2.3499999999999996,0,0,0,,1
52,16,1.2000000000000002,1.3000000000000007,1.2500000000000004,-2.4,-2.3,-2.3499999999999996,0,0,0,,1
53,16,1.3000000000000007,1.4000000000000004,1.3500000000000005,-2.4,-2.3,-2.3499999999999996,0,0,0,,1
54,16,1.4000000000000004,1.5,1.4500000000000002,-2.4,-2.3,-2.3499999999999996,0,0,0,,1
55,16,1.5,1.6000000000000005,1.5500000000000003,-2.4,-2.3,-2.3499999999999996,0,0,0,,1
56,16,1.6000000000000005,1.7000000000000002,1.6500000000000004,-2.4,-2.3,-2.3499999999999996,0,0,0,,1
57,16,1.7000000000000002,1.8000000000000007,1.7500000000000004,-2.4,-2.3,-2.3499999999999996,0,0,0,,1
58,16,1.8000000000000007,1.9000000000000004,1.8500000000000005,-2.4,-2.3,-2.3499999999999996,0,0,0,,1
59,16,1.9000000000000004,2.0,1.9500000000000002,-2.4,-2.3,-2.3499999999999996,0,0,0,,1
60,16,2.0,2.1000000000000005,2.0500000000000003,-2.4,-2.3,-2.3499999999999996,0,0,0,,1
61,16,2.1000000000000005,2.2,2.1500000000000004,-2.4,-2.3,-2.3499999999999996,0,0,0,,1
62,16,2.2,2.3000000000000007,2.2500000000000004,-2.4,-2.3,-2.3499999999999996,0,0,0,,1
63,16,2.3000000000000007,2.4000000000000004,2.3500000000000005,-2.4,-2.3,-2.3499999999999996,0,0,0,,1
64,16,2.4000000000000004,2.5,2.45,-2.4,-2.3,-2.3499999999999996,0,0,0,,1
65,16,2.5,2.6000000000000005,2.5500000000000003,-2.4,-2.3,-2.3499999999999996,0,0,0,,1
66,16,2.6000000000000005,2.7,2.6500000000000004,-2.4,-2.3,-2.3499999999999996,0,0,0,,1
67,16,2.7,2.8000000000000007,2.7500000000000004,-2.4,-2.3,-2.3499999999999996,0,0,0,,1
68,16,2.8000000000000007,2.9000000000000004,2.8500000000000005,-2.4,-2.3,-2.3499999999999996,0,0,0,,1
69,16,2.9000000000000004,3.0,2.95,-2.4,-2.3,-2.3499999999999996,0,0,0,,1
70,16,3.0,3.1000000000000005,3.0500000000000003,-2.4,-2.3,-2.3499999999999996,0,0,0,,1
71,16,3.1000000000000005,3.2,3.1500000000000004,-2.4,-2.3,-2.3499999999999996,0,0,0,,1
72,16,3.2,3.3000000000000007,3.2500000000000004,-2.4,-2.3,-2.3499999999999996,0,0,0,,1
73,16,3.3000000000000007,3.4000000000000004,3.3500000000000005,-2.4,-2.3,-2.3499999999999996,0,0,0,,1
74,16,3.4000000000000004,3.5,3.45,-2.4,-2.3,-2.3499999999999996,0,0,0,,1
75,16,3.5,3.6000000000000005,3.5500000000000003,-2.4,-2.3,-2.3499999999999996,0,0,0,,1
76,16,3.6000000000000005,3.7,3.6500000000000004,-2.4,-2.3,-2.3499999999999996,0,0,0,,1
77,16,3.7,3.8000000000000007,3.7500000000000004,-2.4,-2.3,-2.3499999999999996,0,0,0,,1
78,16,3.8000000000000007,3.9000000000000004,3.8500000000000005,-2.4,-2.3,-2.3499999999999996,0,0,0,,1
79,16,3.9000000000000004,4.0,3.95,-2.4,-2.3,-2.3499999999999996,0,0,0,,1
0,17,-4.0,-3.9,-3.95,-2.3,-2.2,-2.25,0,0,0,,1
1,17,-3.9,-3.8,-3.8499999999999996,-2.3,-2.2,-2.25,0,0,0,,1
2,17,-3.8,-3.7,-3.75,-2.3,-2.2,-2.25,0,0,0,,1
3,17,-3.7,-3.6,-3.6500000000000004,-2.3,-2.2,-2.25,0,0,0,,1
4,17,-3.6,-3.5,-3.55,-2.3,-2.2,-2.25,0,0,0,,1
5,17,-3.5,-3.4,-3.45,-2.3,-2.2,-2.25,0,0,0,,1
6,17,-3.4,-3.3,-3.3499999999999996,-2.3,-2.2,-2.25,0,0,0,,1
7,17,-3.3,-3.2,-3.25,-2.3,-2.2,-2.25,0,0,0,,1
8,17,-3.2,-3.1,-3.1500000000000004,-2.3,-2.2,-2.25,0,0,0,,1
9,17,-3.1,-3.0,-3.05,-2.3,-2.2,-2.25,0,0,0,,1
10,17,-3.0,-2.9,-2.95,-2.3,-2.2,-2.25,0,0,0,,1
11,17,-2.9,-2.8,-2.8499999999999996,-2.3,-2.2,-2.25,0,0,0,,1
12,17,-2.8,-2.7,-2.75,-2.3,-2.2,-2.25,0,0,0,,1
13,17,-2.7,-2.5999999999999996,-2.65,-2.3,-2.2,-2.25,0,0,0,,1
14,17,-2.5999999999999996,-2.5,-2.55,-2.3,-2.2,-2.25,0,0,0,,1
15,17,-2.5,-2.4,-2.45,-2.3,-2.2,-2.25,0,0,0,,1
16,17,-2.4,-2.3,-2.3499999999999996,-2.3,-2.2,-2.25,0,0,0,,1
17,17,-2.3,-2.2,-2.25,-2.3,-2.2,-2.25,0,0,0,,1
18,17,-2.2,-2.0999999999999996,-2.15,-2.3,-2.2,-2.25,0,0,0,,1
19,17,-2.0999999999999996,-2.0,-2.05,-2.3,-2.2,-2.25,0,0,0,,1
20,17,-2.0,-1.9,-1.95,-2.3,-2.2,-2.25,0,0,0,,1
21,17,-1.9,-1.7999999999999998,-1.8499999999999999,-2.3,-2.2,-2.25,0,0,0,,1
22,17,-1.7999999999999998,-1.6999999999999997,-1.7499999999999998,-2.3,-2.2,-2.25,0,0,0,,1
23,17,-1.6999999999999997,-1.5999999999999996,-1.6499999999999997,-2.3,-2.2,-2.25,0,0,0,,1
24,17,-1.5999999999999996,-1.5,-1.5499999999999998,-2.3,-2.2,-2.25,0,0,0,,1
25,17,-1.5,-1.4,-1.45,-2.3,-2.2,-2.25,0,0,0,,1
26,17,-1.4,-1.2999999999999998,-1.3499999999999999,-2.3,-2.2,-2.25,0,0,0,,1
27,17,-1.2999999999999998,-1.1999999999999997,-1.2499999999999998,-2.3,-2.2,-2.25,0,0,0,,1
28,17,-1.1999999999999997,-1.0999999999999996,-1.1499999999999997,-2.3,-2.2,-2.25,0,0,0,,1
29,17,-1.0999999999999996,-1.0,-1.0499999999999998,-2.3,-2.2,-2.25,0,1,1,0.0,1
30,17,-1.0,-0.8999999999999999,-0.95,-2.3,-2.2,-2.25,0,0,0,,1
31,17,-0.8999999999999999,-0.7999999999999998,-0.8499999999999999,-2.3,-2.2,-2.25,0,1,1,0.0,1
32,17,-0.7999999999999998,-0.6999999999999997,-0.7499999999999998,-2.3,-2.2,-2.25,0,1,1,0.0,1
33,17,-0.6999999999999997,-0.5999999999999996,-0.6499999999999997,-2.3,-2.2,-2.25,0,0,0,,1
34,17,-0.5999999999999996,-0.5,-0.5499999999999998,-2.3,-2.2,-2.25,0,0,0,,1
35,17,-0.5,-0.3999999999999999,-0.44999999999999996,-2.3,-2.2,-2.25,0,0,0,,1
36,17,-0.3999999999999999,-0.2999999999999998,-0.34999999999999987,-2.3,-2.2,-2.25,0,0,0,,1
37,17,-0.2999999999999998,-0.19999999999999973,-0.24999999999999978,-2.3,-2.2,-2.25,0,1,1,0.0,1
38,17,-0.19999999999999973,-0.09999999999999964,-0.1499999999999997,-2.3,-2.2,-2.25,1,1,2,0.5,1
39,17,-0.09999999999999964,0.0,-0.04999999999999982,-2.3,-2.2,-2.25,0,1,1,0.0,1
40,17,0.0,0.10000000000000053,0.050000000000000266,-2.3,-2.2,-2.25,0,0,0,,1
41,17,0.10000000000000053,0.20000000000000018,0.15000000000000036,-2.3,-2.2,-2.25,1,0,1,1.0,1
42,17,0.20000000000000018,0.2999999999999998,0.25,-2.3,-2.2,-2.25,1,0,1,1.0,1
43,17,0.2999999999999998,0.40000000000000036,0.3500000000000001,-2.3,-2.2,-2.25,0,0,0,,1
44,17,0.40000000000000036,0.5,0.4500000000000002,-2.3,-2.2,-2.25,1,0,1,1.0,1
45,17,0.5,0.6000000000000005,0.5500000000000003,-2.3,-2.2,-2.25,1,1,2,0.5,1
46,17,0.6000000000000005,0.7000000000000002,0.6500000000000004,-2.3,-2.2,-2.25,1,1,2,0.5,1
47,17,0.7000000000000002,0.8000000000000007,0.7500000000000004,-2.3,-2.2,-2.25,1,0,1,1.0,1
48,17,0.8000000000000007,0.9000000000000004,0.8500000000000005,-2.3,-2.2,-2.25,1,0,1,1.0,1
49,17,0.9000000000000004,1.0,0.9500000000000002,-2.3,-2.2,-2.25,1,0,1,1.0,1
50,17,1.0,1.1000000000000005,1.0500000000000003,-2.3,-2.2,-2.25,0,0,0,,1
51,17,1.1000000000000005,1.2000000000000002,1.1500000000000004,-2.3,-2.2,-2.25,1,0,1,1.0,1
52,17,1.2000000000000002,1.3000000000000007,1.2500000000000004,-2.3,-2.2,-2.25,0,0,0,,1
53,17,1.3000000000000007,1.4000000000000004,1.3500000000000005,-2.3,-2.2,-2.25,0,0,0,,1
54,17,1.4000000000000004,1.5,1.4500000000000002,-2.3,-2.2,-2.25,0,0,0,,1
55,17,1.5,1.6000000000000005,1.5500000000000003,-2.3,-2.2,-2.25,0,0,0,,1
56,17,1.6000000000000005,1.7000000000000002,1.6500000000000004,-2.3,-2.2,-2.25,0,0,0,,1
57,17,1.7000000000000002,1.8000000000000007,1.7500000000000004,-2.3,-2.2,-2.25,0,0,0,,1
58,17,1.8000000000000007,1.9000000000000004,1.8500000000000005,-2.3,-2.2,-2.25,0,0,0,,1
59,17,1.9000000000000004,2.0,1.9500000000000002,-2.3,-2.2,-2.25,0,0,0,,1
60,17,2.0,2.1000000000000005,2.0500000000000003,-2.3,-2.2,-2.25,0,0,0,,1
61,17,2.1000000000000005,2.2,2.1500000000000004,-2.3,-2.2,-2.25,0,0,0,,1
62,17,2.2,2.3000000000000007,2.2500000000000004,-2.3,-2.2,-2.25,0,0,0,,1
63,17,2.3000000000000007,2.4000000000000004,2.3500000000000005,-2.3,-2.2,-2.25,0,0,0,,1
64,17,2.4000000000000004,2.5,2.45,-2.3,-2.2,-2.25,0,0,0,,1
65,17,2.5,2.6000000000000005,2.5500000000000003,-2.3,-2.2,-2.25,0,0,0,,1
66,17,2.6000000000000005,2.7,2.6500000000000004,-2.3,-2.2,-2.25,0,0,0,,1
67,17,2.7,2.8000000000000007,2.7500000000000004,-2.3,-2.2,-2.25,0,0,0,,1
68,17,2.8000000000000007,2.9000000000000004,2.8500000000000005,-2.3,-2.2,-2.25,0,0,0,,1
69,17,2.9000000000000004,3.0,2.95,-2.3,-2.2,-2.25,0,0,0,,1
70,17,3.0,3.1000000000000005,3.0500000000000003,-2.3,-2.2,-2.25,0,0,0,,1
71,17,3.1000000000000005,3.2,3.1500000000000004,-2.3,-2.2,-2.25,0,0,0,,1
72,17,3.2,3.3000000000000007,3.2500000000000004,-2.3,-2.2,-2.25,0,0,0,,1
73,17,3.3000000000000007,3.4000000000000004,3.3500000000000005,-2.3,-2.2,-2.25,0,0,0,,1
74,17,3.4000000000000004,3.5,3.45,-2.3,-2.2,-2.25,0,0,0,,1
75,17,3.5,3.6000000000000005,3.5500000000000003,-2.3,-2.2,-2.25,0,0,0,,1
76,17,3.6000000000000005,3.7,3.6500000000000004,-2.3,-2.2,-2.25,0,0,0,,1
77,17,3.7,3.8000000000000007,3.7500000000000004,-2.3,-2.2,-2.25,0,0,0,,1
78,17,3.8000000000000007,3.9000000000000004,3.8500000000000005,-2.3,-2.2,-2.25,0,0,0,,1
79,17,3.9000000000000004,4.0,3.95,-2.3,-2.2,-2.25,0,0,0,,1
0,18,-4.0,-3.9,-3.95,-2.2,-2.0999999999999996,-2.15,0,0,0,,1
1,18,-3.9,-3.8,-3.8499999999999996,-2.2,-2.0999999999999996,-2.15,0,0,0,,1
2,18,-3.8,-3.7,-3.75,-2.2,-2.0999999999999996,-2.15,0,0,0,,1
3,18,-3.7,-3.6,-3.6500000000000004,-2.2,-2.0999999999999996,-2.15,0,0,0,,1
4,18,-3.6,-3.5,-3.55,-2.2,-2.0999999999999996,-2.15,0,0,0,,1
5,18,-3.5,-3.4,-3.45,-2.2,-2.0999999999999996,-2.15,0,0,0,,1
6,18,-3.4,-3.3,-3.3499999999999996,-2.2,-2.0999999999999996,-2.15,0,0,0,,1
7,18,-3.3,-3.2,-3.25,-2.2,-2.0999999999999996,-2.15,0,0,0,,1
8,18,-3.2,-3.1,-3.1500000000000004,-2.2,-2.0999999999999996,-2.15,0,0,0,,1
9,18,-3.1,-3.0,-3.05,-2.2,-2.0999999999999996,-2.15,0,0,0,,1
10,18,-3.0,-2.9,-2.95,-2.2,-2.0999999999999996,-2.15,0,0,0,,1
11,18,-2.9,-2.8,-2.8499999999999996,-2.2,-2.0999999999999996,-2.15,0,0,0,,1
12,18,-2.8,-2.7,-2.75,-2.2,-2.0999999999999996,-2.15,0,0,0,,1
13,18,-2.7,-2.5999999999999996,-2.65,-2.2,-2.0999999999999996,-2.15,0,0,0,,1
14,18,-2.5999999999999996,-2.5,-2.55,-2.2,-2.0999999999999996,-2.15,0,0,0,,1
15,18,-2.5,-2.4,-2.45,-2.2,-2.0999999999999996,-2.15,0,0,0,,1
16,18,-2.4,-2.3,-2.3499999999999996,-2.2,-2.0999999999999996,-2.15,0,0,0,,1
17,18,-2.3,-2.2,-2.25,-2.2,-2.0999999999999996,-2.15,0,0,0,,1
18,18,-2.2,-2.0999999999999996,-2.15,-2.2,-2.0999999999999996,-2.15,0,0,0,,1
19,18,-2.0999999999999996,-2.0,-2.05,-2.2,-2.0999999999999996,-2.15,0,0,0,,1
20,18,-2.0,-1.9,-1.95,-2.2,-2.0999999999999996,-2.15,0,0,0,,1
21,18,-1.9,-1.7999999999999998,-1.8499999999999999,-2.2,-2.0999999999999996,-2.15,0,0,0,,1
22,18,-1.7999999999999998,-1.6999999999999997,-1.7499999999999998,-2.2,-2.0999999999999996,-2.15,0,0,0,,1
23,18,-1.6999999999999997,-1.5999999999999996,-1.6499999999999997,-2.2,-2.0999999999999996,-2.15,0,0,0,,1
24,18,-1.5999999999999996,-1.5,-1.5499999999999998,-2.2,-2.0999999999999996,-2.15,0,0,0,,1
25,18,-1.5,-1.4,-1.45,-2.2,-2.0999999999999996,-2.15,0,0,0,,1
26,18,-1.4,-1.2999999999999998,-1.3499999999999999,-2.2,-2.0999999999999996,-2.15,0,0,0,,1
27,18,-1.2999999999999998,-1.1999999999999997,-1.2499999999999998,-2.2,-2.0999999999999996,-2.15,0,0,0,,1
28,18,-1.1999999999999997,-1.0999999999999996,-1.1499999999999997,-2.2,-2.0999999999999996,-2.15,0,0,0,,1
29,18,-1.0999999999999996,-1.0,-1.0499999999999998,-2.2,-2.0999999999999996,-2.15,0,0,0,,1
30,18,-1.0,-0.8999999999999999,-0.95,-2.2,-2.0999999999999996,-2.15,0,0,0,,1
31,18,-0.8999999999999999,-0.7999999999999998,-0.8499999999999999,-2.2,-2.0999999999999996,-2.15,0,0,0,,1
32,18,-0.7999999999999998,-0.6999999999999997,-0.7499999999999998,-2.2,-2.0999999999999996,-2.15,0,1,1,0.0,1
33,18,-0.6999999999999997,-0.5999999999999996,-0.6499999999999997,-2.2,-2.0999999999999996,-2.15,0,1,1,0.0,1
34,18,-0.5999999999999996,-0.5,-0.5499999999999998,-2.2,-2.0999999999999996,-2.15,0,0,0,,1
35,18,-0.5,-0.3999999999999999,-0.44999999999999996,-2.2,-2.0999999999999996,-2.15,0,0,0,,1
36,18,-0.3999999999999999,-0.2999999999999998,-0.34999999999999987,-2.2,-2.0999999999999996,-2.15,0,0,0,,1
37,18,-0.2999999999999998,-0.19999999999999973,-0.24999999999999978,-2.2,-2.0999999999999996,-2.15,0,1,1,0.0,1
38,18,-0.19999999999999973,-0.09999999999999964,-0.1499999999999997,-2.2,-2.0999999999999996,-2.15,1,0,1,1.0,1
39,18,-0.09999999999999964,0.0,-0.04999999999999982,-2.2,-2.0999999999999996,-2.15,1,1,2,0.5,1
40,18,0.0,0.10000000000000053,0.050000000000000266,-2.2,-2.0999999999999996,-2.15,0,0,0,,1
41,18,0.10000000000000053,0.20000000000000018,0.15000000000000036,-2.2,-2.0999999999999996,-2.15,2,0,2,1.0,1
42,18,0.20000000000000018,0.2999999999999998,0.25,-2.2,-2.0999999999999996,-2.15,0,0,0,,1
43,18,0.2999999999999998,0.40000000000000036,0.3500000000000001,-2.2,-2.0999999999999996,-2.15,0,0,0,,1
44,18,0.40000000000000036,0.5,0.4500000000000002,-2.2,-2.0999999999999996,-2.15,1,0,1,1.0,1
45,18,0.5,0.6000000000000005,0.5500000000000003,-2.2,-2.0999999999999996,-2.15,0,0,0,,1
46,18,0.6000000000000005,0.7000000000000002,0.6500000000000004,-2.2,-2.0999999999999996,-2.15,1,0,1,1.0,1
47,18,0.7000000000000002,0.8000000000000007,0.7500000000000004,-2.2,-2.0999999999999996,-2.15,1,0,1,1.0,1
48,18,0.8000000000000007,0.9000000000000004,0.8500000000000005,-2.2,-2.0999999999999996,-2.15,2,0,2,1.0,1
49,18,0.9000000000000004,1.0,0.9500000000000002,-2.2,-2.0999999999999996,-2.15,1,0,1,1.0,1
50,18,1.0,1.1000000000000005,1.0500000000000003,-2.2,-2.0999999999999996,-2.15,2,0,2,1.0,1
51,18,1.1000000000000005,1.2000000000000002,1.1500000000000004,-2.2,-2.0999999999999996,-2.15,0,0,0,,1
52,18,1.2000000000000002,1.3000000000000007,1.2500000000000004,-2.2,-2.0999999999999996,-2.15,2,0,2,1.0,1
53,18,1.3000000000000007,1.4000000000000004,1.3500000000000005,-2.2,-2.0999999999999996,-2.15,0,0,0,,1
54,18,1.4000000000000004,1.5,1.4500000000000002,-2.2,-2.0999999999999996,-2.15,0,0,0,,1
55,18,1.5,1.6000000000000005,1.5500000000000003,-2.2,-2.0999999999999996,-2.15,0,0,0,,1
56,18,1.6000000000000005,1.7000000000000002,1.6500000000000004,-2.2,-2.0999999999999996,-2.15,0,0,0,,1
57,18,1.7000000000000002,1.8000000000000007,1.7500000000000004,-2.2,-2.0999999999999996,-2.15,0,0,0,,1
58,18,1.8000000000000007,1.9000000000000004,1.8500000000000005,-2.2,-2.0999999999999996,-2.15,0,0,0,,1
59,18,1.9000000000000004,2.0,1.9500000000000002,-2.2,-2.0999999999999996,-2.15,0,0,0,,1
60,18,2.0,2.1000000000000005,2.0500000000000003,-2.2,-2.0999999999999996,-2.15,0,0,0,,1
61,18,2.1000000000000005,2.2,2.1500000000000004,-2.2,-2.0999999999999996,-2.15,0,0,0,,1
62,18,2.2,2.3000000000000007,2.2500000000000004,-2.2,-2.0999999999999996,-2.15,0,0,0,,1
63,18,2.3000000000000007,2.4000000000000004,2.3500000000000005,-2.2,-2.0999999999999996,-2.15,0,0,0,,1
64,18,2.4000000000000004,2.5,2.45,-2.2,-2.0999999999999996,-2.15,0,0,0,,1
65,18,2.5,2.6000000000000005,2.5500000000000003,-2.2,-2.0999999999999996,-2.15,0,0,0,,1
66,18,2.6000000000000005,2.7,2.6500000000000004,-2.2,-2.0999999999999996,-2.15,0,0,0,,1
67,18,2.7,2.8000000000000007,2.7500000000000004,-2.2,-2.0999999999999996,-2.15,0,0,0,,1
68,18,2.8000000000000007,2.9000000000000004,2.8500000000000005,-2.2,-2.0999999999999996,-2.15,0,0,0,,1
69,18,2.9000000000000004,3.0,2.95,-2.2,-2.0999999999999996,-2.15,0,0,0,,1
70,18,3.0,3.1000000000000005,3.0500000000000003,-2.2,-2.0999999999999996,-2.15,0,0,0,,1
71,18,3.1000000000000005,3.2,3.1500000000000004,-2.2,-2.0999999999999996,-2.15,0,0,0,,1
72,18,3.2,3.3000000000000007,3.2500000000000004,-2.2,-2.0999999999999996,-2.15,0,0,0,,1
73,18,3.3000000000000007,3.4000000000000004,3.3500000000000005,-2.2,-2.0999999999999996,-2.15,0,0,0,,1
74,18,3.4000000000000004,3.5,3.45,-2.2,-2.0999999999999996,-2.15,0,0,0,,1
75,18,3.5,3.6000000000000005,3.5500000000000003,-2.2,-2.0999999999999996,-2.15,0,0,0,,1
76,18,3.6000000000000005,3.7,3.6500000000000004,-2.2,-2.0999999999999996,-2.15,0,0,0,,1
77,18,3.7,3.8000000000000007,3.7500000000000004,-2.2,-2.0999999999999996,-2.15,0,0,0,,1
78,18,3.8000000000000007,3.9000000000000004,3.8500000000000005,-2.2,-2.0999999999999996,-2.15,0,0,0,,1
79,18,3.9000000000000004,4.0,3.95,-2.2,-2.0999999999999996,-2.15,0,0,0,,1
0,19,-4.0,-3.9,-3.95,-2.0999999999999996,-2.0,-2.05,0,0,0,,1
1,19,-3.9,-3.8,-3.8499999999999996,-2.0999999999999996,-2.0,-2.05,0,0,0,,1
2,19,-3.8,-3.7,-3.75,-2.0999999999999996,-2.0,-2.05,0,0,0,,1
3,19,-3.7,-3.6,-3.6500000000000004,-2.0999999999999996,-2.0,-2.05,0,0,0,,1
4,19,-3.6,-3.5,-3.55,-2.0999999999999996,-2.0,-2.05,0,0,0,,1
5,19,-3.5,-3.4,-3.45,-2.0999999999999996,-2.0,-2.05,0,0,0,,1
6,19,-3.4,-3.3,-3.3499999999999996,-2.0999999999999996,-2.0,-2.05,0,0,0,,1
7,19,-3.3,-3.2,-3.25,-2.0999999999999996,-2.0,-2.05,0,0,0,,1
8,19,-3.2,-3.1,-3.1500000000000004,-2.0999999999999996,-2.0,-2.05,0,0,0,,1
9,19,-3.1,-3.0,-3.05,-2.0999999999999996,-2.0,-2.05,0,0,0,,1
10,19,-3.0,-2.9,-2.95,-2.0999999999999996,-2.0,-2.05,0,0,0,,1
11,19,-2.9,-2.8,-2.8499999999999996,-2.0999999999999996,-2.0,-2.05,0,0,0,,1
12,19,-2.8,-2.7,-2.75,-2.0999999999999996,-2.0,-2.05,0,0,0,,1
13,19,-2.7,-2.5999999999999996,-2.65,-2.0999999999999996,-2.0,-2.05,0,0,0,,1
14,19,-2.5999999999999996,-2.5,-2.55,-2.0999999999999996,-2.0,-2.05,0,0,0,,1
15,19,-2.5,-2.4,-2.45,-2.0999999999999996,-2.0,-2.05,0,0,0,,1
16,19,-2.4,-2.3,-2.3499999999999996,-2.0999999999999996,-2.0,-2.05,0,0,0,,1
17,19,-2.3,-2.2,-2.25,-2.0999999999999996,-2.0,-2.05,0,0,0,,1
18,19,-2.2,-2.0999999999999996,-2.15,-2.0999999999999996,-2.0,-2.05,0,0,0,,1
19,19,-2.0999999999999996,-2.0,-2.05,-2.0999999999999996,-2.0,-2.05,0,0,0,,1
20,19,-2.0,-1.9,-1.95,-2.0999999999999996,-2.0,-2.05,0,0,0,,1
21,19,-1.9,-1.7999999999999998,-1.8499999999999999,-2.0999999999999996,-2.0,-2.05,0,0,0,,1
22,19,-1.7999999999999998,-1.6999999999999997,-1.7499999999999998,-2.0999999999999996,-2.0,-2.05,0,0,0,,1
23,19,-1.6999999999999997,-1.5999999999999996,-1.6499999999999997,-2.0999999999999996,-2.0,-2.05,0,0,0,,1
24,19,-1.5999999999999996,-1.5,-1.5499999999999998,-2.0999999999999996,-2.0,-2.05,0,0,0,,1
25,19,-1.5,-1.4,-1.45,-2.0999999999999996,-2.0,-2.05,0,0,0,,1
26,19,-1.4,-1.2999999999999998,-1.3499999999999999,-2.0999999999999996,-2.0,-2.05,0,2,2,0.0,1
27,19,-1.2999999999999998,-1.1999999999999997,-1.2499999999999998,-2.0999999999999996,-2.0,-2.05,0,2,2,0.0,1
28,19,-1.1999999999999997,-1.0999999999999996,-1.1499999999999997,-2.0999999999999996,-2.0,-2.05,0,1,1,0.0,1
29,19,-1.0999999999999996,-1.0,-1.0499999999999998,-2.0999999999999996,-2.0,-2.05,0,0,0,,1
30,19,-1.0,-0.8999999999999999,-0.95,-2.0999999999999996,-2.0,-2.05,0,0,0,,1
31,19,-0.8999999999999999,-0.7999999999999998,-0.8499999999999999,-2.0999999999999996,-2.0,-2.05,0,1,1,0.0,1
32,19,-0.7999999999999998,-0.6999999999999997,-0.7499999999999998,-2.0999999999999996,-2.0,-2.05,0,0,0,,1
33,19,-0.6999999999999997,-0.5999999999999996,-0.6499999999999997,-2.0999999999999996,-2.0,-2.05,0,1,1,0.0,1
34,19,-0.5999999999999996,-0.5,-0.5499999999999998,-2.0999999999999996,-2.0,-2.05,0,0,0,,1
35,19,-0.5,-0.3999999999999999,-0.44999999999999996,-2.0999999999999996,-2.0,-2.05,0,0,0,,1
36,19,-0.3999999999999999,-0.2999999999999998,-0.34999999999999987,-2.0999999999999996,-2.0,-2.05,0,2,2,0.0,1
37,19,-0.2999999999999998,-0.19999999999999973,-0.24999999999999978,-2.0999999999999996,-2.0,-2.05,1,0,1,1.0,1
38,19,-0.19999999999999973,-0.09999999999999964,-0.1499999999999997,-2.0999999999999996,-2.0,-2.05,1,0,1,1.0,1
39,19,-0.09999999999999964,0.0,-0.04999999999999982,-2.0999999999999996,-2.0,-2.05,1,0,1,1.0,1
40,19,0.0,0.10000000000000053,0.050000000000000266,-2.0999999999999996,-2.0,-2.05,0,0,0,,1
41,19,0.10000000000000053,0.20000000000000018,0.15000000000000036,-2.0999999999999996,-2.0,-2.05,2,0,2,1.0,1
42,19,0.20000000000000018,0.2999999999999998,0.25,-2.0999999999999996,-2.0,-2.05,0,0,0,,1
43,19,0.2999999999999998,0.40000000000000036,0.3500000000000001,-2.0999999999999996,-2.0,-2.05,1,0,1,1.0,1
44,19,0.40000000000000036,0.5,0.4500000000000002,-2.0999999999999996,-2.0,-2.05,2,0,2,1.0,1
45,19,0.5,0.6000000000000005,0.5500000000000003,-2.0999999999999996,-2.0,-2.05,0,0,0,,1
46,19,0.6000000000000005,0.7000000000000002,0.6500000000000004,-2.0999999999999996,-2.0,-2.05,2,1,3,0.6666666666666666,1
47,19,0.7000000000000002,0.8000000000000007,0.7500000000000004,-2.0999999999999996,-2.0,-2.05,4,0,4,1.0,1
48,19,0.8000000000000007,0.9000000000000004,0.8500000000000005,-2.0999999999999996,-2.0,-2.05,0,1,1,0.0,1
49,19,0.9000000000000004,1.0,0.9500000000000002,-2.0999999999999996,-2.0,-2.05,1,0,1,1.0,1
50,19,1.0,1.1000000000000005,1.0500000000000003,-2.0999999999999996,-2.0,-2.05,1,0,1,1.0,1
51,19,1.1000000000000005,1.2000000000000002,1.1500000000000004,-2.0999999999999996,-2.0,-2.05,1,0,1,1.0,1
52,19,1.2000000000000002,1.3000000000000007,1.2500000000000004,-2.0999999999999996,-2.0,-2.05,3,0,3,1.0,1
53,19,1.3000000000000007,1.4000000000000004,1.3500000000000005,-2.0999999999999996,-2.0,-2.05,3,1,4,0.75,1
54,19,1.4000000000000004,1.5,1.4500000000000002,-2.0999999999999996,-2.0,-2.05,0,0,0,,1
55,19,1.5,1.6000000000000005,1.5500000000000003,-2.0999999999999996,-2.0,-2.05,1,0,1,1.0,1
56,19,1.6000000000000005,1.7000000000000002,1.6500000000000004,-2.0999999999999996,-2.0,-2.05,0,0,0,,1
57,19,1.7000000000000002,1.8000000000000007,1.7500000000000004,-2.0999999999999996,-2.0,-2.05,0,0,0,,1
58,19,1.8000000000000007,1.9000000000000004,1.8500000000000005,-2.0999999999999996,-2.0,-2.05,0,0,0,,1
59,19,1.9000000000000004,2.0,1.9500000000000002,-2.0999999999999996,-2.0,-2.05,0,0,0,,1
60,19,2.0,2.1000000000000005,2.0500000000000003,-2.0999999999999996,-2.0,-2.05,0,0,0,,1
61,19,2.1000000000000005,2.2,2.1500000000000004,-2.0999999999999996,-2.0,-2.05,0,0,0,,1
62,19,2.2,2.3000000000000007,2.2500000000000004,-2.0999999999999996,-2.0,-2.05,0,0,0,,1
63,19,2.3000000000000007,2.4000000000000004,2.3500000000000005,-2.0999999999999996,-2.0,-2.05,0,0,0,,1
64,19,2.4000000000000004,2.5,2.45,-2.0999999999999996,-2.0,-2.05,0,0,0,,1
65,19,2.5,2.6000000000000005,2.5500000000000003,-2.0999999999999996,-2.0,-2.05,0,0,0,,1
66,19,2.6000000000000005,2.7,2.6500000000000004,-2.0999999999999996,-2.0,-2.05,0,0,0,,1
67,19,2.7,2.8000000000000007,2.7500000000000004,-2.0999999999999996,-2.0,-2.05,0,0,0,,1
68,19,2.8000000000000007,2.9000000000000004,2.8500000000000005,-2.0999999999999996,-2.0,-2.05,0,0,0,,1
69,19,2.9000000000000004,3.0,2.95,-2.0999999999999996,-2.0,-2.05,0,0,0,,1
70,19,3.0,3.1000000000000005,3.0500000000000003,-2.0999999999999996,-2.0,-2.05,0,0,0,,1
71,19,3.1000000000000005,3.2,3.1500000000000004,-2.0999999999999996,-2.0,-2.05,0,0,0,,1
72,19,3.2,3.3000000000000007,3.2500000000000004,-2.0999999999999996,-2.0,-2.05,0,0,0,,1
73,19,3.3000000000000007,3.4000000000000004,3.3500000000000005,-2.0999999999999996,-2.0,-2.05,0,0,0,,1
74,19,3.4000000000000004,3.5,3.45,-2.0999999999999996,-2.0,-2.05,0,0,0,,1
75,19,3.5,3.6000000000000005,3.5500000000000003,-2.0999999999999996,-2.0,-2.05,0,0,0,,1
76,19,3.6000000000000005,3.7,3.6500000000000004,-2.0999999999999996,-2.0,-2.05,0,0,0,,1
77,19,3.7,3.8000000000000007,3.7500000000000004,-2.0999999999999996,-2.0,-2.05,0,0,0,,1
78,19,3.8000000000000007,3.9000000000000004,3.8500000000000005,-2.0999999999999996,-2.0,-2.05,0,0,0,,1
79,19,3.9000000000000004,4.0,3.95,-2.0999999999999996,-2.0,-2.05,0,0,0,,1
0,20,-4.0,-3.9,-3.95,-2.0,-1.9,-1.95,0,0,0,,1
1,20,-3.9,-3.8,-3.8499999999999996,-2.0,-1.9,-1.95,0,0,0,,1
2,20,-3.8,-3.7,-3.75,-2.0,-1.9,-1.95,0,0,0,,1
3,20,-3.7,-3.6,-3.6500000000000004,-2.0,-1.9,-1.95,0,0,0,,1
4,20,-3.6,-3.5,-3.55,-2.0,-1.9,-1.95,0,0,0,,1
5,20,-3.5,-3.4,-3.45,-2.0,-1.9,-1.95,0,0,0,,1
6,20,-3.4,-3.3,-3.3499999999999996,-2.0,-1.9,-1.95,0,0,0,,1
7,20,-3.3,-3.2,-3.25,-2.0,-1.9,-1.95,0,0,0,,1
8,20,-3.2,-3.1,-3.1500000000000004,-2.0,-1.9,-1.95,0,0,0,,1
9,20,-3.1,-3.0,-3.05,-2.0,-1.9,-1.95,0,0,0,,1
10,20,-3.0,-2.9,-2.95,-2.0,-1.9,-1.95,0,0,0,,1
11,20,-2.9,-2.8,-2.8499999999999996,-2.0,-1.9,-1.95,0,0,0,,1
12,20,-2.8,-2.7,-2.75,-2.0,-1.9,-1.95,0,0,0,,1
13,20,-2.7,-2.5999999999999996,-2.65,-2.0,-1.9,-1.95,0,0,0,,1
14,20,-2.5999999999999996,-2.5,-2.55,-2.0,-1.9,-1.95,0,0,0,,1
15,20,-2.5,-2.4,-2.45,-2.0,-1.9,-1.95,0,0,0,,1
16,20,-2.4,-2.3,-2.3499999999999996,-2.0,-1.9,-1.95,0,0,0,,1
17,20,-2.3,-2.2,-2.25,-2.0,-1.9,-1.95,0,0,0,,1
18,20,-2.2,-2.0999999999999996,-2.15,-2.0,-1.9,-1.95,0,0,0,,1
19,20,-2.0999999999999996,-2.0,-2.05,-2.0,-1.9,-1.95,0,0,0,,1
20,20,-2.0,-1.9,-1.95,-2.0,-1.9,-1.95,0,0,0,,1
21,20,-1.9,-1.7999999999999998,-1.8499999999999999,-2.0,-1.9,-1.95,0,0,0,,1
22,20,-1.7999999999999998,-1.6999999999999997,-1.7499999999999998,-2.0,-1.9,-1.95,0,0,0,,1
23,20,-1.6999999999999997,-1.5999999999999996,-1.6499999999999997,-2.0,-1.9,-1.95,0,1,1,0.0,1
24,20,-1.5999999999999996,-1.5,-1.5499999999999998,-2.0,-1.9,-1.95,0,0,0,,1
25,20,-1.5,-1.4,-1.45,-2.0,-1.9,-1.95,0,0,0,,1
26,20,-1.4,-1.2999999999999998,-1.3499999999999999,-2.0,-1.9,-1.95,0,0,0,,1
27,20,-1.2999999999999998,-1.1999999999999997,-1.2499999999999998,-2.0,-1.9,-1.95,0,3,3,0.0,1
28,20,-1.1999999999999997,-1.0999999999999996,-1.1499999999999997,-2.0,-1.9,-1.95,0,0,0,,1
29,20,-1.0999999999999996,-1.0,-1.0499999999999998,-2.0,-1.9,-1.95,0,0,0,,1
30,20,-1.0,-0.8999999999999999,-0.95,-2.0,-1.9,-1.95,0,1,1,0.0,1
31,20,-0.8999999999999999,-0.7999999999999998,-0.8499999999999999,-2.0,-1.9,-1.95,0,0,0,,1
32,20,-0.7999999999999998,-0.6999999999999997,-0.7499999999999998,-2.0,-1.9,-1.95,0,0,0,,1
33,20,-0.6999999999999997,-0.5999999999999996,-0.6499999999999997,-2.0,-1.9,-1.95,0,0,0,,1
34,20,-0.5999999999999996,-0.5,-0.5499999999999998,-2.0,-1.9,-1.95,0,0,0,,1
35,20,-0.5,-0.3999999999999999,-0.44999999999999996,-2.0,-1.9,-1.95,0,3,3,0.0,1
36,20,-0.3999999999999999,-0.2999999999999998,-0.34999999999999987,-2.0,-1.9,-1.95,1,0,1,1.0,1
37,20,-0.2999999999999998,-0.19999999999999973,-0.24999999999999978,-2.0,-1.9,-1.95,0,0,0,,1
38,20,-0.19999999999999973,-0.09999999999999964,-0.1499999999999997,-2.0,-1.9,-1.95,1,0,1,1.0,1
39,20,-0.09999999999999964,0.0,-0.04999999999999982,-2.0,-1.9,-1.95,0,1,1,0.0,1
40,20,0.0,0.10000000000000053,0.050000000000000266,-2.0,-1.9,-1.95,1,0,1,1.0,1
41,20,0.10000000000000053,0.20000000000000018,0.15000000000000036,-2.0,-1.9,-1.95,1,0,1,1.0,1
42,20,0.20000000000000018,0.2999999999999998,0.25,-2.0,-1.9,-1.95,0,0,0,,1
43,20,0.2999999999999998,0.40000000000000036,0.3500000000000001,-2.0,-1.9,-1.95,2,0,2,1.0,1
44,20,0.40000000000000036,0.5,0.4500000000000002,-2.0,-1.9,-1.95,2,0,2,1.0,1
45,20,0.5,0.6000000000000005,0.5500000000000003,-2.0,-1.9,-1.95,1,0,1,1.0,1
46,20,0.6000000000000005,0.7000000000000002,0.6500000000000004,-2.0,-1.9,-1.95,2,0,2,1.0,1
47,20,0.7000000000000002,0.8000000000000007,0.7500000000000004,-2.0,-1.9,-1.95,0,0,0,,1
48,20,0.8000000000000007,0.9000000000000004,0.8500000000000005,-2.0,-1.9,-1.95,1,0,1,1.0,1
49,20,0.9000000000000004,1.0,0.9500000000000002,-2.0,-1.9,-1.95,1,0,1,1.0,1
50,20,1.0,1.1000000000000005,1.0500000000000003,-2.0,-1.9,-1.95,4,1,5,0.8,0
51,20,1.1000000000000005,1.2000000000000002,1.1500000000000004,-2.0,-1.9,-1.95,1,0,1,1.0,1
52,20,1.2000000000000002,1.3000000000000007,1.2500000000000004,-2.0,-1.9,-1.95,2,1,3,0.6666666666666666,1
53,20,1.3000000000000007,1.4000000000000004,1.3500000000000005,-2.0,-1.9,-1.95,0,0,0,,1
54,20,1.4000000000000004,1.5,1.4500000000000002,-2.0,-1.9,-1.95,1,1,2,0.5,1
55,20,1.5,1.6000000000000005,1.5500000000000003,-2.0,-1.9,-1.95,0,0,0,,1
56,20,1.6000000000000005,1.7000000000000002,1.6500000000000004,-2.0,-1.9,-1.95,0,0,0,,1
57,20,1.7000000000000002,1.8000000000000007,1.7500000000000004,-2.0,-1.9,-1.95,0,0,0,,1
58,20,1.8000000000000007,1.9000000000000004,1.8500000000000005,-2.0,-1.9,-1.95,0,0,0,,1
59,20,1.9000000000000004,2.0,1.9500000000000002,-2.0,-1.9,-1.95,0,0,0,,1
60,20,2.0,2.1000000000000005,2.0500000000000003,-2.0,-1.9,-1.95,0,0,0,,1
61,20,2.1000000000000005,2.2,2.1500000000000004,-2.0,-1.9,-1.95,0,0,0,,1
62,20,2.2,2.3000000000000007,2.2500000000000004,-2.0,-1.9,-1.95,0,0,0,,1
63,20,2.3000000000000007,2.4000000000000004,2.3500000000000005,-2.0,-1.9,-1.95,0,0,0,,1
64,20,2.4000000000000004,2.5,2.45,-2.0,-1.9,-1.95,0,0,0,,1
65,20,2.5,2.6000000000000005,2.5500000000000003,-2.0,-1.9,-1.95,0,0,0,,1
66,20,2.6000000000000005,2.7,2.6500000000000004,-2.0,-1.9,-1.95,0,0,0,,1
67,20,2.7,2.8000000000000007,2.7500000000000004,-2.0,-1.9,-1.95,0,0,0,,1
68,20,2.8000000000000007,2.9000000000000004,2.8500000000000005,-2.0,-1.9,-1.95,0,0,0,,1
69,20,2.9000000000000004,3.0,2.95,-2.0,-1.9,-1.95,0,0,0,,1
70,20,3.0,3.1000000000000005,3.0500000000000003,-2.0,-1.9,-1.95,0,0,0,,1
71,20,3.1000000000000005,3.2,3.1500000000000004,-2.0,-1.9,-1.95,0,0,0,,1
72,20,3.2,3.3000000000000007,3.2500000000000004,-2.0,-1.9,-1.95,0,0,0,,1
73,20,3.3000000000000007,3.4000000000000004,3.3500000000000005,-2.0,-1.9,-1.95,0,0,0,,1
74,20,3.4000000000000004,3.5,3.45,-2.0,-1.9,-1.95,0,0,0,,1
75,20,3.5,3.6000000000000005,3.5500000000000003,-2.0,-1.9,-1.95,0,0,0,,1
76,20,3.6000000000000005,3.7,3.6500000000000004,-2.0,-1.9,-1.95,0,0,0,,1
77,20,3.7,3.8000000000000007,3.7500000000000004,-2.0,-1.9,-1.95,0,0,0,,1
78,20,3.8000000000000007,3.9000000000000004,3.8500000000000005,-2.0,-1.9,-1.95,0,0,0,,1
79,20,3.9000000000000004,4.0,3.95,-2.0,-1.9,-1.95,0,0,0,,1
0,21,-4.0,-3.9,-3.95,-1.9,-1.7999999999999998,-1.8499999999999999,0,0,0,,1
1,21,-3.9,-3.8,-3.8499999999999996,-1.9,-1.7999999999999998,-1.8499999999999999,0,0,0,,1
2,21,-3.8,-3.7,-3.75,-1.9,-1.7999999999999998,-1.8499999999999999,0,0,0,,1
3,21,-3.7,-3.6,-3.6500000000000004,-1.9,-1.7999999999999998,-1.8499999999999999,0,0,0,,1
4,21,-3.6,-3.5,-3.55,-1.9,-1.7999999999999998,-1.8499999999999999,0,0,0,,1
5,21,-3.5,-3.4,-3.45,-1.9,-1.7999999999999998,-1.8499999999999999,0,0,0,,1
6,21,-3.4,-3.3,-3.3499999999999996,-1.9,-1.7999999999999998,-1.8499999999999999,0,0,0,,1
7,21,-3.3,-3.2,-3.25,-1.9,-1.7999999999999998,-1.8499999999999999,0,0,0,,1
8,21,-3.2,-3.1,-3.1500000000000004,-1.9,-1.7999999999999998,-1.8499999999999999,0,0,0,,1
9,21,-3.1,-3.0,-3.05,-1.9,-1.7999999999999998,-1.8499999999999999,0,0,0,,1
10,21,-3.0,-2.9,-2.95,-1.9,-1.7999999999999998,-1.8499999999999999,0,0,0,,1
11,21,-2.9,-2.8,-2.8499999999999996,-1.9,-1.7999999999999998,-1.8499999999999999,0,0,0,,1
12,21,-2.8,-2.7,-2.75,-1.9,-1.7999999999999998,-1.8499999999999999,0,0,0,,1
13,21,-2.7,-2.5999999999999996,-2.65,-1.9,-1.7999999999999998,-1.8499999999999999,0,0,0,,1
14,21,-2.5999999999999996,-2.5,-2.55,-1.9,-1.7999999999999998,-1.8499999999999999,0,0,0,,1
15,21,-2.5,-2.4,-2.45,-1.9,-1.7999999999999998,-1.8499999999999999,0,0,0,,1
16,21,-2.4,-2.3,-2.3499999999999996,-1.9,-1.7999999999999998,-1.8499999999999999,0,0,0,,1
17,21,-2.3,-2.2,-2.25,-1.9,-1.7999999999999998,-1.8499999999999999,0,0,0,,1
18,21,-2.2,-2.0999999999999996,-2.15,-1.9,-1.7999999999999998,-1.8499999999999999,0,0,0,,1
19,21,-2.0999999999999996,-2.0,-2.05,-1.9,-1.7999999999999998,-1.8499999999999999,0,0,0,,1
20,21,-2.0,-1.9,-1.95,-1.9,-1.7999999999999998,-1.8499999999999999,0,0,0,,1
21,21,-1.9,-1.7999999999999998,-1.8499999999999999,-1.9,-1.7999999999999998,-1.8499999999999999,0,0,0,,1
22,21,-1.7999999999999998,-1.6999999999999997,-1.7499999999999998,-1.9,-1.7999999999999998,-1.8499999999999999,0,0,0,,1
23,21,-1.6999999999999997,-1.5999999999999996,-1.6499999999999997,-1.9,-1.7999999999999998,-1.8499999999999999,0,0,0,,1
24,21,-1.5999999999999996,-1.5,-1.5499999999999998,-1.9,-1.7999999999999998,-1.8499999999999999,0,0,0,,1
25,21,-1.5,-1.4,-1.45,-1.9,-1.7999999999999998,-1.8499999999999999,0,1,1,0.0,1
26,21,-1.4,-1.2999999999999998,-1.3499999999999999,-1.9,-1.7999999999999998,-1.8499999999999999,0,1,1,0.0,1
27,21,-1.2999999999999998,-1.1999999999999997,-1.2499999999999998,-1.9,-1.7999999999999998,-1.8499999999999999,0,2,2,0.0,1
28,21,-1.1999999999999997,-1.0999999999999996,-1.1499999999999997,-1.9,-1.7999999999999998,-1.8499999999999999,0,0,0,,1
29,21,-1.0999999999999996,-1.0,-1.0499999999999998,-1.9,-1.7999999999999998,-1.8499999999999999,0,0,0,,1
30,21,-1.0,-0.8999999999999999,-0.95,-1.9,-1.7999999999999998,-1.8499999999999999,0,0,0,,1
31,21,-0.8999999999999999,-0.7999999999999998,-0.8499999999999999,-1.9,-1.7999999999999998,-1.8499999999999999,0,0,0,,1
32,21,-0.7999999999999998,-0.6999999999999997,-0.7499999999999998,-1.9,-1.7999999999999998,-1.8499999999999999,0,0,0,,1
33,21,-0.6999999999999997,-0.5999999999999996,-0.6499999999999997,-1.9,-1.7999999999999998,-1.8499999999999999,0,0,0,,1
34,21,-0.5999999999999996,-0.5,-0.5499999999999998,-1.9,-1.7999999999999998,-1.8499999999999999,0,0,0,,1
35,21,-0.5,-0.3999999999999999,-0.44999999999999996,-1.9,-1.7999999999999998,-1.8499999999999999,0,0,0,,1
36,21,-0.3999999999999999,-0.2999999999999998,-0.34999999999999987,-1.9,-1.7999999999999998,-1.8499999999999999,0,1,1,0.0,1
37,21,-0.2999999999999998,-0.19999999999999973,-0.24999999999999978,-1.9,-1.7999999999999998,-1.8499999999999999,0,1,1,0.0,1
38,21,-0.19999999999999973,-0.09999999999999964,-0.1499999999999997,-1.9,-1.7999999999999998,-1.8499999999999999,2,1,3,0.6666666666666666,1
39,21,-0.09999999999999964,0.0,-0.04999999999999982,-1.9,-1.7999999999999998,-1.8499999999999999,0,0,0,,1
40,21,0.0,0.10000000000000053,0.050000000000000266,-1.9,-1.7999999999999998,-1.8499999999999999,2,0,2,1.0,1
41,21,0.10000000000000053,0.20000000000000018,0.15000000000000036,-1.9,-1.7999999999999998,-1.8499999999999999,2,0,2,1.0,1
42,21,0.20000000000000018,0.2999999999999998,0.25,-1.9,-1.7999999999999998,-1.8499999999999999,1,0,1,1.0,1
43,21,0.2999999999999998,0.40000000000000036,0.3500000000000001,-1.9,-1.7999999999999998,-1.8499999999999999,1,0,1,1.0,1
44,21,0.40000000000000036,0.5,0.4500000000000002,-1.9,-1.7999999999999998,-1.8499999999999999,2,0,2,1.0,1
45,21,0.5,0.6000000000000005,0.5500000000000003,-1.9,-1.7999999999999998,-1.8499999999999999,2,0,2,1.0,1
46,21,0.6000000000000005,0.7000000000000002,0.6500000000000004,-1.9,-1.7999999999999998,-1.8499999999999999,1,0,1,1.0,1
47,21,0.7000000000000002,0.8000000000000007,0.7500000000000004,-1.9,-1.7999999999999998,-1.8499999999999999,1,2,3,0.3333333333333333,1
48,21,0.8000000000000007,0.9000000000000004,0.8500000000000005,-1.9,-1.7999999999999998,-1.8499999999999999,2,0,2,1.0,1
49,21,0.9000000000000004,1.0,0.9500000000000002,-1.9,-1.7999999999999998,-1.8499999999999999,1,1,2,0.5,1
50,21,1.0,1.1000000000000005,1.0500000000000003,-1.9,-1.7999999999999998,-1.8499999999999999,3,0,3,1.0,1
51,21,1.1000000000000005,1.2000000000000002,1.1500000000000004,-1.9,-1.7999999999999998,-1.8499999999999999,0,2,2,0.0,1
52,21,1.2000000000000002,1.3000000000000007,1.2500000000000004,-1.9,-1.7999999999999998,-1.8499999999999999,0,1,1,0.0,1
53,21,1.3000000000000007,1.4000000000000004,1.3500000000000005,-1.9,-1.7999999999999998,-1.8499999999999999,0,1,1,0.0,1
54,21,1.4000000000000004,1.5,1.4500000000000002,-1.9,-1.7999999999999998,-1.8499999999999999,2,1,3,0.6666666666666666,1
55,21,1.5,1.6000000000000005,1.5500000000000003,-1.9,-1.7999999999999998,-1.8499999999999999,3,1,4,0.75,1
56,21,1.6000000000000005,1.7000000000000002,1.6500000000000004,-1.9,-1.7999999999999998,-1.8499999999999999,0,1,1,0.0,1
57,21,1.7000000000000002,1.8000000000000007,1.7500000000000004,-1.9,-1.7999999999999998,-1.8499999999999999,0,1,1,0.0,1
58,21,1.8000000000000007,1.9000000000000004,1.8500000000000005,-1.9,-1.7999999999999998,-1.8499999999999999,0,0,0,,1
59,21,1.9000000000000004,2.0,1.9500000000000002,-1.9,-1.7999999999999998,-1.8499999999999999,0,0,0,,1
60,21,2.0,2.1000000000000005,2.0500000000000003,-1.9,-1.7999999999999998,-1.8499999999999999,0,0,0,,1
61,21,2.1000000000000005,2.2,2.1500000000000004,-1.9,-1.7999999999999998,-1.8499999999999999,0,0,0,,1
62,21,2.2,2.3000000000000007,2.2500000000000004,-1.9,-1.7999999999999998,-1.8499999999999999,0,0,0,,1
63,21,2.3000000000000007,2.4000000000000004,2.3500000000000005,-1.9,-1.7999999999999998,-1.8499999999999999,0,0,0,,1
64,21,2.4000000000000004,2.5,2.45,-1.9,-1.7999999999999998,-1.8499999999999999,0,0,0,,1
65,21,2.5,2.6000000000000005,2.5500000000000003,-1.9,-1.7999999999999998,-1.8499999999999999,0,0,0,,1
66,21,2.6000000000000005,2.7,2.6500000000000004,-1.9,-1.7999999999999998,-1.8499999999999999,0,0,0,,1
67,21,2.7,2.8000000000000007,2.7500000000000004,-1.9,-1.7999999999999998,-1.8499999999999999,0,0,0,,1
68,21,2.8000000000000007,2.9000000000000004,2.8500000000000005,-1.9,-1.7999999999999998,-1.8499999999999999,0,0,0,,1
69,21,2.9000000000000004,3.0,2.95,-1.9,-1.7999999999999998,-1.8499999999999999,0,0,0,,1
70,21,3.0,3.1000000000000005,3.0500000000000003,-1.9,-1.7999999999999998,-1.8499999999999999,0,0,0,,1
71,21,3.1000000000000005,3.2,3.1500000000000004,-1.9,-1.7999999999999998,-1.8499999999999999,0,0,0,,1
72,21,3.2,3.3000000000000007,3.2500000000000004,-1.9,-1.7999999999999998,-1.8499999999999999,0,0,0,,1
73,21,3.3000000000000007,3.4000000000000004,3.3500000000000005,-1.9,-1.7999999999999998,-1.8499999999999999,0,0,0,,1
74,21,3.4000000000000004,3.5,3.45,-1.9,-1.7999999999999998,-1.8499999999999999,0,0,0,,1
75,21,3.5,3.6000000000000005,3.5500000000000003,-1.9,-1.7999999999999998,-1.8499999999999999,0,0,0,,1
76,21,3.6000000000000005,3.7,3.6500000000000004,-1.9,-1.7999999999999998,-1.8499999999999999,0,0,0,,1
77,21,3.7,3.8000000000000007,3.7500000000000004,-1.9,-1.7999999999999998,-1.8499999999999999,0,0,0,,1
78,21,3.8000000000000007,3.9000000000000004,3.8500000000000005,-1.9,-1.7999999999999998,-1.8499999999999999,0,0,0,,1
79,21,3.9000000000000004,4.0,3.95,-1.9,-1.7999999999999998,-1.8499999999999999,0,0,0,,1
0,22,-4.0,-3.9,-3.95,-1.7999999999999998,-1.6999999999999997,-1.7499999999999998,0,0,0,,1
1,22,-3.9,-3.8,-3.8499999999999996,-1.7999999999999998,-1.6999999999999997,-1.7499999999999998,0,0,0,,1
2,22,-3.8,-3.7,-3.75,-1.7999999999999998,-1.6999999999999997,-1.7499999999999998,0,0,0,,1
3,22,-3.7,-3.6,-3.6500000000000004,-1.7999999999999998,-1.6999999999999997,-1.7499999999999998,0,0,0,,1
4,22,-3.6,-3.5,-3.55,-1.7999999999999998,-1.6999999999999997,-1.7499999999999998,0,0,0,,1
5,22,-3.5,-3.4,-3.45,-1.7999999999999998,-1.6999999999999997,-1.7499999999999998,0,0,0,,1
6,22,-3.4,-3.3,-3.3499999999999996,-1.7999999999999998,-1.6999999999999997,-1.7499999999999998,0,0,0,,1
7,22,-3.3,-3.2,-3.25,-1.7999999999999998,-1.6999999999999997,-1.7499999999999998,0,0,0,,1
8,22,-3.2,-3.1,-3.1500000000000004,-1.7999999999999998,-1.6999999999999997,-1.7499999999999998,0,0,0,,1
9,22,-3.1,-3.0,-3.05,-1.7999999999999998,-1.6999999999999997,-1.7499999999999998,0,0,0,,1
10,22,-3.0,-2.9,-2.95,-1.7999999999999998,-1.6999999999999997,-1.7499999999999998,0,0,0,,1
11,22,-2.9,-2.8,-2.8499999999999996,-1.7999999999999998,-1.6999999999999997,-1.7499999999999998,0,0,0,,1
12,22,-2.8,-2.7,-2.75,-1.7999999999999998,-1.6999999999999997,-1.7499999999999998,0,0,0,,1
13,22,-2.7,-2.5999999999999996,-2.65,-1.7999999999999998,-1.6999999999999997,-1.7499999999999998,0,0,0,,1
14,22,-2.5999999999999996,-2.5,-2.55,-1.7999999999999998,-1.6999999999999997,-1.7499999999999998,0,0,0,,1
15,22,-2.5,-2.4,-2.45,-1.7999999999999998,-1.6999999999999997,-1.7499999999999998,0,0,0,,1
16,22,-2.4,-2.3,-2.3499999999999996,-1.7999999999999998,-1.6999999999999997,-1.7499999999999998,0,0,0,,1
17,22,-2.3,-2.2,-2.25,-1.7999999999999998,-1.6999999999999997,-1.7499999999999998,0,0,0,,1
18,22,-2.2,-2.0999999999999996,-2.15,-1.7999999999999998,-1.6999999999999997,-1.7499999999999998,0,0,0,,1
19,22,-2.0999999999999996,-2.0,-2.05,-1.7999999999999998,-1.6999999999999997,-1.7499999999999998,0,0,0,,1
20,22,-2.0,-1.9,-1.95,-1.7999999999999998,-1.6999999999999997,-1.7499999999999998,0,0,0,,1
21,22,-1.9,-1.7999999999999998,-1.8499999999999999,-1.7999999999999998,-1.6999999999999997,-1.7499999999999998,0,0,0,,1
22,22,-1.7999999999999998,-1.6999999999999997,-1.7499999999999998,-1.7999999999999998,-1.6999999999999997,-1.7499999999999998,0,2,2,0.0,1
23,22,-1.6999999999999997,-1.5999999999999996,-1.6499999999999997,-1.7999999999999998,-1.6999999999999997,-1.7499999999999998,0,1,1,0.0,1
24,22,-1.5999999999999996,-1.5,-1.5499999999999998,-1.7999999999999998,-1.6999999999999997,-1.7499999999999998,0,0,0,,1
25,22,-1.5,-1.4,-1.45,-1.7999999999999998,-1.6999999999999997,-1.7499999999999998,0,0,0,,1
26,22,-1.4,-1.2999999999999998,-1.3499999999999999,-1.7999999999999998,-1.6999999999999997,-1.7499999999999998,0,1,1,0.0,1
27,22,-1.2999999999999998,-1.1999999999999997,-1.2499999999999998,-1.7999999999999998,-1.6999999999999997,-1.7499999999999998,0,3,3,0.0,1
28,22,-1.1999999999999997,-1.0999999999999996,-1.1499999999999997,-1.7999999999999998,-1.6999999999999997,-1.7499999999999998,0,0,0,,1
29,22,-1.0999999999999996,-1.0,-1.0499999999999998,-1.7999999999999998,-1.6999999999999997,-1.7499999999999998,0,0,0,,1
30,22,-1.0,-0.8999999999999999,-0.95,-1.7999999999999998,-1.6999999999999997,-1.7499999999999998,0,1,1,0.0,1
31,22,-0.8999999999999999,-0.7999999999999998,-0.8499999999999999,-1.7999999999999998,-1.6999999999999997,-1.7499999999999998,0,0,0,,1
32,22,-0.7999999999999998,-0.6999999999999997,-0.7499999999999998,-1.7999999999999998,-1.6999999999999997,-1.7499999999999998,0,0,0,,1
33,22,-0.6999999999999997,-0.5999999999999996,-0.6499999999999997,-1.7999999999999998,-1.6999999999999997,-1.7499999999999998,0,0,0,,1
34,22,-0.5999999999999996,-0.5,-0.5499999999999998,-1.7999999999999998,-1.6999999999999997,-1.7499999999999998,0,1,1,0.0,1
35,22,-0.5,-0.3999999999999999,-0.44999999999999996,-1.7999999999999998,-1.6999999999999997,-1.7499999999999998,1,1,2,0.5,1
36,22,-0.3999999999999999,-0.2999999999999998,-0.34999999999999987,-1.7999999999999998,-1.6999999999999997,-1.7499999999999998,0,0,0,,1
37,22,-0.2999999999999998,-0.19999999999999973,-0.24999999999999978,-1.7999999999999998,-1.6999999999999997,-1.7499999999999998,1,0,1,1.0,1
38,22,-0.19999999999999973,-0.09999999999999964,-0.1499999999999997,-1.7999999999999998,-1.6999999999999997,-1.7499999999999998,0,2,2,0.0,1
39,22,-0.09999999999999964,0.0,-0.04999999999999982,-1.7999999999999998,-1.6999999999999997,-1.7499999999999998,1,0,1,1.0,1
40,22,0.0,0.10000000000000053,0.050000000000000266,-1.7999999999999998,-1.6999999999999997,-1.7499999999999998,2,0,2,1.0,1
41,22,0.10000000000000053,0.20000000000000018,0.15000000000000036,-1.7999999999999998,-1.6999999999999997,-1.7499999999999998,1,0,1,1.0,1
42,22,0.20000000000000018,0.2999999999999998,0.25,-1.7999999999999998,-1.6999999999999997,-1.7499999999999998,1,0,1,1.0,1
43,22,0.2999999999999998,0.40000000000000036,0.3500000000000001,-1.7999999999999998,-1.6999999999999997,-1.7499999999999998,1,1,2,0.5,1
44,22,0.40000000000000036,0.5,0.4500000000000002,-1.7999999999999998,-1.6999999999999997,-1.7499999999999998,4,1,5,0.8,0
45,22,0.5,0.6000000000000005,0.5500000000000003,-1.7999999999999998,-1.6999999999999997,-1.7499999999999998,1,0,1,1.0,1
46,22,0.6000000000000005,0.7000000000000002,0.6500000000000004,-1.7999999999999998,-1.6999999999999997,-1.7499999999999998,0,1,1,0.0,1
47,22,0.7000000000000002,0.8000000000000007,0.7500000000000004,-1.7999999999999998,-1.6999999999999997,-1.7499999999999998,2,1,3,0.6666666666666666,1
48,22,0.8000000000000007,0.9000000000000004,0.8500000000000005,-1.7999999999999998,-1.6999999999999997,-1.7499999999999998,0,0,0,,1
49,22,0.9000000000000004,1.0,0.9500000000000002,-1.7999999999999998,-1.6999999999999997,-1.7499999999999998,3,1,4,0.75,1
50,22,1.0,1.1000000000000005,1.0500000000000003,-1.7999999999999998,-1.6999999999999997,-1.7499999999999998,1,0,1,1.0,1
51,22,1.1000000000000005,1.2000000000000002,1.1500000000000004,-1.7999999999999998,-1.6999999999999997,-1.7499999999999998,0,0,0,,1
52,22,1.2000000000000002,1.3000000000000007,1.2500000000000004,-1.7999999999999998,-1.6999999999999997,-1.7499999999999998,1,2,3,0.3333333333333333,1
53,22,1.3000000000000007,1.4000000000000004,1.3500000000000005,-1.7999999999999998,-1.6999999999999997,-1.7499999999999998,2,1,3,0.6666666666666666,1
54,22,1.4000000000000004,1.5,1.4500000000000002,-1.7999999999999998,-1.6999999999999997,-1.7499999999999998,1,0,1,1.0,1
55,22,1.5,1.6000000000000005,1.5500000000000003,-1.7999999999999998,-1.6999999999999997,-1.7499999999999998,1,1,2,0.5,1
56,22,1.6000000000000005,1.7000000000000002,1.6500000000000004,-1.7999999999999998,-1.6999999999999997,-1.7499999999999998,1,0,1,1.0,1
57,22,1.7000000000000002,1.8000000000000007,1.7500000000000004,-1.7999999999999998,-1.6999999999999997,-1.7499999999999998,1,1,2,0.5,1
58,22,1.8000000000000007,1.9000000000000004,1.8500000000000005,-1.7999999999999998,-1.6999999999999997,-1.7499999999999998,0,0,0,,1
59,22,1.9000000000000004,2.0,1.9500000000000002,-1.7999999999999998,-1.6999999999999997,-1.7499999999999998,0,0,0,,1
60,22,2.0,2.1000000000000005,2.0500000000000003,-1.7999999999999998,-1.6999999999999997,-1.7499999999999998,0,0,0,,1
61,22,2.1000000000000005,2.2,2.1500000000000004,-1.7999999999999998,-1.6999999999999997,-1.7499999999999998,0,0,0,,1
62,22,2.2,2.3000000000000007,2.2500000000000004,-1.7999999999999998,-1.6999999999999997,-1.7499999999999998,0,0,0,,1
63,22,2.3000000000000007,2.4000000000000004,2.3500000000000005,-1.7999999999999998,-1.6999999999999997,-1.7499999999999998,0,0,0,,1
64,22,2.4000000000000004,2.5,2.45,-1.7999999999999998,-1.6999999999999997,-1.7499999999999998,0,0,0,,1
65,22,2.5,2.6000000000000005,2.5500000000000003,-1.7999999999999998,-1.6999999999999997,-1.7499999999999998,0,0,0,,1
66,22,2.6000000000000005,2.7,2.6500000000000004,-1.7999999999999998,-1.6999999999999997,-1.7499999999999998,0,0,0,,1
67,22,2.7,2.8000000000000007,2.7500000000000004,-1.7999999999999998,-1.6999999999999997,-1.7499999999999998,0,0,0,,1
68,22,2.8000000000000007,2.9000000000000004,2.8500000000000005,-1.7999999999999998,-1.6999999999999997,-1.7499999999999998,0,0,0,,1
69,22,2.9000000000000004,3.0,2.95,-1.7999999999999998,-1.6999999999999997,-1.7499999999999998,0,0,0,,1
70,22,3.0,3.1000000000000005,3.0500000000000003,-1.7999999999999998,-1.6999999999999997,-1.7499999999999998,0,0,0,,1
71,22,3.1000000000000005,3.2,3.1500000000000004,-1.7999999999999998,-1.6999999999999997,-1.7499999999999998,0,0,0,,1
72,22,3.2,3.3000000000000007,3.2500000000000004,-1.7999999999999998,-1.6999999999999997,-1.7499999999999998,0,0,0,,1
73,22,3.3000000000000007,3.4000000000000004,3.3500000000000005,-1.7999999999999998,-1.6999999999999997,-1.7499999999999998,0,0,0,,1
74,22,3.4000000000000004,3.5,3.45,-1.7999999999999998,-1.6999999999999997,-1.7499999999999998,0,0,0,,1
75,22,3.5,3.6000000000000005,3.5500000000000003,-1.7999999999999998,-1.6999999999999997,-1.7499999999999998,0,0,0,,1
76,22,3.6000000000000005,3.7,3.6500000000000004,-1.7999999999999998,-1.6999999999999997,-1.7499999999999998,0,0,0,,1
77,22,3.7,3.8000000000000007,3.7500000000000004,-1.7999999999999998,-1.6999999999999997,-1.7499999999999998,0,0,0,,1
78,22,3.8000000000000007,3.9000000000000004,3.8500000000000005,-1.7999999999999998,-1.6999999999999997,-1.7499999999999998,0,0,0,,1
79,22,3.9000000000000004,4.0,3.95,-1.7999999999999998,-1.6999999999999997,-1.7499999999999998,0,0,0,,1
0,23,-4.0,-3.9,-3.95,-1.6999999999999997,-1.5999999999999996,-1.6499999999999997,0,0,0,,1
1,23,-3.9,-3.8,-3.8499999999999996,-1.6999999999999997,-1.5999999999999996,-1.6499999999999997,0,0,0,,1
2,23,-3.8,-3.7,-3.75,-1.6999999999999997,-1.5999999999999996,-1.6499999999999997,0,0,0,,1
3,23,-3.7,-3.6,-3.6500000000000004,-1.6999999999999997,-1.5999999999999996,-1.6499999999999997,0,0,0,,1
4,23,-3.6,-3.5,-3.55,-1.6999999999999997,-1.5999999999999996,-1.6499999999999997,0,0,0,,1
5,23,-3.5,-3.4,-3.45,-1.6999999999999997,-1.5999999999999996,-1.6499999999999997,0,0,0,,1
6,23,-3.4,-3.3,-3.3499999999999996,-1.6999999999999997,-1.5999999999999996,-1.6499999999999997,0,0,0,,1
7,23,-3.3,-3.2,-3.25,-1.6999999999999997,-1.5999999999999996,-1.6499999999999997,0,0,0,,1
8,23,-3.2,-3.1,-3.1500000000000004,-1.6999999999999997,-1.5999999999999996,-1.6499999999999997,0,0,0,,1
9,23,-3.1,-3.0,-3.05,-1.6999999999999997,-1.5999999999999996,-1.6499999999999997,0,0,0,,1
10,23,-3.0,-2.9,-2.95,-1.6999999999999997,-1.5999999999999996,-1.6499999999999997,0,0,0,,1
11,23,-2.9,-2.8,-2.8499999999999996,-1.6999999999999997,-1.5999999999999996,-1.6499999999999997,0,0,0,,1
12,23,-2.8,-2.7,-2.75,-1.6999999999999997,-1.5999999999999996,-1.6499999999999997,0,0,0,,1
13,23,-2.7,-2.5999999999999996,-2.65,-1.6999999999999997,-1.5999999999999996,-1.6499999999999997,0,0,0,,1
14,23,-2.5999999999999996,-2.5,-2.55,-1.6999999999999997,-1.5999999999999996,-1.6499999999999997,0,0,0,,1
15,23,-2.5,-2.4,-2.45,-1.6999999999999997,-1.5999999999999996,-1.6499999999999997,0,0,0,,1
16,23,-2.4,-2.3,-2.3499999999999996,-1.6999999999999997,-1.5999999999999996,-1.6499999999999997,0,0,0,,1
17,23,-2.3,-2.2,-2.25,-1.6999999999999997,-1.5999999999999996,-1.6499999999999997,0,0,0,,1
18,23,-2.2,-2.0999999999999996,-2.15,-1.6999999999999997,-1.5999999999999996,-1.6499999999999997,0,0,0,,1
19,23,-2.0999999999999996,-2.0,-2.05,-1.6999999999999997,-1.5999999999999996,-1.6499999999999997,0,0,0,,1
20,23,-2.0,-1.9,-1.95,-1.6999999999999997,-1.5999999999999996,-1.6499999999999997,0,0,0,,1
21,23,-1.9,-1.7999999999999998,-1.8499999999999999,-1.6999999999999997,-1.5999999999999996,-1.6499999999999997,0,0,0,,1
22,23,-1.7999999999999998,-1.6999999999999997,-1.7499999999999998,-1.6999999999999997,-1.5999999999999996,-1.6499999999999997,0,0,0,,1
23,23,-1.6999999999999997,-1.5999999999999996,-1.6499999999999997,-1.6999999999999997,-1.5999999999999996,-1.6499999999999997,0,0,0,,1
24,23,-1.5999999999999996,-1.5,-1.5499999999999998,-1.6999999999999997,-1.5999999999999996,-1.6499999999999997,0,1,1,0.0,1
25,23,-1.5,-1.4,-1.45,-1.6999999999999997,-1.5999999999999996,-1.6499999999999997,0,0,0,,1
26,23,-1.4,-1.2999999999999998,-1.3499999999999999,-1.6999999999999997,-1.5999999999999996,-1.6499999999999997,0,0,0,,1
27,23,-1.2999999999999998,-1.1999999999999997,-1.2499999999999998,-1.6999999999999997,-1.5999999999999996,-1.6499999999999997,0,1,1,0.0,1
28,23,-1.1999999999999997,-1.0999999999999996,-1.1499999999999997,-1.6999999999999997,-1.5999999999999996,-1.6499999999999997,0,1,1,0.0,1
29,23,-1.0999999999999996,-1.0,-1.0499999999999998,-1.6999999999999997,-1.5999999999999996,-1.6499999999999997,0,1,1,0.0,1
30,23,-1.0,-0.8999999999999999,-0.95,-1.6999999999999997,-1.5999999999999996,-1.6499999999999997,0,0,0,,1
31,23,-0.8999999999999999,-0.7999999999999998,-0.8499999999999999,-1.6999999999999997,-1.5999999999999996,-1.6499999999999997,0,0,0,,1
32,23,-0.7999999999999998,-0.6999999999999997,-0.7499999999999998,-1.6999999999999997,-1.5999999999999996,-1.6499999999999997,0,0,0,,1
33,23,-0.6999999999999997,-0.5999999999999996,-0.6499999999999997,-1.6999999999999997,-1.5999999999999996,-1.6499999999999997,0,0,0,,1
34,23,-0.5999999999999996,-0.5,-0.5499999999999998,-1.6999999999999997,-1.5999999999999996,-1.6499999999999997,1,0,1,1.0,1
35,23,-0.5,-0.3999999999999999,-0.44999999999999996,-1.6999999999999997,-1.5999999999999996,-1.6499999999999997,0,0,0,,1
36,23,-0.3999999999999999,-0.2999999999999998,-0.34999999999999987,-1.6999999999999997,-1.5999999999999996,-1.6499999999999997,0,0,0,,1
37,23,-0.2999999999999998,-0.19999999999999973,-0.24999999999999978,-1.6999999999999997,-1.5999999999999996,-1.6499999999999997,2,1,3,0.6666666666666666,1
38,23,-0.19999999999999973,-0.09999999999999964,-0.1499999999999997,-1.6999999999999997,-1.5999999999999996,-1.6499999999999997,1,0,1,1.0,1
39,23,-0.09999999999999964,0.0,-0.04999999999999982,-1.6999999999999997,-1.5999999999999996,-1.6499999999999997,2,2,4,0.5,1
40,23,0.0,0.10000000000000053,0.050000000000000266,-1.6999999999999997,-1.5999999999999996,-1.6499999999999997,1,0,1,1.0,1
41,23,0.10000000000000053,0.20000000000000018,0.15000000000000036,-1.6999999999999997,-1.5999999999999996,-1.6499999999999997,1,1,2,0.5,1
42,23,0.20000000000000018,0.2999999999999998,0.25,-1.6999999999999997,-1.5999999999999996,-1.6499999999999997,1,0,1,1.0,1
43,23,0.2999999999999998,0.40000000000000036,0.3500000000000001,-1.6999999999999997,-1.5999999999999996,-1.6499999999999997,2,0,2,1.0,1
44,23,0.40000000000000036,0.5,0.4500000000000002,-1.6999999999999997,-1.5999999999999996,-1.6499999999999997,3,0,3,1.0,1
45,23,0.5,0.6000000000000005,0.5500000000000003,-1.6999999999999997,-1.5999999999999996,-1.6499999999999997,0,0,0,,1
46,23,0.6000000000000005,0.7000000000000002,0.6500000000000004,-1.6999999999999997,-1.5999999999999996,-1.6499999999999997,2,0,2,1.0,1
47,23,0.7000000000000002,0.8000000000000007,0.7500000000000004,-1.6999999999999997,-1.5999999999999996,-1.6499999999999997,0,0,0,,1
48,23,0.8000000000000007,0.9000000000000004,0.8500000000000005,-1.6999999999999997,-1.5999999999999996,-1.6499999999999997,3,1,4,0.75,1
49,23,0.9000000000000004,1.0,0.9500000000000002,-1.6999999999999997,-1.5999999999999996,-1.6499999999999997,4,1,5,0.8,0
50,23,1.0,1.1000000000000005,1.0500000000000003,-1.6999999999999997,-1.5999999999999996,-1.6499999999999997,1,0,1,1.0,1
51,23,1.1000000000000005,1.2000000000000002,1.1500000000000004,-1.6999999999999997,-1.5999999999999996,-1.6499999999999997,1,3,4,0.25,1
52,23,1.2000000000000002,1.3000000000000007,1.2500000000000004,-1.6999999999999997,-1.5999999999999996,-1.6499999999999997,0,0,0,,1
53,23,1.3000000000000007,1.4000000000000004,1.3500000000000005,-1.6999999999999997,-1.5999999999999996,-1.6499999999999997,2,0,2,1.0,1
54,23,1.4000000000000004,1.5,1.4500000000000002,-1.6999999999999997,-1.5999999999999996,-1.6499999999999997,0,0,0,,1
55,23,1.5,1.6000000000000005,1.5500000000000003,-1.6999999999999997,-1.5999999999999996,-1.6499999999999997,0,0,0,,1
56,23,1.6000000000000005,1.7000000000000002,1.6500000000000004,-1.6999999999999997,-1.5999999999999996,-1.6499999999999997,0,0,0,,1
57,23,1.7000000000000002,1.8000000000000007,1.7500000000000004,-1.6999999999999997,-1.5999999999999996,-1.6499999999999997,3,1,4,0.75,1
58,23,1.8000000000000007,1.9000000000000004,1.8500000000000005,-1.6999999999999997,-1.5999999999999996,-1.6499999999999997,0,0,0,,1
59,23,1.9000000000000004,2.0,1.9500000000000002,-1.6999999999999997,-1.5999999999999996,-1.6499999999999997,1,0,1,1.0,1
60,23,2.0,2.1000000000000005,2.0500000000000003,-1.6999999999999997,-1.5999999999999996,-1.6499999999999997,0,0,0,,1
61,23,2.1000000000000005,2.2,2.1500000000000004,-1.6999999999999997,-1.5999999999999996,-1.6499999999999997,0,0,0,,1
62,23,2.2,2.3000000000000007,2.2500000000000004,-1.6999999999999997,-1.5999999999999996,-1.6499999999999997,0,0,0,,1
63,23,2.3000000000000007,2.4000000000000004,2.3500000000000005,-1.6999999999999997,-1.5999999999999996,-1.6499999999999997,0,0,0,,1
64,23,2.4000000000000004,2.5,2.45,-1.6999999999999997,-1.5999999999999996,-1.6499999999999997,0,0,0,,1
65,23,2.5,2.6000000000000005,2.5500000000000003,-1.6999999999999997,-1.5999999999999996,-1.6499999999999997,0,0,0,,1
66,23,2.6000000000000005,2.7,2.6500000000000004,-1.6999999999999997,-1.5999999999999996,-1.6499999999999997,0,0,0,,1
67,23,2.7,2.8000000000000007,2.7500000000000004,-1.6999999999999997,-1.5999999999999996,-1.6499999999999997,0,0,0,,1
68,23,2.8000000000000007,2.9000000000000004,2.8500000000000005,-1.6999999999999997,-1.5999999999999996,-1.6499999999999997,0,0,0,,1
69,23,2.9000000000000004,3.0,2.95,-1.6999999999999997,-1.5999999999999996,-1.6499999999999997,0,0,0,,1
70,23,3.0,3.1000000000000005,3.0500000000000003,-1.6999999999999997,-1.5999999999999996,-1.6499999999999997,0,0,0,,1
71,23,3.1000000000000005,3.2,3.1500000000000004,-1.6999999999999997,-1.5999999999999996,-1.6499999999999997,0,0,0,,1
72,23,3.2,3.3000000000000007,3.2500000000000004,-1.6999999999999997,-1.5999999999999996,-1.6499999999999997,0,0,0,,1
73,23,3.3000000000000007,3.4000000000000004,3.3500000000000005,-1.6999999999999997,-1.5999999999999996,-1.6499999999999997,0,0,0,,1
74,23,3.4000000000000004,3.5,3.45,-1.6999999999999997,-1.5999999999999996,-1.6499999999999997,0,0,0,,1
75,23,3.5,3.6000000000000005,3.5500000000000003,-1.6999999999999997,-1.5999999999999996,-1.6499999999999997,0,0,0,,1
76,23,3.6000000000000005,3.7,3.6500000000000004,-1.6999999999999997,-1.5999999999999996,-1.6499999999999997,0,0,0,,1
77,23,3.7,3.8000000000000007,3.7500000000000004,-1.6999999999999997,-1.5999999999999996,-1.6499999999999997,0,0,0,,1
78,23,3.8000000000000007,3.9000000000000004,3.8500000000000005,-1.6999999999999997,-1.5999999999999996,-1.6499999999999997,0,0,0,,1
79,23,3.9000000000000004,4.0,3.95,-1.6999999999999997,-1.5999999999999996,-1.6499999999999997,0,0,0,,1
0,24,-4.0,-3.9,-3.95,-1.5999999999999996,-1.5,-1.5499999999999998,0,0,0,,1
1,24,-3.9,-3.8,-3.8499999999999996,-1.5999999999999996,-1.5,-1.5499999999999998,0,0,0,,1
2,24,-3.8,-3.7,-3.75,-1.5999999999999996,-1.5,-1.5499999999999998,0,0,0,,1
3,24,-3.7,-3.6,-3.6500000000000004,-1.5999999999999996,-1.5,-1.5499999999999998,0,0,0,,1
4,24,-3.6,-3.5,-3.55,-1.5999999999999996,-1.5,-1.5499999999999998,0,0,0,,1
5,24,-3.5,-3.4,-3.45,-1.5999999999999996,-1.5,-1.5499999999999998,0,0,0,,1
6,24,-3.4,-3.3,-3.3499999999999996,-1.5999999999999996,-1.5,-1.5499999999999998,0,0,0,,1
7,24,-3.3,-3.2,-3.25,-1.5999999999999996,-1.5,-1.5499999999999998,0,0,0,,1
8,24,-3.2,-3.1,-3.1500000000000004,-1.5999999999999996,-1.5,-1.5499999999999998,0,0,0,,1
9,24,-3.1,-3.0,-3.05,-1.5999999999999996,-1.5,-1.5499999999999998,0,0,0,,1
10,24,-3.0,-2.9,-2.95,-1.5999999999999996,-1.5,-1.5499999999999998,0,0,0,,1
11,24,-2.9,-2.8,-2.8499999999999996,-1.5999999999999996,-1.5,-1.5499999999999998,0,0,0,,1
12,24,-2.8,-2.7,-2.75,-1.5999999999999996,-1.5,-1.5499999999999998,0,0,0,,1
13,24,-2.7,-2.5999999999999996,-2.65,-1.5999999999999996,-1.5,-1.5499999999999998,0,0,0,,1
14,24,-2.5999999999999996,-2.5,-2.55,-1.5999999999999996,-1.5,-1.5499999999999998,0,0,0,,1
15,24,-2.5,-2.4,-2.45,-1.5999999999999996,-1.5,-1.5499999999999998,0,0,0,,1
16,24,-2.4,-2.3,-2.3499999999999996,-1.5999999999999996,-1.5,-1.5499999999999998,0,0,0,,1
17,24,-2.3,-2.2,-2.25,-1.5999999999999996,-1.5,-1.5499999999999998,0,0,0,,1
18,24,-2.2,-2.0999999999999996,-2.15,-1.5999999999999996,-1.5,-1.5499999999999998,0,0,0,,1
19,24,-2.0999999999999996,-2.0,-2.05,-1.5999999999999996,-1.5,-1.5499999999999998,0,0,0,,1
20,24,-2.0,-1.9,-1.95,-1.5999999999999996,-1.5,-1.5499999999999998,0,0,0,,1
21,24,-1.9,-1.7999999999999998,-1.8499999999999999,-1.5999999999999996,-1.5,-1.5499999999999998,0,0,0,,1
22,24,-1.7999999999999998,-1.6999999999999997,-1.7499999999999998,-1.5999999999999996,-1.5,-1.5499999999999998,0,0,0,,1
23,24,-1.6999999999999997,-1.5999999999999996,-1.6499999999999997,-1.5999999999999996,-1.5,-1.5499999999999998,0,1,1,0.0,1
24,24,-1.5999999999999996,-1.5,-1.5499999999999998,-1.5999999999999996,-1.5,-1.5499999999999998,0,0,0,,1
25,24,-1.5,-1.4,-1.45,-1.5999999999999996,-1.5,-1.5499999999999998,0,0,0,,1
26,24,-1.4,-1.2999999999999998,-1.3499999999999999,-1.5999999999999996,-1.5,-1.5499999999999998,0,2,2,0.0,1
27,24,-1.2999999999999998,-1.1999999999999997,-1.2499999999999998,-1.5999999999999996,-1.5,-1.5499999999999998,0,1,1,0.0,1
28,24,-1.1999999999999997,-1.0999999999999996,-1.1499999999999997,-1.5999999999999996,-1.5,-1.5499999999999998,0,0,0,,1
29,24,-1.0999999999999996,-1.0,-1.0499999999999998,-1.5999999999999996,-1.5,-1.5499999999999998,0,0,0,,1
30,24,-1.0,-0.8999999999999999,-0.95,-1.5999999999999996,-1.5,-1.5499999999999998,0,0,0,,1
31,24,-0.8999999999999999,-0.7999999999999998,-0.8499999999999999,-1.5999999999999996,-1.5,-1.5499999999999998,0,0,0,,1
32,24,-0.7999999999999998,-0.6999999999999997,-0.7499999999999998,-1.5999999999999996,-1.5,-1.5499999999999998,0,1,1,0.0,1
33,24,-0.6999999999999997,-0.5999999999999996,-0.6499999999999997,-1.5999999999999996,-1.5,-1.5499999999999998,0,0,0,,1
34,24,-0.5999999999999996,-0.5,-0.5499999999999998,-1.5999999999999996,-1.5,-1.5499999999999998,0,0,0,,1
35,24,-0.5,-0.3999999999999999,-0.44999999999999996,-1.5999999999999996,-1.5,-1.5499999999999998,0,1,1,0.0,1
36,24,-0.3999999999999999,-0.2999999999999998,-0.34999999999999987,-1.5999999999999996,-1.5,-1.5499999999999998,2,0,2,1.0,1
37,24,-0.2999999999999998,-0.19999999999999973,-0.24999999999999978,-1.5999999999999996,-1.5,-1.5499999999999998,1,0,1,1.0,1
38,24,-0.19999999999999973,-0.09999999999999964,-0.1499999999999997,-1.5999999999999996,-1.5,-1.5499999999999998,2,1,3,0.6666666666666666,1
39,24,-0.09999999999999964,0.0,-0.04999999999999982,-1.5999999999999996,-1.5,-1.5499999999999998,1,0,1,1.0,1
40,24,0.0,0.10000000000000053,0.050000000000000266,-1.5999999999999996,-1.5,-1.5499999999999998,2,1,3,0.6666666666666666,1
41,24,0.10000000000000053,0.20000000000000018,0.15000000000000036,-1.5999999999999996,-1.5,-1.5499999999999998,1,0,1,1.0,1
42,24,0.20000000000000018,0.2999999999999998,0.25,-1.5999999999999996,-1.5,-1.5499999999999998,1,0,1,1.0,1
43,24,0.2999999999999998,0.40000000000000036,0.3500000000000001,-1.5999999999999996,-1.5,-1.5499999999999998,3,0,3,1.0,1
44,24,0.40000000000000036,0.5,0.4500000000000002,-1.5999999999999996,-1.5,-1.5499999999999998,2,0,2,1.0,1
45,24,0.5,0.6000000000000005,0.5500000000000003,-1.5999999999999996,-1.5,-1.5499999999999998,2,0,2,1.0,1
46,24,0.6000000000000005,0.7000000000000002,0.6500000000000004,-1.5999999999999996,-1.5,-1.5499999999999998,3,1,4,0.75,1
47,24,0.7000000000000002,0.8000000000000007,0.7500000000000004,-1.5999999999999996,-1.5,-1.5499999999999998,2,2,4,0.5,1
48,24,0.8000000000000007,0.9000000000000004,0.8500000000000005,-1.5999999999999996,-1.5,-1.5499999999999998,2,0,2,1.0,1
49,24,0.9000000000000004,1.0,0.9500000000000002,-1.5999999999999996,-1.5,-1.5499999999999998,1,0,1,1.0,1
50,24,1.0,1.1000000000000005,1.0500000000000003,-1.5999999999999996,-1.5,-1.5499999999999998,1,1,2,0.5,1
51,24,1.1000000000000005,1.2000000000000002,1.1500000000000004,-1.5999999999999996,-1.5,-1.5499999999999998,3,1,4,0.75,1
52,24,1.2000000000000002,1.3000000000000007,1.2500000000000004,-1.5999999999999996,-1.5,-1.5499999999999998,0,0,0,,1
53,24,1.3000000000000007,1.4000000000000004,1.3500000000000005,-1.5999999999999996,-1.5,-1.5499999999999998,2,0,2,1.0,1
54,24,1.4000000000000004,1.5,1.4500000000000002,-1.5999999999999996,-1.5,-1.5499999999999998,1,0,1,1.0,1
55,24,1.5,1.6000000000000005,1.5500000000000003,-1.5999999999999996,-1.5,-1.5499999999999998,1,0,1,1.0,1
56,24,1.6000000000000005,1.7000000000000002,1.6500000000000004,-1.5999999999999996,-1.5,-1.5499999999999998,1,0,1,1.0,1
57,24,1.7000000000000002,1.8000000000000007,1.7500000000000004,-1.5999999999999996,-1.5,-1.5499999999999998,1,0,1,1.0,1
58,24,1.8000000000000007,1.9000000000000004,1.8500000000000005,-1.5999999999999996,-1.5,-1.5499999999999998,1,1,2,0.5,1
59,24,1.9000000000000004,2.0,1.9500000000000002,-1.5999999999999996,-1.5,-1.5499999999999998,0,0,0,,1
60,24,2.0,2.1000000000000005,2.0500000000000003,-1.5999999999999996,-1.5,-1.5499999999999998,2,0,2,1.0,1
61,24,2.1000000000000005,2.2,2.1500000000000004,-1.5999999999999996,-1.5,-1.5499999999999998,0,0,0,,1
62,24,2.2,2.3000000000000007,2.2500000000000004,-1.5999999999999996,-1.5,-1.5499999999999998,0,0,0,,1
63,24,2.3000000000000007,2.4000000000000004,2.3500000000000005,-1.5999999999999996,-1.5,-1.5499999999999998,0,0,0,,1
64,24,2.4000000000000004,2.5,2.45,-1.5999999999999996,-1.5,-1.5499999999999998,0,0,0,,1
65,24,2.5,2.6000000000000005,2.5500000000000003,-1.5999999999999996,-1.5,-1.5499999999999998,0,0,0,,1
66,24,2.6000000000000005,2.7,2.6500000000000004,-1.5999999999999996,-1.5,-1.5499999999999998,0,0,0,,1
67,24,2.7,2.8000000000000007,2.7500000000000004,-1.5999999999999996,-1.5,-1.5499999999999998,0,0,0,,1
68,24,2.8000000000000007,2.9000000000000004,2.8500000000000005,-1.5999999999999996,-1.5,-1.5499999999999998,0,0,0,,1
69,24,2.9000000000000004,3.0,2.95,-1.5999999999999996,-1.5,-1.5499999999999998,0,0,0,,1
70,24,3.0,3.1000000000000005,3.0500000000000003,-1.5999999999999996,-1.5,-1.5499999999999998,0,0,0,,1
71,24,3.1000000000000005,3.2,3.1500000000000004,-1.5999999999999996,-1.5,-1.5499999999999998,0,0,0,,1
72,24,3.2,3.3000000000000007,3.2500000000000004,-1.5999999999999996,-1.5,-1.5499999999999998,0,0,0,,1
73,24,3.3000000000000007,3.4000000000000004,3.3500000000000005,-1.5999999999999996,-1.5,-1.5499999999999998,0,0,0,,1
74,24,3.4000000000000004,3.5,3.45,-1.5999999999999996,-1.5,-1.5499999999999998,0,0,0,,1
75,24,3.5,3.6000000000000005,3.5500000000000003,-1.5999999999999996,-1.5,-1.5499999999999998,0,0,0,,1
76,24,3.6000000000000005,3.7,3.6500000000000004,-1.5999999999999996,-1.5,-1.5499999999999998,0,0,0,,1
77,24,3.7,3.8000000000000007,3.7500000000000004,-1.5999999999999996,-1.5,-1.5499999999999998,0,0,0,,1
78,24,3.8000000000000007,3.9000000000000004,3.8500000000000005,-1.5999999999999996,-1.5,-1.5499999999999998,0,0,0,,1
79,24,3.9000000000000004,4.0,3.95,-1.5999999999999996,-1.5,-1.5499999999999998,0,0,0,,1
0,25,-4.0,-3.9,-3.95,-1.5,-1.4,-1.45,0,0,0,,1
1,25,-3.9,-3.8,-3.8499999999999996,-1.5,-1.4,-1.45,0,0,0,,1
2,25,-3.8,-3.7,-3.75,-1.5,-1.4,-1.45,0,0,0,,1
3,25,-3.7,-3.6,-3.6500000000000004,-1.5,-1.4,-1.45,0,0,0,,1
4,25,-3.6,-3.5,-3.55,-1.5,-1.4,-1.45,0,0,0,,1
5,25,-3.5,-3.4,-3.45,-1.5,-1.4,-1.45,0,0,0,,1
6,25,-3.4,-3.3,-3.3499999999999996,-1.5,-1.4,-1.45,0,0,0,,1
7,25,-3.3,-3.2,-3.25,-1.5,-1.4,-1.45,0,0,0,,1
8,25,-3.2,-3.1,-3.1500000000000004,-1.5,-1.4,-1.45,0,0,0,,1
9,25,-3.1,-3.0,-3.05,-1.5,-1.4,-1.45,0,0,0,,1
10,25,-3.0,-2.9,-2.95,-1.5,-1.4,-1.45,0,0,0,,1
11,25,-2.9,-2.8,-2.8499999999999996,-1.5,-1.4,-1.45,0,0,0,,1
12,25,-2.8,-2.7,-2.75,-1.5,-1.4,-1.45,0,0,0,,1
13,25,-2.7,-2.5999999999999996,-2.65,-1.5,-1.4,-1.45,0,0,0,,1
14,25,-2.5999999999999996,-2.5,-2.55,-1.5,-1.4,-1.45,0,0,0,,1
15,25,-2.5,-2.4,-2.45,-1.5,-1.4,-1.45,0,0,0,,1
16,25,-2.4,-2.3,-2.3499999999999996,-1.5,-1.4,-1.45,0,0,0,,1
17,25,-2.3,-2.2,-2.25,-1.5,-1.4,-1.45,0,0,0,,1
18,25,-2.2,-2.0999999999999996,-2.15,-1.5,-1.4,-1.45,0,0,0,,1
19,25,-2.0999999999999996,-2.0,-2.05,-1.5,-1.4,-1.45,0,0,0,,1
20,25,-2.0,-1.9,-1.95,-1.5,-1.4,-1.45,0,0,0,,1
21,25,-1.9,-1.7999999999999998,-1.8499999999999999,-1.5,-1.4,-1.45,0,2,2,0.0,1
22,25,-1.7999999999999998,-1.6999999999999997,-1.7499999999999998,-1.5,-1.4,-1.45,0,0,0,,1
23,25,-1.6999999999999997,-1.5999999999999996,-1.6499999999999997,-1.5,-1.4,-1.45,0,0,0,,1
24,25,-1.5999999999999996,-1.5,-1.5499999999999998,-1.5,-1.4,-1.45,0,1,1,0.0,1
25,25,-1.5,-1.4,-1.45,-1.5,-1.4,-1.45,0,0,0,,1
26,25,-1.4,-1.2999999999999998,-1.3499999999999999,-1.5,-1.4,-1.45,0,2,2,0.0,1
27,25,-1.2999999999999998,-1.1999999999999997,-1.2499999999999998,-1.5,-1.4,-1.45,0,1,1,0.0,1
28,25,-1.1999999999999997,-1.0999999999999996,-1.1499999999999997,-1.5,-1.4,-1.45,0,0,0,,1
29,25,-1.0999999999999996,-1.0,-1.0499999999999998,-1.5,-1.4,-1.45,0,1,1,0.0,1
30,25,-1.0,-0.8999999999999999,-0.95,-1.5,-1.4,-1.45,0,0,0,,1
31,25,-0.8999999999999999,-0.7999999999999998,-0.8499999999999999,-1.5,-1.4,-1.45,0,0,0,,1
32,25,-0.7999999999999998,-0.6999999999999997,-0.7499999999999998,-1.5,-1.4,-1.45,0,0,0,,1
33,25,-0.6999999999999997,-0.5999999999999996,-0.6499999999999997,-1.5,-1.4,-1.45,1,0,1,1.0,1
34,25,-0.5999999999999996,-0.5,-0.5499999999999998,-1.5,-1.4,-1.45,0,0,0,,1
35,25,-0.5,-0.3999999999999999,-0.44999999999999996,-1.5,-1.4,-1.45,2,0,2,1.0,1
36,25,-0.3999999999999999,-0.2999999999999998,-0.34999999999999987,-1.5,-1.4,-1.45,0,2,2,0.0,1
37,25,-0.2999999999999998,-0.19999999999999973,-0.24999999999999978,-1.5,-1.4,-1.45,2,1,3,0.6666666666666666,1
38,25,-0.19999999999999973,-0.09999999999999964,-0.1499999999999997,-1.5,-1.4,-1.45,2,1,3,0.6666666666666666,1
39,25,-0.09999999999999964,0.0,-0.04999999999999982,-1.5,-1.4,-1.45,4,0,4,1.0,1
40,25,0.0,0.10000000000000053,0.050000000000000266,-1.5,-1.4,-1.45,0,1,1,0.0,1
41,25,0.10000000000000053,0.20000000000000018,0.15000000000000036,-1.5,-1.4,-1.45,4,1,5,0.8,0
42,25,0.20000000000000018,0.2999999999999998,0.25,-1.5,-1.4,-1.45,1,1,2,0.5,1
43,25,0.2999999999999998,0.40000000000000036,0.3500000000000001,-1.5,-1.4,-1.45,2,0,2,1.0,1
44,25,0.40000000000000036,0.5,0.4500000000000002,-1.5,-1.4,-1.45,4,1,5,0.8,0
45,25,0.5,0.6000000000000005,0.5500000000000003,-1.5,-1.4,-1.45,3,0,3,1.0,1
46,25,0.6000000000000005,0.7000000000000002,0.6500000000000004,-1.5,-1.4,-1.45,1,1,2,0.5,1
47,25,0.7000000000000002,0.8000000000000007,0.7500000000000004,-1.5,-1.4,-1.45,1,1,2,0.5,1
48,25,0.8000000000000007,0.9000000000000004,0.8500000000000005,-1.5,-1.4,-1.45,0,1,1,0.0,1
49,25,0.9000000000000004,1.0,0.9500000000000002,-1.5,-1.4,-1.45,4,1,5,0.8,0
50,25,1.0,1.1000000000000005,1.0500000000000003,-1.5,-1.4,-1.45,2,0,2,1.0,1
51,25,1.1000000000000005,1.2000000000000002,1.1500000000000004,-1.5,-1.4,-1.45,1,0,1,1.0,1
52,25,1.2000000000000002,1.3000000000000007,1.2500000000000004,-1.5,-1.4,-1.45,1,0,1,1.0,1
53,25,1.3000000000000007,1.4000000000000004,1.3500000000000005,-1.5,-1.4,-1.45,2,0,2,1.0,1
54,25,1.4000000000000004,1.5,1.4500000000000002,-1.5,-1.4,-1.45,1,0,1,1.0,1
55,25,1.5,1.6000000000000005,1.5500000000000003,-1.5,-1.4,-1.45,2,0,2,1.0,1
56,25,1.6000000000000005,1.7000000000000002,1.6500000000000004,-1.5,-1.4,-1.45,1,1,2,0.5,1
57,25,1.7000000000000002,1.8000000000000007,1.7500000000000004,-1.5,-1.4,-1.45,2,1,3,0.6666666666666666,1
58,25,1.8000000000000007,1.9000000000000004,1.8500000000000005,-1.5,-1.4,-1.45,0,0,0,,1
59,25,1.9000000000000004,2.0,1.9500000000000002,-1.5,-1.4,-1.45,3,0,3,1.0,1
60,25,2.0,2.1000000000000005,2.0500000000000003,-1.5,-1.4,-1.45,0,0,0,,1
61,25,2.1000000000000005,2.2,2.1500000000000004,-1.5,-1.4,-1.45,0,0,0,,1
62,25,2.2,2.3000000000000007,2.2500000000000004,-1.5,-1.4,-1.45,0,0,0,,1
63,25,2.3000000000000007,2.4000000000000004,2.3500000000000005,-1.5,-1.4,-1.45,0,0,0,,1
64,25,2.4000000000000004,2.5,2.45,-1.5,-1.4,-1.45,0,0,0,,1
65,25,2.5,2.6000000000000005,2.5500000000000003,-1.5,-1.4,-1.45,0,0,0,,1
66,25,2.6000000000000005,2.7,2.6500000000000004,-1.5,-1.4,-1.45,0,0,0,,1
67,25,2.7,2.8000000000000007,2.7500000000000004,-1.5,-1.4,-1.45,0,0,0,,1
68,25,2.8000000000000007,2.9000000000000004,2.8500000000000005,-1.5,-1.4,-1.45,0,0,0,,1
69,25,2.9000000000000004,3.0,2.95,-1.5,-1.4,-1.45,0,0,0,,1
70,25,3.0,3.1000000000000005,3.0500000000000003,-1.5,-1.4,-1.45,0,0,0,,1
71,25,3.1000000000000005,3.2,3.1500000000000004,-1.5,-1.4,-1.45,0,0,0,,1
72,25,3.2,3.3000000000000007,3.2500000000000004,-1.5,-1.4,-1.45,0,0,0,,1
73,25,3.3000000000000007,3.4000000000000004,3.3500000000000005,-1.5,-1.4,-1.45,0,0,0,,1
74,25,3.4000000000000004,3.5,3.45,-1.5,-1.4,-1.45,0,0,0,,1
75,25,3.5,3.6000000000000005,3.5500000000000003,-1.5,-1.4,-1.45,0,0,0,,1
76,25,3.6000000000000005,3.7,3.6500000000000004,-1.5,-1.4,-1.45,0,0,0,,1
77,25,3.7,3.8000000000000007,3.7500000000000004,-1.5,-1.4,-1.45,0,0,0,,1
78,25,3.8000000000000007,3.9000000000000004,3.8500000000000005,-1.5,-1.4,-1.45,0,0,0,,1
79,25,3.9000000000000004,4.0,3.95,-1.5,-1.4,-1.45,0,0,0,,1
0,26,-4.0,-3.9,-3.95,-1.4,-1.2999999999999998,-1.3499999999999999,0,0,0,,1
1,26,-3.9,-3.8,-3.8499999999999996,-1.4,-1.2999999999999998,-1.3499999999999999,0,0,0,,1
2,26,-3.8,-3.7,-3.75,-1.4,-1.2999999999999998,-1.3499999999999999,0,0,0,,1
3,26,-3.7,-3.6,-3.6500000000000004,-1.4,-1.2999999999999998,-1.3499999999999999,0,0,0,,1
4,26,-3.6,-3.5,-3.55,-1.4,-1.2999999999999998,-1.3499999999999999,0,0,0,,1
5,26,-3.5,-3.4,-3.45,-1.4,-1.2999999999999998,-1.3499999999999999,0,0,0,,1
6,26,-3.4,-3.3,-3.3499999999999996,-1.4,-1.2999999999999998,-1.3499999999999999,0,0,0,,1
7,26,-3.3,-3.2,-3.25,-1.4,-1.2999999999999998,-1.3499999999999999,0,0,0,,1
8,26,-3.2,-3.1,-3.1500000000000004,-1.4,-1.2999999999999998,-1.3499999999999999,0,0,0,,1
9,26,-3.1,-3.0,-3.05,-1.4,-1.2999999999999998,-1.3499999999999999,0,0,0,,1
10,26,-3.0,-2.9,-2.95,-1.4,-1.2999999999999998,-1.3499999999999999,0,0,0,,1
11,26,-2.9,-2.8,-2.8499999999999996,-1.4,-1.2999999999999998,-1.3499999999999999,0,0,0,,1
12,26,-2.8,-2.7,-2.75,-1.4,-1.2999999999999998,-1.3499999999999999,0,0,0,,1
13,26,-2.7,-2.5999999999999996,-2.65,-1.4,-1.2999999999999998,-1.3499999999999999,0,0,0,,1
14,26,-2.5999999999999996,-2.5,-2.55,-1.4,-1.2999999999999998,-1.3499999999999999,0,0,0,,1
15,26,-2.5,-2.4,-2.45,-1.4,-1.2999999999999998,-1.3499999999999999,0,0,0,,1
16,26,-2.4,-2.3,-2.3499999999999996,-1.4,-1.2999999999999998,-1.3499999999999999,0,0,0,,1
17,26,-2.3,-2.2,-2.25,-1.4,-1.2999999999999998,-1.3499999999999999,0,0,0,,1
18,26,-2.2,-2.0999999999999996,-2.15,-1.4,-1.2999999999999998,-1.3499999999999999,0,0,0,,1
19,26,-2.0999999999999996,-2.0,-2.05,-1.4,-1.2999999999999998,-1.3499999999999999,0,0,0,,1
20,26,-2.0,-1.9,-1.95,-1.4,-1.2999999999999998,-1.3499999999999999,0,0,0,,1
21,26,-1.9,-1.7999999999999998,-1.8499999999999999,-1.4,-1.2999999999999998,-1.3499999999999999,0,0,0,,1
22,26,-1.7999999999999998,-1.6999999999999997,-1.7499999999999998,-1.4,-1.2999999999999998,-1.3499999999999999,0,0,0,,1
23,26,-1.6999999999999997,-1.5999999999999996,-1.6499999999999997,-1.4,-1.2999999999999998,-1.3499999999999999,0,1,1,0.0,1
24,26,-1.5999999999999996,-1.5,-1.5499999999999998,-1.4,-1.2999999999999998,-1.3499999999999999,0,0,0,,1
25,26,-1.5,-1.4,-1.45,-1.4,-1.2999999999999998,-1.3499999999999999,0,0,0,,1
26,26,-1.4,-1.2999999999999998,-1.3499999999999999,-1.4,-1.2999999999999998,-1.3499999999999999,0,0,0,,1
27,26,-1.2999999999999998,-1.1999999999999997,-1.2499999999999998,-1.4,-1.2999999999999998,-1.3499999999999999,0,2,2,0.0,1
28,26,-1.1999999999999997,-1.0999999999999996,-1.1499999999999997,-1.4,-1.2999999999999998,-1.3499999999999999,0,1,1,0.0,1
29,26,-1.0999999999999996,-1.0,-1.0499999999999998,-1.4,-1.2999999999999998,-1.3499999999999999,0,0,0,,1
30,26,-1.0,-0.8999999999999999,-0.95,-1.4,-1.2999999999999998,-1.3499999999999999,0,0,0,,1
31,26,-0.8999999999999999,-0.7999999999999998,-0.8499999999999999,-1.4,-1.2999999999999998,-1.3499999999999999,2,2,4,0.5,1
32,26,-0.7999999999999998,-0.6999999999999997,-0.7499999999999998,-1.4,-1.2999999999999998,-1.3499999999999999,0,0,0,,1
33,26,-0.6999999999999997,-0.5999999999999996,-0.6499999999999997,-1.4,-1.2999999999999998,-1.3499999999999999,1,1,2,0.5,1
34,26,-0.5999999999999996,-0.5,-0.5499999999999998,-1.4,-1.2999999999999998,-1.3499999999999999,1,2,3,0.3333333333333333,1
35,26,-0.5,-0.3999999999999999,-0.44999999999999996,-1.4,-1.2999999999999998,-1.3499999999999999,0,3,3,0.0,1
36,26,-0.3999999999999999,-0.2999999999999998,-0.34999999999999987,-1.4,-1.2999999999999998,-1.3499999999999999,4,0,4,1.0,1
37,26,-0.2999999999999998,-0.19999999999999973,-0.24999999999999978,-1.4,-1.2999999999999998,-1.3499999999999999,3,0,3,1.0,1
38,26,-0.19999999999999973,-0.09999999999999964,-0.1499999999999997,-1.4,-1.2999999999999998,-1.3499999999999999,1,0,1,1.0,1
39,26,-0.09999999999999964,0.0,-0.04999999999999982,-1.4,-1.2999999999999998,-1.3499999999999999,0,0,0,,1
40,26,0.0,0.10000000000000053,0.050000000000000266,-1.4,-1.2999999999999998,-1.3499999999999999,3,0,3,1.0,1
41,26,0.10000000000000053,0.20000000000000018,0.15000000000000036,-1.4,-1.2999999999999998,-1.3499999999999999,1,0,1,1.0,1
42,26,0.20000000000000018,0.2999999999999998,0.25,-1.4,-1.2999999999999998,-1.3499999999999999,2,1,3,0.6666666666666666,1
43,26,0.2999999999999998,0.40000000000000036,0.3500000000000001,-1.4,-1.2999999999999998,-1.3499999999999999,4,2,6,0.6666666666666666,0
44,26,0.40000000000000036,0.5,0.4500000000000002,-1.4,-1.2999999999999998,-1.3499999999999999,3,1,4,0.75,1
45,26,0.5,0.6000000000000005,0.5500000000000003,-1.4,-1.2999999999999998,-1.3499999999999999,2,2,4,0.5,1
46,26,0.6000000000000005,0.7000000000000002,0.6500000000000004,-1.4,-1.2999999999999998,-1.3499999999999999,2,2,4,0.5,1
47,26,0.7000000000000002,0.8000000000000007,0.7500000000000004,-1.4,-1.2999999999999998,-1.3499999999999999,3,1,4,0.75,1
48,26,0.8000000000000007,0.9000000000000004,0.8500000000000005,-1.4,-1.2999999999999998,-1.3499999999999999,2,1,3,0.6666666666666666,1
49,26,0.9000000000000004,1.0,0.9500000000000002,-1.4,-1.2999999999999998,-1.3499999999999999,0,1,1,0.0,1
50,26,1.0,1.1000000000000005,1.0500000000000003,-1.4,-1.2999999999999998,-1.3499999999999999,0,0,0,,1
51,26,1.1000000000000005,1.2000000000000002,1.1500000000000004,-1.4,-1.2999999999999998,-1.3499999999999999,0,1,1,0.0,1
52,26,1.2000000000000002,1.3000000000000007,1.2500000000000004,-1.4,-1.2999999999999998,-1.3499999999999999,0,0,0,,1
53,26,1.3000000000000007,1.4000000000000004,1.3500000000000005,-1.4,-1.2999999999999998,-1.3499999999999999,0,1,1,0.0,1
54,26,1.4000000000000004,1.5,1.4500000000000002,-1.4,-1.2999999999999998,-1.3499999999999999,2,0,2,1.0,1
55,26,1.5,1.6000000000000005,1.5500000000000003,-1.4,-1.2999999999999998,-1.3499999999999999,0,1,1,0.0,1
56,26,1.6000000000000005,1.7000000000000002,1.6500000000000004,-1.4,-1.2999999999999998,-1.3499999999999999,3,2,5,0.6,0
57,26,1.7000000000000002,1.8000000000000007,1.7500000000000004,-1.4,-1.2999999999999998,-1.3499999999999999,1,1,2,0.5,1
58,26,1.8000000000000007,1.9000000000000004,1.8500000000000005,-1.4,-1.2999999999999998,-1.3499999999999999,0,1,1,0.0,1
59,26,1.9000000000000004,2.0,1.9500000000000002,-1.4,-1.2999999999999998,-1.3499999999999999,3,0,3,1.0,1
60,26,2.0,2.1000000000000005,2.0500000000000003,-1.4,-1.2999999999999998,-1.3499999999999999,2,1,3,0.6666666666666666,1
61,26,2.1000000000000005,2.2,2.1500000000000004,-1.4,-1.2999999999999998,-1.3499999999999999,0,0,0,,1
62,26,2.2,2.3000000000000007,2.2500000000000004,-1.4,-1.2999999999999998,-1.3499999999999999,0,1,1,0.0,1
63,26,2.3000000000000007,2.4000000000000004,2.3500000000000005,-1.4,-1.2999999999999998,-1.3499999999999999,0,0,0,,1
64,26,2.4000000000000004,2.5,2.45,-1.4,-1.2999999999999998,-1.3499999999999999,0,0,0,,1
65,26,2.5,2.6000000000000005,2.5500000000000003,-1.4,-1.2999999999999998,-1.3499999999999999,0,0,0,,1
66,26,2.6000000000000005,2.7,2.6500000000000004,-1.4,-1.2999999999999998,-1.3499999999999999,0,0,0,,1
67,26,2.7,2.8000000000000007,2.7500000000000004,-1.4,-1.2999999999999998,-1.3499999999999999,0,0,0,,1
68,26,2.8000000000000007,2.9000000000000004,2.8500000000000005,-1.4,-1.2999999999999998,-1.3499999999999999,0,0,0,,1
69,26,2.9000000000000004,3.0,2.95,-1.4,-1.2999999999999998,-1.3499999999999999,0,0,0,,1
70,26,3.0,3.1000000000000005,3.0500000000000003,-1.4,-1.2999999999999998,-1.3499999999999999,0,0,0,,1
71,26,3.1000000000000005,3.2,3.1500000000000004,-1.4,-1.2999999999999998,-1.3499999999999999,0,0,0,,1
72,26,3.2,3.3000000000000007,3.2500000000000004,-1.4,-1.2999999999999998,-1.3499999999999999,0,0,0,,1
73,26,3.3000000000000007,3.4000000000000004,3.3500000000000005,-1.4,-1.2999999999999998,-1.3499999999999999,0,0,0,,1
74,26,3.4000000000000004,3.5,3.45,-1.4,-1.2999999999999998,-1.3499999999999999,0,0,0,,1
75,26,3.5,3.6000000000000005,3.5500000000000003,-1.4,-1.2999999999999998,-1.3499999999999999,0,0,0,,1
76,26,3.6000000000000005,3.7,3.6500000000000004,-1.4,-1.2999999999999998,-1.3499999999999999,0,0,0,,1
77,26,3.7,3.8000000000000007,3.7500000000000004,-1.4,-1.2999999999999998,-1.3499999999999999,0,0,0,,1
78,26,3.8000000000000007,3.9000000000000004,3.8500000000000005,-1.4,-1.2999999999999998,-1.3499999999999999,0,0,0,,1
79,26,3.9000000000000004,4.0,3.95,-1.4,-1.2999999999999998,-1.3499999999999999,0,0,0,,1
0,27,-4.0,-3.9,-3.95,-1.2999999999999998,-1.1999999999999997,-1.2499999999999998,0,0,0,,1
1,27,-3.9,-3.8,-3.8499999999999996,-1.2999999999999998,-1.1999999999999997,-1.2499999999999998,0,0,0,,1
2,27,-3.8,-3.7,-3.75,-1.2999999999999998,-1.1999999999999997,-1.2499999999999998,0,0,0,,1
3,27,-3.7,-3.6,-3.6500000000000004,-1.2999999999999998,-1.1999999999999997,-1.2499999999999998,0,0,0,,1
4,27,-3.6,-3.5,-3.55,-1.2999999999999998,-1.1999999999999997,-1.2499999999999998,0,0,0,,1
5,27,-3.5,-3.4,-3.45,-1.2999999999999998,-1.1999999999999997,-1.2499999999999998,0,0,0,,1
6,27,-3.4,-3.3,-3.3499999999999996,-1.2999999999999998,-1.1999999999999997,-1.2499999999999998,0,0,0,,1
7,27,-3.3,-3.2,-3.25,-1.2999999999999998,-1.1999999999999997,-1.2499999999999998,0,0,0,,1
8,27,-3.2,-3.1,-3.1500000000000004,-1.2999999999999998,-1.1999999999999997,-1.2499999999999998,0,0,0,,1
9,27,-3.1,-3.0,-3.05,-1.2999999999999998,-1.1999999999999997,-1.2499999999999998,0,0,0,,1
10,27,-3.0,-2.9,-2.95,-1.2999999999999998,-1.1999999999999997,-1.2499999999999998,0,0,0,,1
11,27,-2.9,-2.8,-2.8499999999999996,-1.2999999999999998,-1.1999999999999997,-1.2499999999999998,0,0,0,,1
12,27,-2.8,-2.7,-2.75,-1.2999999999999998,-1.1999999999999997,-1.2499999999999998,0,0,0,,1
13,27,-2.7,-2.5999999999999996,-2.65,-1.2999999999999998,-1.1999999999999997,-1.2499999999999998,0,0,0,,1
14,27,-2.5999999999999996,-2.5,-2.55,-1.2999999999999998,-1.1999999999999997,-1.2499999999999998,0,0,0,,1
15,27,-2.5,-2.4,-2.45,-1.2999999999999998,-1.1999999999999997,-1.2499999999999998,0,0,0,,1
16,27,-2.4,-2.3,-2.3499999999999996,-1.2999999999999998,-1.1999999999999997,-1.2499999999999998,0,0,0,,1
17,27,-2.3,-2.2,-2.25,-1.2999999999999998,-1.1999999999999997,-1.2499999999999998,0,0,0,,1
18,27,-2.2,-2.0999999999999996,-2.15,-1.2999999999999998,-1.1999999999999997,-1.2499999999999998,0,0,0,,1
19,27,-2.0999999999999996,-2.0,-2.05,-1.2999999999999998,-1.1999999999999997,-1.2499999999999998,0,0,0,,1
20,27,-2.0,-1.9,-1.95,-1.2999999999999998,-1.1999999999999997,-1.2499999999999998,0,0,0,,1
21,27,-1.9,-1.7999999999999998,-1.8499999999999999,-1.2999999999999998,-1.1999999999999997,-1.2499999999999998,0,2,2,0.0,1
22,27,-1.7999999999999998,-1.6999999999999997,-1.7499999999999998,-1.2999999999999998,-1.1999999999999997,-1.2499999999999998,0,0,0,,1
23,27,-1.6999999999999997,-1.5999999999999996,-1.6499999999999997,-1.2999999999999998,-1.1999999999999997,-1.2499999999999998,0,0,0,,1
24,27,-1.5999999999999996,-1.5,-1.5499999999999998,-1.2999999999999998,-1.1999999999999997,-1.2499999999999998,0,1,1,0.0,1
25,27,-1.5,-1.4,-1.45,-1.2999999999999998,-1.1999999999999997,-1.2499999999999998,0,2,2,0.0,1
26,27,-1.4,-1.2999999999999998,-1.3499999999999999,-1.2999999999999998,-1.1999999999999997,-1.2499999999999998,0,0,0,,1
27,27,-1.2999999999999998,-1.1999999999999997,-1.2499999999999998,-1.2999999999999998,-1.1999999999999997,-1.2499999999999998,0,2,2,0.0,1
28,27,-1.1999999999999997,-1.0999999999999996,-1.1499999999999997,-1.2999999999999998,-1.1999999999999997,-1.2499999999999998,1,1,2,0.5,1
29,27,-1.0999999999999996,-1.0,-1.0499999999999998,-1.2999999999999998,-1.1999999999999997,-1.2499999999999998,0,0,0,,1
30,27,-1.0,-0.8999999999999999,-0.95,-1.2999999999999998,-1.1999999999999997,-1.2499999999999998,0,0,0,,1
31,27,-0.8999999999999999,-0.7999999999999998,-0.8499999999999999,-1.2999999999999998,-1.1999999999999997,-1.2499999999999998,1,1,2,0.5,1
32,27,-0.7999999999999998,-0.6999999999999997,-0.7499999999999998,-1.2999999999999998,-1.1999999999999997,-1.2499999999999998,0,1,1,0.0,1
33,27,-0.6999999999999997,-0.5999999999999996,-0.6499999999999997,-1.2999999999999998,-1.1999999999999997,-1.2499999999999998,0,1,1,0.0,1
34,27,-0.5999999999999996,-0.5,-0.5499999999999998,-1.2999999999999998,-1.1999999999999997,-1.2499999999999998,1,1,2,0.5,1
35,27,-0.5,-0.3999999999999999,-0.44999999999999996,-1.2999999999999998,-1.1999999999999997,-1.2499999999999998,5,0,5,1.0,0
36,27,-0.3999999999999999,-0.2999999999999998,-0.34999999999999987,-1.2999999999999998,-1.1999999999999997,-1.2499999999999998,1,0,1,1.0,1
37,27,-0.2999999999999998,-0.19999999999999973,-0.24999999999999978,-1.2999999999999998,-1.1999999999999997,-1.2499999999999998,1,0,1,1.0,1
38,27,-0.19999999999999973,-0.09999999999999964,-0.1499999999999997,-1.2999999999999998,-1.1999999999999997,-1.2499999999999998,2,0,2,1.0,1
39,27,-0.09999999999999964,0.0,-0.04999999999999982,-1.2999999999999998,-1.1999999999999997,-1.2499999999999998,3,0,3,1.0,1
40,27,0.0,0.10000000000000053,0.050000000000000266,-1.2999999999999998,-1.1999999999999997,-1.2499999999999998,5,0,5,1.0,0
41,27,0.10000000000000053,0.20000000000000018,0.15000000000000036,-1.2999999999999998,-1.1999999999999997,-1.2499999999999998,2,1,3,0.6666666666666666,1
42,27,0.20000000000000018,0.2999999999999998,0.25,-1.2999999999999998,-1.1999999999999997,-1.2499999999999998,3,0,3,1.0,1
43,27,0.2999999999999998,0.40000000000000036,0.3500000000000001,-1.2999999999999998,-1.1999999999999997,-1.2499999999999998,1,0,1,1.0,1
44,27,0.40000000000000036,0.5,0.4500000000000002,-1.2999999999999998,-1.1999999999999997,-1.2499999999999998,4,3,7,0.5714285714285714,0
45,27,0.5,0.6000000000000005,0.5500000000000003,-1.2999999999999998,-1.1999999999999997,-1.2499999999999998,1,0,1,1.0,1
46,27,0.6000000000000005,0.7000000000000002,0.6500000000000004,-1.2999999999999998,-1.1999999999999997,-1.2499999999999998,1,0,1,1.0,1
47,27,0.7000000000000002,0.8000000000000007,0.7500000000000004,-1.2999999999999998,-1.1999999999999997,-1.2499999999999998,0,1,1,0.0,1
48,27,0.8000000000000007,0.9000000000000004,0.8500000000000005,-1.2999999999999998,-1.1999999999999997,-1.2499999999999998,0,0,0,,1
49,27,0.9000000000000004,1.0,0.9500000000000002,-1.2999999999999998,-1.1999999999999997,-1.2499999999999998,0,0,0,,1
50,27,1.0,1.1000000000000005,1.0500000000000003,-1.2999999999999998,-1.1999999999999997,-1.2499999999999998,1,0,1,1.0,1
51,27,1.1000000000000005,1.2000000000000002,1.1500000000000004,-1.2999999999999998,-1.1999999999999997,-1.2499999999999998,0,0,0,,1
52,27,1.2000000000000002,1.3000000000000007,1.2500000000000004,-1.2999999999999998,-1.1999999999999997,-1.2499999999999998,1,0,1,1.0,1
53,27,1.3000000000000007,1.4000000000000004,1.3500000000000005,-1.2999999999999998,-1.1999999999999997,-1.2499999999999998,0,0,0,,1
54,27,1.4000000000000004,1.5,1.4500000000000002,-1.2999999999999998,-1.1999999999999997,-1.2499999999999998,0,0,0,,1
55,27,1.5,1.6000000000000005,1.5500000000000003,-1.2999999999999998,-1.1999999999999997,-1.2499999999999998,0,0,0,,1
56,27,1.6000000000000005,1.7000000000000002,1.6500000000000004,-1.2999999999999998,-1.1999999999999997,-1.2499999999999998,0,1,1,0.0,1
57,27,1.7000000000000002,1.8000000000000007,1.7500000000000004,-1.2999999999999998,-1.1999999999999997,-1.2499999999999998,1,1,2,0.5,1
58,27,1.8000000000000007,1.9000000000000004,1.8500000000000005,-1.2999999999999998,-1.1999999999999997,-1.2499999999999998,2,1,3,0.6666666666666666,1
59,27,1.9000000000000004,2.0,1.9500000000000002,-1.2999999999999998,-1.1999999999999997,-1.2499999999999998,2,0,2,1.0,1
60,27,2.0,2.1000000000000005,2.0500000000000003,-1.2999999999999998,-1.1999999999999997,-1.2499999999999998,0,1,1,0.0,1
61,27,2.1000000000000005,2.2,2.1500000000000004,-1.2999999999999998,-1.1999999999999997,-1.2499999999999998,1,1,2,0.5,1
62,27,2.2,2.3000000000000007,2.2500000000000004,-1.2999999999999998,-1.1999999999999997,-1.2499999999999998,0,0,0,,1
63,27,2.3000000000000007,2.4000000000000004,2.3500000000000005,-1.2999999999999998,-1.1999999999999997,-1.2499999999999998,0,0,0,,1
64,27,2.4000000000000004,2.5,2.45,-1.2999999999999998,-1.1999999999999997,-1.2499999999999998,0,0,0,,1
65,27,2.5,2.6000000000000005,2.5500000000000003,-1.2999999999999998,-1.1999999999999997,-1.2499999999999998,0,0,0,,1
66,27,2.6000000000000005,2.7,2.6500000000000004,-1.2999999999999998,-1.1999999999999997,-1.2499999999999998,0,0,0,,1
67,27,2.7,2.8000000000000007,2.7500000000000004,-1.2999999999999998,-1.1999999999999997,-1.2499999999999998,0,0,0,,1
68,27,2.8000000000000007,2.9000000000000004,2.8500000000000005,-1.2999999999999998,-1.1999999999999997,-1.2499999999999998,0,0,0,,1
69,27,2.9000000000000004,3.0,2.95,-1.2999999999999998,-1.1999999999999997,-1.2499999999999998,0,0,0,,1
70,27,3.0,3.1000000000000005,3.0500000000000003,-1.2999999999999998,-1.1999999999999997,-1.2499999999999998,0,0,0,,1
71,27,3.1000000000000005,3.2,3.1500000000000004,-1.2999999999999998,-1.1999999999999997,-1.2499999999999998,0,0,0,,1
72,27,3.2,3.3000000000000007,3.2500000000000004,-1.2999999999999998,-1.1999999999999997,-1.2499999999999998,0,0,0,,1
73,27,3.3000000000000007,3.4000000000000004,3.3500000000000005,-1.2999999999999998,-1.1999999999999997,-1.2499999999999998,0,0,0,,1
74,27,3.4000000000000004,3.5,3.45,-1.2999999999999998,-1.1999999999999997,-1.2499999999999998,0,0,0,,1
75,27,3.5,3.6000000000000005,3.5500000000000003,-1.2999999999999998,-1.1999999999999997,-1.2499999999999998,0,0,0,,1
76,27,3.6000000000000005,3.7,3.6500000000000004,-1.2999999999999998,-1.1999999999999997,-1.2499999999999998,0,0,0,,1
77,27,3.7,3.8000000000000007,3.7500000000000004,-1.2999999999999998,-1.1999999999999997,-1.2499999999999998,0,0,0,,1
78,27,3.8000000000000007,3.9000000000000004,3.8500000000000005,-1.2999999999999998,-1.1999999999999997,-1.2499999999999998,0,0,0,,1
79,27,3.9000000000000004,4.0,3.95,-1.2999999999999998,-1.1999999999999997,-1.2499999999999998,0,0,0,,1
0,28,-4.0,-3.9,-3.95,-1.1999999999999997,-1.0999999999999996,-1.1499999999999997,0,0,0,,1
1,28,-3.9,-3.8,-3.8499999999999996,-1.1999999999999997,-1.0999999999999996,-1.1499999999999997,0,0,0,,1
2,28,-3.8,-3.7,-3.75,-1.1999999999999997,-1.0999999999999996,-1.1499999999999997,0,0,0,,1
3,28,-3.7,-3.6,-3.6500000000000004,-1.1999999999999997,-1.0999999999999996,-1.1499999999999997,0,0,0,,1
4,28,-3.6,-3.5,-3.55,-1.1999999999999997,-1.0999999999999996,-1.1499999999999997,0,0,0,,1
5,28,-3.5,-3.4,-3.45,-1.1999999999999997,-1.0999999999999996,-1.1499999999999997,0,0,0,,1
6,28,-3.4,-3.3,-3.3499999999999996,-1.1999999999999997,-1.0999999999999996,-1.1499999999999997,0,0,0,,1
7,28,-3.3,-3.2,-3.25,-1.1999999999999997,-1.0999999999999996,-1.1499999999999997,0,0,0,,1
8,28,-3.2,-3.1,-3.1500000000000004,-1.1999999999999997,-1.0999999999999996,-1.1499999999999997,0,0,0,,1
9,28,-3.1,-3.0,-3.05,-1.1999999999999997,-1.0999999999999996,-1.1499999999999997,0,0,0,,1
10,28,-3.0,-2.9,-2.95,-1.1999999999999997,-1.0999999999999996,-1.1499999999999997,0,0,0,,1
11,28,-2.9,-2.8,-2.8499999999999996,-1.1999999999999997,-1.0999999999999996,-1.1499999999999997,0,0,0,,1
12,28,-2.8,-2.7,-2.75,-1.1999999999999997,-1.0999999999999996,-1.1499999999999997,0,0,0,,1
13,28,-2.7,-2.5999999999999996,-2.65,-1.1999999999999997,-1.0999999999999996,-1.1499999999999997,0,0,0,,1
14,28,-2.5999999999999996,-2.5,-2.55,-1.1999999999999997,-1.0999999999999996,-1.1499999999999997,0,0,0,,1
15,28,-2.5,-2.4,-2.45,-1.1999999999999997,-1.0999999999999996,-1.1499999999999997,0,0,0,,1
16,28,-2.4,-2.3,-2.3499999999999996,-1.1999999999999997,-1.0999999999999996,-1.1499999999999997,0,0,0,,1
17,28,-2.3,-2.2,-2.25,-1.1999999999999997,-1.0999999999999996,-1.1499999999999997,0,0,0,,1
18,28,-2.2,-2.0999999999999996,-2.15,-1.1999999999999997,-1.0999999999999996,-1.1499999999999997,0,0,0,,1
19,28,-2.0999999999999996,-2.0,-2.05,-1.1999999999999997,-1.0999999999999996,-1.1499999999999997,0,0,0,,1
20,28,-2.0,-1.9,-1.95,-1.1999999999999997,-1.0999999999999996,-1.1499999999999997,0,0,0,,1
21,28,-1.9,-1.7999999999999998,-1.8499999999999999,-1.1999999999999997,-1.0999999999999996,-1.1499999999999997,0,0,0,,1
22,28,-1.7999999999999998,-1.6999999999999997,-1.7499999999999998,-1.1999999999999997,-1.0999999999999996,-1.1499999999999997,0,1,1,0.0,1
23,28,-1.6999999999999997,-1.5999999999999996,-1.6499999999999997,-1.1999999999999997,-1.0999999999999996,-1.1499999999999997,0,0,0,,1
24,28,-1.5999999999999996,-1.5,-1.5499999999999998,-1.1999999999999997,-1.0999999999999996,-1.1499999999999997,0,0,0,,1
25,28,-1.5,-1.4,-1.45,-1.1999999999999997,-1.0999999999999996,-1.1499999999999997,0,2,2,0.0,1
26,28,-1.4,-1.2999999999999998,-1.3499999999999999,-1.1999999999999997,-1.0999999999999996,-1.1499999999999997,0,2,2,0.0,1
27,28,-1.2999999999999998,-1.1999999999999997,-1.2499999999999998,-1.1999999999999997,-1.0999999999999996,-1.1499999999999997,0,1,1,0.0,1
28,28,-1.1999999999999997,-1.0999999999999996,-1.1499999999999997,-1.1999999999999997,-1.0999999999999996,-1.1499999999999997,0,1,1,0.0,1
29,28,-1.0999999999999996,-1.0,-1.0499999999999998,-1.1999999999999997,-1.0999999999999996,-1.1499999999999997,0,0,0,,1
30,28,-1.0,-0.8999999999999999,-0.95,-1.1999999999999997,-1.0999999999999996,-1.1499999999999997,2,2,4,0.5,1
31,28,-0.8999999999999999,-0.7999999999999998,-0.8499999999999999,-1.1999999999999997,-1.0999999999999996,-1.1499999999999997,0,0,0,,1
32,28,-0.7999999999999998,-0.6999999999999997,-0.7499999999999998,-1.1999999999999997,-1.0999999999999996,-1.1499999999999997,0,0,0,,1
33,28,-0.6999999999999997,-0.5999999999999996,-0.6499999999999997,-1.1999999999999997,-1.0999999999999996,-1.1499999999999997,1,2,3,0.3333333333333333,1
34,28,-0.5999999999999996,-0.5,-0.5499999999999998,-1.1999999999999997,-1.0999999999999996,-1.1499999999999997,3,2,5,0.6,0
35,28,-0.5,-0.3999999999999999,-0.44999999999999996,-1.1999999999999997,-1.0999999999999996,-1.1499999999999997,1,1,2,0.5,1
36,28,-0.3999999999999999,-0.2999999999999998,-0.34999999999999987,-1.1999999999999997,-1.0999999999999996,-1.1499999999999997,1,0,1,1.0,1
37,28,-0.2999999999999998,-0.19999999999999973,-0.24999999999999978,-1.1999999999999997,-1.0999999999999996,-1.1499999999999997,6,0,6,1.0,0
38,28,-0.19999999999999973,-0.09999999999999964,-0.1499999999999997,-1.1999999999999997,-1.0999999999999996,-1.1499999999999997,2,0,2,1.0,1
39,28,-0.09999999999999964,0.0,-0.04999999999999982,-1.1999999999999997,-1.0999999999999996,-1.1499999999999997,2,0,2,1.0,1
40,28,0.0,0.10000000000000053,0.050000000000000266,-1.1999999999999997,-1.0999999999999996,-1.1499999999999997,3,2,5,0.6,0
41,28,0.10000000000000053,0.20000000000000018,0.15000000000000036,-1.1999999999999997,-1.0999999999999996,-1.1499999999999997,0,0,0,,1
42,28,0.20000000000000018,0.2999999999999998,0.25,-1.1999999999999997,-1.0999999999999996,-1.1499999999999997,4,1,5,0.8,0
43,28,0.2999999999999998,0.40000000000000036,0.3500000000000001,-1.1999999999999997,-1.0999999999999996,-1.1499999999999997,3,3,6,0.5,0
44,28,0.40000000000000036,0.5,0.4500000000000002,-1.1999999999999997,-1.0999999999999996,-1.1499999999999997,1,0,1,1.0,1
45,28,0.5,0.6000000000000005,0.5500000000000003,-1.1999999999999997,-1.0999999999999996,-1.1499999999999997,0,1,1,0.0,1
46,28,0.6000000000000005,0.7000000000000002,0.6500000000000004,-1.1999999999999997,-1.0999999999999996,-1.1499999999999997,0,0,0,,1
47,28,0.7000000000000002,0.8000000000000007,0.7500000000000004,-1.1999999999999997,-1.0999999999999996,-1.1499999999999997,0,0,0,,1
48,28,0.8000000000000007,0.9000000000000004,0.8500000000000005,-1.1999999999999997,-1.0999999999999996,-1.1499999999999997,0,0,0,,1
49,28,0.9000000000000004,1.0,0.9500000000000002,-1.1999999999999997,-1.0999999999999996,-1.1499999999999997,0,0,0,,1
50,28,1.0,1.1000000000000005,1.0500000000000003,-1.1999999999999997,-1.0999999999999996,-1.1499999999999997,0,0,0,,1
51,28,1.1000000000000005,1.2000000000000002,1.1500000000000004,-1.1999999999999997,-1.0999999999999996,-1.1499999999999997,0,0,0,,1
52,28,1.2000000000000002,1.3000000000000007,1.2500000000000004,-1.1999999999999997,-1.0999999999999996,-1.1499999999999997,0,1,1,0.0,1
53,28,1.3000000000000007,1.4000000000000004,1.3500000000000005,-1.1999999999999997,-1.0999999999999996,-1.1499999999999997,0,0,0,,1
54,28,1.4000000000000004,1.5,1.4500000000000002,-1.1999999999999997,-1.0999999999999996,-1.1499999999999997,1,1,2,0.5,1
55,28,1.5,1.6000000000000005,1.5500000000000003,-1.1999999999999997,-1.0999999999999996,-1.1499999999999997,2,0,2,1.0,1
56,28,1.6000000000000005,1.7000000000000002,1.6500000000000004,-1.1999999999999997,-1.0999999999999996,-1.1499999999999997,1,2,3,0.3333333333333333,1
57,28,1.7000000000000002,1.8000000000000007,1.7500000000000004,-1.1999999999999997,-1.0999999999999996,-1.1499999999999997,3,0,3,1.0,1
58,28,1.8000000000000007,1.9000000000000004,1.8500000000000005,-1.1999999999999997,-1.0999999999999996,-1.1499999999999997,3,1,4,0.75,1
59,28,1.9000000000000004,2.0,1.9500000000000002,-1.1999999999999997,-1.0999999999999996,-1.1499999999999997,1,0,1,1.0,1
60,28,2.0,2.1000000000000005,2.0500000000000003,-1.1999999999999997,-1.0999999999999996,-1.1499999999999997,1,0,1,1.0,1
61,28,2.1000000000000005,2.2,2.1500000000000004,-1.1999999999999997,-1.0999999999999996,-1.1499999999999997,0,0,0,,1
62,28,2.2,2.3000000000000007,2.2500000000000004,-1.1999999999999997,-1.0999999999999996,-1.1499999999999997,0,0,0,,1
63,28,2.3000000000000007,2.4000000000000004,2.3500000000000005,-1.1999999999999997,-1.0999999999999996,-1.1499999999999997,0,0,0,,1
64,28,2.4000000000000004,2.5,2.45,-1.1999999999999997,-1.0999999999999996,-1.1499999999999997,0,0,0,,1
65,28,2.5,2.6000000000000005,2.5500000000000003,-1.1999999999999997,-1.0999999999999996,-1.1499999999999997,0,0,0,,1
66,28,2.6000000000000005,2.7,2.6500000000000004,-1.1999999999999997,-1.0999999999999996,-1.1499999999999997,0,0,0,,1
67,28,2.7,2.8000000000000007,2.7500000000000004,-1.1999999999999997,-1.0999999999999996,-1.1499999999999997,0,0,0,,1
68,28,2.8000000000000007,2.9000000000000004,2.8500000000000005,-1.1999999999999997,-1.0999999999999996,-1.1499999999999997,0,0,0,,1
69,28,2.9000000000000004,3.0,2.95,-1.1999999999999997,-1.0999999999999996,-1.1499999999999997,0,0,0,,1
70,28,3.0,3.1000000000000005,3.0500000000000003,-1.1999999999999997,-1.0999999999999996,-1.1499999999999997,0,0,0,,1
71,28,3.1000000000000005,3.2,3.1500000000000004,-1.1999999999999997,-1.0999999999999996,-1.1499999999999997,0,0,0,,1
72,28,3.2,3.3000000000000007,3.2500000000000004,-1.1999999999999997,-1.0999999999999996,-1.1499999999999997,0,0,0,,1
73,28,3.3000000000000007,3.4000000000000004,3.3500000000000005,-1.1999999999999997,-1.0999999999999996,-1.1499999999999997,0,0,0,,1
74,28,3.4000000000000004,3.5,3.45,-1.1999999999999997,-1.0999999999999996,-1.1499999999999997,0,0,0,,1
75,28,3.5,3.6000000000000005,3.5500000000000003,-1.1999999999999997,-1.0999999999999996,-1.1499999999999997,0,0,0,,1
76,28,3.6000000000000005,3.7,3.6500000000000004,-1.1999999999999997,-1.0999999999999996,-1.1499999999999997,0,0,0,,1
77,28,3.7,3.8000000000000007,3.7500000000000004,-1.1999999999999997,-1.0999999999999996,-1.1499999999999997,0,0,0,,1
78,28,3.8000000000000007,3.9000000000000004,3.8500000000000005,-1.1999999999999997,-1.0999999999999996,-1.1499999999999997,0,0,0,,1
79,28,3.9000000000000004,4.0,3.95,-1.1999999999999997,-1.0999999999999996,-1.1499999999999997,0,0,0,,1
0,29,-4.0,-3.9,-3.95,-1.0999999999999996,-1.0,-1.0499999999999998,0,0,0,,1
1,29,-3.9,-3.8,-3.8499999999999996,-1.0999999999999996,-1.0,-1.0499999999999998,0,0,0,,1
2,29,-3.8,-3.7,-3.75,-1.0999999999999996,-1.0,-1.0499999999999998,0,0,0,,1
3,29,-3.7,-3.6,-3.6500000000000004,-1.0999999999999996,-1.0,-1.0499999999999998,0,0,0,,1
4,29,-3.6,-3.5,-3.55,-1.0999999999999996,-1.0,-1.0499999999999998,0,0,0,,1
5,29,-3.5,-3.4,-3.45,-1.0999999999999996,-1.0,-1.0499999999999998,0,0,0,,1
6,29,-3.4,-3.3,-3.3499999999999996,-1.0999999999999996,-1.0,-1.0499999999999998,0,0,0,,1
7,29,-3.3,-3.2,-3.25,-1.0999999999999996,-1.0,-1.0499999999999998,0,0,0,,1
8,29,-3.2,-3.1,-3.1500000000000004,-1.0999999999999996,-1.0,-1.0499999999999998,0,0,0,,1
9,29,-3.1,-3.0,-3.05,-1.0999999999999996,-1.0,-1.0499999999999998,0,0,0,,1
10,29,-3.0,-2.9,-2.95,-1.0999999999999996,-1.0,-1.0499999999999998,0,0,0,,1
11,29,-2.9,-2.8,-2.8499999999999996,-1.0999999999999996,-1.0,-1.0499999999999998,0,0,0,,1
12,29,-2.8,-2.7,-2.75,-1.0999999999999996,-1.0,-1.0499999999999998,0,0,0,,1
13,29,-2.7,-2.5999999999999996,-2.65,-1.0999999999999996,-1.0,-1.0499999999999998,0,0,0,,1
14,29,-2.5999999999999996,-2.5,-2.55,-1.0999999999999996,-1.0,-1.0499999999999998,0,0,0,,1
15,29,-2.5,-2.4,-2.45,-1.0999999999999996,-1.0,-1.0499999999999998,0,0,0,,1
16,29,-2.4,-2.3,-2.3499999999999996,-1.0999999999999996,-1.0,-1.0499999999999998,0,0,0,,1
17,29,-2.3,-2.2,-2.25,-1.0999999999999996,-1.0,-1.0499999999999998,0,0,0,,1
18,29,-2.2,-2.0999999999999996,-2.15,-1.0999999999999996,-1.0,-1.0499999999999998,0,0,0,,1
19,29,-2.0999999999999996,-2.0,-2.05,-1.0999999999999996,-1.0,-1.0499999999999998,0,0,0,,1
20,29,-2.0,-1.9,-1.95,-1.0999999999999996,-1.0,-1.0499999999999998,0,0,0,,1
21,29,-1.9,-1.7999999999999998,-1.8499999999999999,-1.0999999999999996,-1.0,-1.0499999999999998,0,0,0,,1
22,29,-1.7999999999999998,-1.6999999999999997,-1.7499999999999998,-1.0999999999999996,-1.0,-1.0499999999999998,0,2,2,0.0,1
23,29,-1.6999999999999997,-1.5999999999999996,-1.6499999999999997,-1.0999999999999996,-1.0,-1.0499999999999998,0,1,1,0.0,1
24,29,-1.5999999999999996,-1.5,-1.5499999999999998,-1.0999999999999996,-1.0,-1.0499999999999998,1,1,2,0.5,1
25,29,-1.5,-1.4,-1.45,-1.0999999999999996,-1.0,-1.0499999999999998,0,0,0,,1
26,29,-1.4,-1.2999999999999998,-1.3499999999999999,-1.0999999999999996,-1.0,-1.0499999999999998,0,1,1,0.0,1
27,29,-1.2999999999999998,-1.1999999999999997,-1.2499999999999998,-1.0999999999999996,-1.0,-1.0499999999999998,0,1,1,0.0,1
28,29,-1.1999999999999997,-1.0999999999999996,-1.1499999999999997,-1.0999999999999996,-1.0,-1.0499999999999998,0,1,1,0.0,1
29,29,-1.0999999999999996,-1.0,-1.0499999999999998,-1.0999999999999996,-1.0,-1.0499999999999998,1,2,3,0.3333333333333333,1
30,29,-1.0,-0.8999999999999999,-0.95,-1.0999999999999996,-1.0,-1.0499999999999998,1,0,1,1.0,1
31,29,-0.8999999999999999,-0.7999999999999998,-0.8499999999999999,-1.0999999999999996,-1.0,-1.0499999999999998,1,1,2,0.5,1
32,29,-0.7999999999999998,-0.6999999999999997,-0.7499999999999998,-1.0999999999999996,-1.0,-1.0499999999999998,1,1,2,0.5,1
33,29,-0.6999999999999997,-0.5999999999999996,-0.6499999999999997,-1.0999999999999996,-1.0,-1.0499999999999998,4,1,5,0.8,0
34,29,-0.5999999999999996,-0.5,-0.5499999999999998,-1.0999999999999996,-1.0,-1.0499999999999998,2,0,2,1.0,1
35,29,-0.5,-0.3999999999999999,-0.44999999999999996,-1.0999999999999996,-1.0,-1.0499999999999998,3,0,3,1.0,1
36,29,-0.3999999999999999,-0.2999999999999998,-0.34999999999999987,-1.0999999999999996,-1.0,-1.0499999999999998,4,1,5,0.8,0
37,29,-0.2999999999999998,-0.19999999999999973,-0.24999999999999978,-1.0999999999999996,-1.0,-1.0499999999999998,1,1,2,0.5,1
38,29,-0.19999999999999973,-0.09999999999999964,-0.1499999999999997,-1.0999999999999996,-1.0,-1.0499999999999998,3,2,5,0.6,0
39,29,-0.09999999999999964,0.0,-0.04999999999999982,-1.0999999999999996,-1.0,-1.0499999999999998,3,1,4,0.75,1
40,29,0.0,0.10000000000000053,0.050000000000000266,-1.0999999999999996,-1.0,-1.0499999999999998,1,0,1,1.0,1
41,29,0.10000000000000053,0.20000000000000018,0.15000000000000036,-1.0999999999999996,-1.0,-1.0499999999999998,5,0,5,1.0,0
42,29,0.20000000000000018,0.2999999999999998,0.25,-1.0999999999999996,-1.0,-1.0499999999999998,0,2,2,0.0,1
43,29,0.2999999999999998,0.40000000000000036,0.3500000000000001,-1.0999999999999996,-1.0,-1.0499999999999998,1,0,1,1.0,1
44,29,0.40000000000000036,0.5,0.4500000000000002,-1.0999999999999996,-1.0,-1.0499999999999998,0,0,0,,1
45,29,0.5,0.6000000000000005,0.5500000000000003,-1.0999999999999996,-1.0,-1.0499999999999998,1,0,1,1.0,1
46,29,0.6000000000000005,0.7000000000000002,0.6500000000000004,-1.0999999999999996,-1.0,-1.0499999999999998,0,1,1,0.0,1
47,29,0.7000000000000002,0.8000000000000007,0.7500000000000004,-1.0999999999999996,-1.0,-1.0499999999999998,0,1,1,0.0,1
48,29,0.8000000000000007,0.9000000000000004,0.8500000000000005,-1.0999999999999996,-1.0,-1.0499999999999998,0,0,0,,1
49,29,0.9000000000000004,1.0,0.9500000000000002,-1.0999999999999996,-1.0,-1.0499999999999998,0,0,0,,1
50,29,1.0,1.1000000000000005,1.0500000000000003,-1.0999999999999996,-1.0,-1.0499999999999998,1,1,2,0.5,1
51,29,1.1000000000000005,1.2000000000000002,1.1500000000000004,-1.0999999999999996,-1.0,-1.0499999999999998,0,0,0,,1
52,29,1.2000000000000002,1.3000000000000007,1.2500000000000004,-1.0999999999999996,-1.0,-1.0499999999999998,1,0,1,1.0,1
53,29,1.3000000000000007,1.4000000000000004,1.3500000000000005,-1.0999999999999996,-1.0,-1.0499999999999998,0,0,0,,1
54,29,1.4000000000000004,1.5,1.4500000000000002,-1.0999999999999996,-1.0,-1.0499999999999998,1,0,1,1.0,1
55,29,1.5,1.6000000000000005,1.5500000000000003,-1.0999999999999996,-1.0,-1.0499999999999998,0,0,0,,1
56,29,1.6000000000000005,1.7000000000000002,1.6500000000000004,-1.0999999999999996,-1.0,-1.0499999999999998,2,1,3,0.6666666666666666,1
57,29,1.7000000000000002,1.8000000000000007,1.7500000000000004,-1.0999999999999996,-1.0,-1.0499999999999998,1,0,1,1.0,1
58,29,1.8000000000000007,1.9000000000000004,1.8500000000000005,-1.0999999999999996,-1.0,-1.0499999999999998,2,0,2,1.0,1
59,29,1.9000000000000004,2.0,1.9500000000000002,-1.0999999999999996,-1.0,-1.0499999999999998,0,0,0,,1
60,29,2.0,2.1000000000000005,2.0500000000000003,-1.0999999999999996,-1.0,-1.0499999999999998,0,0,0,,1
61,29,2.1000000000000005,2.2,2.1500000000000004,-1.0999999999999996,-1.0,-1.0499999999999998,1,0,1,1.0,1
62,29,2.2,2.3000000000000007,2.2500000000000004,-1.0999999999999996,-1.0,-1.0499999999999998,0,0,0,,1
63,29,2.3000000000000007,2.4000000000000004,2.3500000000000005,-1.0999999999999996,-1.0,-1.0499999999999998,0,0,0,,1
64,29,2.4000000000000004,2.5,2.45,-1.0999999999999996,-1.0,-1.0499999999999998,0,0,0,,1
65,29,2.5,2.6000000000000005,2.5500000000000003,-1.0999999999999996,-1.0,-1.0499999999999998,0,0,0,,1
66,29,2.6000000000000005,2.7,2.6500000000000004,-1.0999999999999996,-1.0,-1.0499999999999998,0,0,0,,1
67,29,2.7,2.8000000000000007,2.7500000000000004,-1.0999999999999996,-1.0,-1.0499999999999998,0,0,0,,1
68,29,2.8000000000000007,2.9000000000000004,2.8500000000000005,-1.0999999999999996,-1.0,-1.0499999999999998,0,0,0,,1
69,29,2.9000000000000004,3.0,2.95,-1.0999999999999996,-1.0,-1.0499999999999998,0,0,0,,1
70,29,3.0,3.1000000000000005,3.0500000000000003,-1.0999999999999996,-1.0,-1.0499999999999998,0,0,0,,1
71,29,3.1000000000000005,3.2,3.1500000000000004,-1.0999999999999996,-1.0,-1.0499999999999998,0,0,0,,1
72,29,3.2,3.3000000000000007,3.2500000000000004,-1.0999999999999996,-1.0,-1.0499999999999998,0,0,0,,1
73,29,3.3000000000000007,3.4000000000000004,3.3500000000000005,-1.0999999999999996,-1.0,-1.0499999999999998,0,0,0,,1
74,29,3.4000000000000004,3.5,3.45,-1.0999999999999996,-1.0,-1.0499999999999998,0,0,0,,1
75,29,3.5,3.6000000000000005,3.5500000000000003,-1.0999999999999996,-1.0,-1.0499999999999998,0,0,0,,1
76,29,3.6000000000000005,3.7,3.6500000000000004,-1.0999999999999996,-1.0,-1.0499999999999998,0,0,0,,1
77,29,3.7,3.8000000000000007,3.7500000000000004,-1.0999999999999996,-1.0,-1.0499999999999998,0,0,0,,1
78,29,3.8000000000000007,3.9000000000000004,3.8500000000000005,-1.0999999999999996,-1.0,-1.0499999999999998,0,0,0,,1
79,29,3.9000000000000004,4.0,3.95,-1.0999999999999996,-1.0,-1.0499999999999998,0,0,0,,1
0,30,-4.0,-3.9,-3.95,-1.0,-0.8999999999999999,-0.95,0,0,0,,1
1,30,-3.9,-3.8,-3.8499999999999996,-1.0,-0.8999999999999999,-0.95,0,0,0,,1
2,30,-3.8,-3.7,-3.75,-1.0,-0.8999999999999999,-0.95,0,0,0,,1
3,30,-3.7,-3.6,-3.6500000000000004,-1.0,-0.8999999999999999,-0.95,0,0,0,,1
4,30,-3.6,-3.5,-3.55,-1.0,-0.8999999999999999,-0.95,0,0,0,,1
5,30,-3.5,-3.4,-3.45,-1.0,-0.8999999999999999,-0.95,0,0,0,,1
6,30,-3.4,-3.3,-3.3499999999999996,-1.0,-0.8999999999999999,-0.95,0,0,0,,1
7,30,-3.3,-3.2,-3.25,-1.0,-0.8999999999999999,-0.95,0,0,0,,1
8,30,-3.2,-3.1,-3.1500000000000004,-1.0,-0.8999999999999999,-0.95,0,0,0,,1
9,30,-3.1,-3.0,-3.05,-1.0,-0.8999999999999999,-0.95,0,0,0,,1
10,30,-3.0,-2.9,-2.95,-1.0,-0.8999999999999999,-0.95,0,0,0,,1
11,30,-2.9,-2.8,-2.8499999999999996,-1.0,-0.8999999999999999,-0.95,0,0,0,,1
12,30,-2.8,-2.7,-2.75,-1.0,-0.8999999999999999,-0.95,0,0,0,,1
13,30,-2.7,-2.5999999999999996,-2.65,-1.0,-0.8999999999999999,-0.95,0,0,0,,1
14,30,-2.5999999999999996,-2.5,-2.55,-1.0,-0.8999999999999999,-0.95,0,0,0,,1
15,30,-2.5,-2.4,-2.45,-1.0,-0.8999999999999999,-0.95,0,0,0,,1
16,30,-2.4,-2.3,-2.3499999999999996,-1.0,-0.8999999999999999,-0.95,0,0,0,,1
17,30,-2.3,-2.2,-2.25,-1.0,-0.8999999999999999,-0.95,0,0,0,,1
18,30,-2.2,-2.0999999999999996,-2.15,-1.0,-0.8999999999999999,-0.95,0,0,0,,1
19,30,-2.0999999999999996,-2.0,-2.05,-1.0,-0.8999999999999999,-0.95,0,0,0,,1
20,30,-2.0,-1.9,-1.95,-1.0,-0.8999999999999999,-0.95,0,1,1,0.0,1
21,30,-1.9,-1.7999999999999998,-1.8499999999999999,-1.0,-0.8999999999999999,-0.95,0,1,1,0.0,1
22,30,-1.7999999999999998,-1.6999999999999997,-1.7499999999999998,-1.0,-0.8999999999999999,-0.95,0,1,1,0.0,1
23,30,-1.6999999999999997,-1.5999999999999996,-1.6499999999999997,-1.0,-0.8999999999999999,-0.95,0,0,0,,1
24,30,-1.5999999999999996,-1.5,-1.5499999999999998,-1.0,-0.8999999999999999,-0.95,0,2,2,0.0,1
25,30,-1.5,-1.4,-1.45,-1.0,-0.8999999999999999,-0.95,0,0,0,,1
26,30,-1.4,-1.2999999999999998,-1.3499999999999999,-1.0,-0.8999999999999999,-0.95,0,3,3,0.0,1
27,30,-1.2999999999999998,-1.1999999999999997,-1.2499999999999998,-1.0,-0.8999999999999999,-0.95,1,1,2,0.5,1
28,30,-1.1999999999999997,-1.0999999999999996,-1.1499999999999997,-1.0,-0.8999999999999999,-0.95,0,2,2,0.0,1
29,30,-1.0999999999999996,-1.0,-1.0499999999999998,-1.0,-0.8999999999999999,-0.95,0,1,1,0.0,1
30,30,-1.0,-0.8999999999999999,-0.95,-1.0,-0.8999999999999999,-0.95,1,1,2,0.5,1
31,30,-0.8999999999999999,-0.7999999999999998,-0.8499999999999999,-1.0,-0.8999999999999999,-0.95,0,1,1,0.0,1
32,30,-0.7999999999999998,-0.6999999999999997,-0.7499999999999998,-1.0,-0.8999999999999999,-0.95,4,3,7,0.5714285714285714,0
33,30,-0.6999999999999997,-0.5999999999999996,-0.6499999999999997,-1.0,-0.8999999999999999,-0.95,2,1,3,0.6666666666666666,1
34,30,-0.5999999999999996,-0.5,-0.5499999999999998,-1.0,-0.8999999999999999,-0.95,4,1,5,0.8,0
35,30,-0.5,-0.3999999999999999,-0.44999999999999996,-1.0,-0.8999999999999999,-0.95,2,0,2,1.0,1
36,30,-0.3999999999999999,-0.2999999999999998,-0.34999999999999987,-1.0,-0.8999999999999999,-0.95,0,0,0,,1
37,30,-0.2999999999999998,-0.19999999999999973,-0.24999999999999978,-1.0,-0.8999999999999999,-0.95,1,0,1,1.0,1
38,30,-0.19999999999999973,-0.09999999999999964,-0.1499999999999997,-1.0,-0.8999999999999999,-0.95,0,0,0,,1
39,30,-0.09999999999999964,0.0,-0.04999999999999982,-1.0,-0.8999999999999999,-0.95,0,0,0,,1
40,30,0.0,0.10000000000000053,0.050000000000000266,-1.0,-0.8999999999999999,-0.95,0,0,0,,1
41,30,0.10000000000000053,0.20000000000000018,0.15000000000000036,-1.0,-0.8999999999999999,-0.95,0,1,1,0.0,1
42,30,0.20000000000000018,0.2999999999999998,0.25,-1.0,-0.8999999999999999,-0.95,0,0,0,,1
43,30,0.2999999999999998,0.40000000000000036,0.3500000000000001,-1.0,-0.8999999999999999,-0.95,0,0,0,,1
44,30,0.40000000000000036,0.5,0.4500000000000002,-1.0,-0.8999999999999999,-0.95,0,0,0,,1
45,30,0.5,0.6000000000000005,0.5500000000000003,-1.0,-0.8999999999999999,-0.95,0,0,0,,1
46,30,0.6000000000000005,0.7000000000000002,0.6500000000000004,-1.0,-0.8999999999999999,-0.95,1,2,3,0.3333333333333333,1
47,30,0.7000000000000002,0.8000000000000007,0.7500000000000004,-1.0,-0.8999999999999999,-0.95,0,2,2,0.0,1
48,30,0.8000000000000007,0.9000000000000004,0.8500000000000005,-1.0,-0.8999999999999999,-0.95,0,1,1,0.0,1
49,30,0.9000000000000004,1.0,0.9500000000000002,-1.0,-0.8999999999999999,-0.95,0,0,0,,1
50,30,1.0,1.1000000000000005,1.0500000000000003,-1.0,-0.8999999999999999,-0.95,0,0,0,,1
51,30,1.1000000000000005,1.2000000000000002,1.1500000000000004,-1.0,-0.8999999999999999,-0.95,2,0,2,1.0,1
52,30,1.2000000000000002,1.3000000000000007,1.2500000000000004,-1.0,-0.8999999999999999,-0.95,0,0,0,,1
53,30,1.3000000000000007,1.4000000000000004,1.3500000000000005,-1.0,-0.8999999999999999,-0.95,1,0,1,1.0,1
54,30,1.4000000000000004,1.5,1.4500000000000002,-1.0,-0.8999999999999999,-0.95,1,0,1,1.0,1
55,30,1.5,1.6000000000000005,1.5500000000000003,-1.0,-0.8999999999999999,-0.95,2,1,3,0.6666666666666666,1
56,30,1.6000000000000005,1.7000000000000002,1.6500000000000004,-1.0,-0.8999999999999999,-0.95,3,0,3,1.0,1
57,30,1.7000000000000002,1.8000000000000007,1.7500000000000004,-1.0,-0.8999999999999999,-0.95,1,0,1,1.0,1
58,30,1.8000000000000007,1.9000000000000004,1.8500000000000005,-1.0,-0.8999999999999999,-0.95,0,0,0,,1
59,30,1.9000000000000004,2.0,1.9500000000000002,-1.0,-0.8999999999999999,-0.95,0,1,1,0.0,1
60,30,2.0,2.1000000000000005,2.0500000000000003,-1.0,-0.8999999999999999,-0.95,0,0,0,,1
61,30,2.1000000000000005,2.2,2.1500000000000004,-1.0,-0.8999999999999999,-0.95,0,0,0,,1
62,30,2.2,2.3000000000000007,2.2500000000000004,-1.0,-0.8999999999999999,-0.95,0,0,0,,1
63,30,2.3000000000000007,2.4000000000000004,2.3500000000000005,-1.0,-0.8999999999999999,-0.95,0,0,0,,1
64,30,2.4000000000000004,2.5,2.45,-1.0,-0.8999999999999999,-0.95,0,0,0,,1
65,30,2.5,2.6000000000000005,2.5500000000000003,-1.0,-0.8999999999999999,-0.95,0,0,0,,1
66,30,2.6000000000000005,2.7,2.6500000000000004,-1.0,-0.8999999999999999,-0.95,0,0,0,,1
67,30,2.7,2.8000000000000007,2.7500000000000004,-1.0,-0.8999999999999999,-0.95,0,0,0,,1
68,30,2.8000000000000007,2.9000000000000004,2.8500000000000005,-1.0,-0.8999999999999999,-0.95,0,0,0,,1
69,30,2.9000000000000004,3.0,2.95,-1.0,-0.8999999999999999,-0.95,0,0,0,,1
70,30,3.0,3.1000000000000005,3.0500000000000003,-1.0,-0.8999999999999999,-0.95,0,0,0,,1
71,30,3.1000000000000005,3.2,3.1500000000000004,-1.0,-0.8999999999999999,-0.95,0,0,0,,1
72,30,3.2,3.3000000000000007,3.2500000000000004,-1.0,-0.8999999999999999,-0.95,0,0,0,,1
73,30,3.3000000000000007,3.4000000000000004,3.3500000000000005,-1.0,-0.8999999999999999,-0.95,0,0,0,,1
74,30,3.4000000000000004,3.5,3.45,-1.0,-0.8999999999999999,-0.95,0,0,0,,1
75,30,3.5,3.6000000000000005,3.5500000000000003,-1.0,-0.8999999999999999,-0.95,0,0,0,,1
76,30,3.6000000000000005,3.7,3.6500000000000004,-1.0,-0.8999999999999999,-0.95,0,0,0,,1
77,30,3.7,3.8000000000000007,3.7500000000000004,-1.0,-0.8999999999999999,-0.95,0,0,0,,1
78,30,3.8000000000000007,3.9000000000000004,3.8500000000000005,-1.0,-0.8999999999999999,-0.95,0,0,0,,1
79,30,3.9000000000000004,4.0,3.95,-1.0,-0.8999999999999999,-0.95,0,0,0,,1
0,31,-4.0,-3.9,-3.95,-0.8999999999999999,-0.7999999999999998,-0.8499999999999999,0,0,0,,1
1,31,-3.9,-3.8,-3.8499999999999996,-0.8999999999999999,-0.7999999999999998,-0.8499999999999999,0,0,0,,1
2,31,-3.8,-3.7,-3.75,-0.8999999999999999,-0.7999999999999998,-0.8499999999999999,0,0,0,,1
3,31,-3.7,-3.6,-3.6500000000000004,-0.8999999999999999,-0.7999999999999998,-0.8499999999999999,0,0,0,,1
4,31,-3.6,-3.5,-3.55,-0.8999999999999999,-0.7999999999999998,-0.8499999999999999,0,0,0,,1
5,31,-3.5,-3.4,-3.45,-0.8999999999999999,-0.7999999999999998,-0.8499999999999999,0,0,0,,1
6,31,-3.4,-3.3,-3.3499999999999996,-0.8999999999999999,-0.7999999999999998,-0.8499999999999999,0,0,0,,1
7,31,-3.3,-3.2,-3.25,-0.8999999999999999,-0.7999999999999998,-0.8499999999999999,0,0,0,,1
8,31,-3.2,-3.1,-3.1500000000000004,-0.8999999999999999,-0.7999999999999998,-0.8499999999999999,0,0,0,,1
9,31,-3.1,-3.0,-3.05,-0.8999999999999999,-0.7999999999999998,-0.8499999999999999,0,0,0,,1
10,31,-3.0,-2.9,-2.95,-0.8999999999999999,-0.7999999999999998,-0.8499999999999999,0,0,0,,1
11,31,-2.9,-2.8,-2.8499999999999996,-0.8999999999999999,-0.7999999999999998,-0.8499999999999999,0,0,0,,1
12,31,-2.8,-2.7,-2.75,-0.8999999999999999,-0.7999999999999998,-0.8499999999999999,0,0,0,,1
13,31,-2.7,-2.5999999999999996,-2.65,-0.8999999999999999,-0.7999999999999998,-0.8499999999999999,0,0,0,,1
14,31,-2.5999999999999996,-2.5,-2.55,-0.8999999999999999,-0.7999999999999998,-0.8499999999999999,0,0,0,,1
15,31,-2.5,-2.4,-2.45,-0.8999999999999999,-0.7999999999999998,-0.8499999999999999,0,0,0,,1
16,31,-2.4,-2.3,-2.3499999999999996,-0.8999999999999999,-0.7999999999999998,-0.8499999999999999,0,0,0,,1
17,31,-2.3,-2.2,-2.25,-0.8999999999999999,-0.7999999999999998,-0.8499999999999999,0,1,1,0.0,1
18,31,-2.2,-2.0999999999999996,-2.15,-0.8999999999999999,-0.7999999999999998,-0.8499999999999999,0,0,0,,1
19,31,-2.0999999999999996,-2.0,-2.05,-0.8999999999999999,-0.7999999999999998,-0.8499999999999999,0,0,0,,1
20,31,-2.0,-1.9,-1.95,-0.8999999999999999,-0.7999999999999998,-0.8499999999999999,0,0,0,,1
21,31,-1.9,-1.7999999999999998,-1.8499999999999999,-0.8999999999999999,-0.7999999999999998,-0.8499999999999999,0,0,0,,1
22,31,-1.7999999999999998,-1.6999999999999997,-1.7499999999999998,-0.8999999999999999,-0.7999999999999998,-0.8499999999999999,0,3,3,0.0,1
23,31,-1.6999999999999997,-1.5999999999999996,-1.6499999999999997,-0.8999999999999999,-0.7999999999999998,-0.8499999999999999,0,1,1,0.0,1
24,31,-1.5999999999999996,-1.5,-1.5499999999999998,-0.8999999999999999,-0.7999999999999998,-0.8499999999999999,0,5,5,0.0,0
25,31,-1.5,-1.4,-1.45,-0.8999999999999999,-0.7999999999999998,-0.8499999999999999,1,3,4,0.25,1
26,31,-1.4,-1.2999999999999998,-1.3499999999999999,-0.8999999999999999,-0.7999999999999998,-0.8499999999999999,0,3,3,0.0,1
27,31,-1.2999999999999998,-1.1999999999999997,-1.2499999999999998,-0.8999999999999999,-0.7999999999999998,-0.8499999999999999,0,3,3,0.0,1
28,31,-1.1999999999999997,-1.0999999999999996,-1.1499999999999997,-0.8999999999999999,-0.7999999999999998,-0.8499999999999999,2,1,3,0.6666666666666666,1
29,31,-1.0999999999999996,-1.0,-1.0499999999999998,-0.8999999999999999,-0.7999999999999998,-0.8499999999999999,3,1,4,0.75,1
30,31,-1.0,-0.8999999999999999,-0.95,-0.8999999999999999,-0.7999999999999998,-0.8499999999999999,3,1,4,0.75,1
31,31,-0.8999999999999999,-0.7999999999999998,-0.8499999999999999,-0.8999999999999999,-0.7999999999999998,-0.8499999999999999,4,1,5,0.8,0
32,31,-0.7999999999999998,-0.6999999999999997,-0.7499999999999998,-0.8999999999999999,-0.7999999999999998,-0.8499999999999999,1,1,2,0.5,1
33,31,-0.6999999999999997,-0.5999999999999996,-0.6499999999999997,-0.8999999999999999,-0.7999999999999998,-0.8499999999999999,3,1,4,0.75,1
34,31,-0.5999999999999996,-0.5,-0.5499999999999998,-0.8999999999999999,-0.7999999999999998,-0.8499999999999999,2,1,3,0.6666666666666666,1
35,31,-0.5,-0.3999999999999999,-0.44999999999999996,-0.8999999999999999,-0.7999999999999998,-0.8499999999999999,0,0,0,,1
36,31,-0.3999999999999999,-0.2999999999999998,-0.34999999999999987,-0.8999999999999999,-0.7999999999999998,-0.8499999999999999,0,0,0,,1
37,31,-0.2999999999999998,-0.19999999999999973,-0.24999999999999978,-0.8999999999999999,-0.7999999999999998,-0.8499999999999999,0,0,0,,1
38,31,-0.19999999999999973,-0.09999999999999964,-0.1499999999999997,-0.8999999999999999,-0.7999999999999998,-0.8499999999999999,0,0,0,,1
39,31,-0.09999999999999964,0.0,-0.04999999999999982,-0.8999999999999999,-0.7999999999999998,-0.8499999999999999,0,0,0,,1
40,31,0.0,0.10000000000000053,0.050000000000000266,-0.8999999999999999,-0.7999999999999998,-0.8499999999999999,0,0,0,,1
41,31,0.10000000000000053,0.20000000000000018,0.15000000000000036,-0.8999999999999999,-0.7999999999999998,-0.8499999999999999,0,0,0,,1
42,31,0.20000000000000018,0.2999999999999998,0.25,-0.8999999999999999,-0.7999999999999998,-0.8499999999999999,0,0,0,,1
43,31,0.2999999999999998,0.40000000000000036,0.3500000000000001,-0.8999999999999999,-0.7999999999999998,-0.8499999999999999,0,0,0,,1
44,31,0.40000000000000036,0.5,0.4500000000000002,-0.8999999999999999,-0.7999999999999998,-0.8499999999999999,0,0,0,,1
45,31,0.5,0.6000000000000005,0.5500000000000003,-0.8999999999999999,-0.7999999999999998,-0.8499999999999999,0,0,0,,1
46,31,0.6000000000000005,0.7000000000000002,0.6500000000000004,-0.8999999999999999,-0.7999999999999998,-0.8499999999999999,0,0,0,,1
47,31,0.7000000000000002,0.8000000000000007,0.7500000000000004,-0.8999999999999999,-0.7999999999999998,-0.8499999999999999,0,2,2,0.0,1
48,31,0.8000000000000007,0.9000000000000004,0.8500000000000005,-0.8999999999999999,-0.7999999999999998,-0.8499999999999999,0,0,0,,1
49,31,0.9000000000000004,1.0,0.9500000000000002,-0.8999999999999999,-0.7999999999999998,-0.8499999999999999,0,0,0,,1
50,31,1.0,1.1000000000000005,1.0500000000000003,-0.8999999999999999,-0.7999999999999998,-0.8499999999999999,0,0,0,,1
51,31,1.1000000000000005,1.2000000000000002,1.1500000000000004,-0.8999999999999999,-0.7999999999999998,-0.8499999999999999,0,0,0,,1
52,31,1.2000000000000002,1.3000000000000007,1.2500000000000004,-0.8999999999999999,-0.7999999999999998,-0.8499999999999999,0,0,0,,1
53,31,1.3000000000000007,1.4000000000000004,1.3500000000000005,-0.8999999999999999,-0.7999999999999998,-0.8499999999999999,1,0,1,1.0,1
54,31,1.4000000000000004,1.5,1.4500000000000002,-0.8999999999999999,-0.7999999999999998,-0.8499999999999999,2,0,2,1.0,1
55,31,1.5,1.6000000000000005,1.5500000000000003,-0.8999999999999999,-0.7999999999999998,-0.8499999999999999,0,2,2,0.0,1
56,31,1.6000000000000005,1.7000000000000002,1.6500000000000004,-0.8999999999999999,-0.7999999999999998,-0.8499999999999999,2,0,2,1.0,1
57,31,1.7000000000000002,1.8000000000000007,1.7500000000000004,-0.8999999999999999,-0.7999999999999998,-0.8499999999999999,2,0,2,1.0,1
58,31,1.8000000000000007,1.9000000000000004,1.8500000000000005,-0.8999999999999999,-0.7999999999999998,-0.8499999999999999,1,0,1,1.0,1
59,31,1.9000000000000004,2.0,1.9500000000000002,-0.8999999999999999,-0.7999999999999998,-0.8499999999999999,0,0,0,,1
60,31,2.0,2.1000000000000005,2.0500000000000003,-0.8999999999999999,-0.7999999999999998,-0.8499999999999999,0,0,0,,1
61,31,2.1000000000000005,2.2,2.1500000000000004,-0.8999999999999999,-0.7999999999999998,-0.8499999999999999,0,0,0,,1
62,31,2.2,2.3000000000000007,2.2500000000000004,-0.8999999999999999,-0.7999999999999998,-0.8499999999999999,0,0,0,,1
63,31,2.3000000000000007,2.4000000000000004,2.3500000000000005,-0.8999999999999999,-0.7999999999999998,-0.8499999999999999,0,0,0,,1
64,31,2.4000000000000004,2.5,2.45,-0.8999999999999999,-0.7999999999999998,-0.8499999999999999,0,0,0,,1
65,31,2.5,2.6000000000000005,2.5500000000000003,-0.8999999999999999,-0.7999999999999998,-0.8499999999999999,0,0,0,,1
66,31,2.6000000000000005,2.7,2.6500000000000004,-0.8999999999999999,-0.7999999999999998,-0.8499999999999999,0,0,0,,1
67,31,2.7,2.8000000000000007,2.7500000000000004,-0.8999999999999999,-0.7999999999999998,-0.8499999999999999,0,0,0,,1
68,31,2.8000000000000007,2.9000000000000004,2.8500000000000005,-0.8999999999999999,-0.7999999999999998,-0.8499999999999999,0,0,0,,1
69,31,2.9000000000000004,3.0,2.95,-0.8999999999999999,-0.7999999999999998,-0.8499999999999999,0,0,0,,1
70,31,3.0,3.1000000000000005,3.0500000000000003,-0.8999999999999999,-0.7999999999999998,-0.8499999999999999,0,0,0,,1
71,31,3.1000000000000005,3.2,3.1500000000000004,-0.8999999999999999,-0.7999999999999998,-0.8499999999999999,0,0,0,,1
72,31,3.2,3.3000000000000007,3.2500000000000004,-0.8999999999999999,-0.7999999999999998,-0.8499999999999999,0,0,0,,1
73,31,3.3000000000000007,3.4000000000000004,3.3500000000000005,-0.8999999999999999,-0.7999999999999998,-0.8499999999999999,0,0,0,,1
74,31,3.4000000000000004,3.5,3.45,-0.8999999999999999,-0.7999999999999998,-0.8499999999999999,0,0,0,,1
75,31,3.5,3.6000000000000005,3.5500000000000003,-0.8999999999999999,-0.7999999999999998,-0.8499999999999999,0,0,0,,1
76,31,3.6000000000000005,3.7,3.6500000000000004,-0.8999999999999999,-0.7999999999999998,-0.8499999999999999,0,0,0,,1
77,31,3.7,3.8000000000000007,3.7500000000000004,-0.8999999999999999,-0.7999999999999998,-0.8499999999999999,0,0,0,,1
78,31,3.8000000000000007,3.9000000000000004,3.8500000000000005,-0.8999999999999999,-0.7999999999999998,-0.8499999999999999,0,0,0,,1
79,31,3.9000000000000004,4.0,3.95,-0.8999999999999999,-0.7999999999999998,-0.8499999999999999,0,0,0,,1
0,32,-4.0,-3.9,-3.95,-0.7999999999999998,-0.6999999999999997,-0.7499999999999998,0,0,0,,1
1,32,-3.9,-3.8,-3.8499999999999996,-0.7999999999999998,-0.6999999999999997,-0.7499999999999998,0,0,0,,1
2,32,-3.8,-3.7,-3.75,-0.7999999999999998,-0.6999999999999997,-0.7499999999999998,0,0,0,,1
3,32,-3.7,-3.6,-3.6500000000000004,-0.7999999999999998,-0.6999999999999997,-0.7499999999999998,0,0,0,,1
4,32,-3.6,-3.5,-3.55,-0.7999999999999998,-0.6999999999999997,-0.7499999999999998,0,0,0,,1
5,32,-3.5,-3.4,-3.45,-0.7999999999999998,-0.6999999999999997,-0.7499999999999998,0,0,0,,1
6,32,-3.4,-3.3,-3.3499999999999996,-0.7999999999999998,-0.6999999999999997,-0.7499999999999998,0,0,0,,1
7,32,-3.3,-3.2,-3.25,-0.7999999999999998,-0.6999999999999997,-0.7499999999999998,0,0,0,,1
8,32,-3.2,-3.1,-3.1500000000000004,-0.7999999999999998,-0.6999999999999997,-0.7499999999999998,0,0,0,,1
9,32,-3.1,-3.0,-3.05,-0.7999999999999998,-0.6999999999999997,-0.7499999999999998,0,0,0,,1
10,32,-3.0,-2.9,-2.95,-0.7999999999999998,-0.6999999999999997,-0.7499999999999998,0,0,0,,1
11,32,-2.9,-2.8,-2.8499999999999996,-0.7999999999999998,-0.6999999999999997,-0.7499999999999998,0,0,0,,1
12,32,-2.8,-2.7,-2.75,-0.7999999999999998,-0.6999999999999997,-0.7499999999999998,0,0,0,,1
13,32,-2.7,-2.5999999999999996,-2.65,-0.7999999999999998,-0.6999999999999997,-0.7499999999999998,0,0,0,,1
14,32,-2.5999999999999996,-2.5,-2.55,-0.7999999999999998,-0.6999999999999997,-0.7499999999999998,0,0,0,,1
15,32,-2.5,-2.4,-2.45,-0.7999999999999998,-0.6999999999999997,-0.7499999999999998,0,0,0,,1
16,32,-2.4,-2.3,-2.3499999999999996,-0.7999999999999998,-0.6999999999999997,-0.7499999999999998,0,0,0,,1
17,32,-2.3,-2.2,-2.25,-0.7999999999999998,-0.6999999999999997,-0.7499999999999998,0,0,0,,1
18,32,-2.2,-2.0999999999999996,-2.15,-0.7999999999999998,-0.6999999999999997,-0.7499999999999998,0,1,1,0.0,1
19,32,-2.0999999999999996,-2.0,-2.05,-0.7999999999999998,-0.6999999999999997,-0.7499999999999998,0,1,1,0.0,1
20,32,-2.0,-1.9,-1.95,-0.7999999999999998,-0.6999999999999997,-0.7499999999999998,0,2,2,0.0,1
21,32,-1.9,-1.7999999999999998,-1.8499999999999999,-0.7999999999999998,-0.6999999999999997,-0.7499999999999998,0,3,3,0.0,1
22,32,-1.7999999999999998,-1.6999999999999997,-1.7499999999999998,-0.7999999999999998,-0.6999999999999997,-0.7499999999999998,0,3,3,0.0,1
23,32,-1.6999999999999997,-1.5999999999999996,-1.6499999999999997,-0.7999999999999998,-0.6999999999999997,-0.7499999999999998,0,4,4,0.0,1
24,32,-1.5999999999999996,-1.5,-1.5499999999999998,-0.7999999999999998,-0.6999999999999997,-0.7499999999999998,2,0,2,1.0,1
25,32,-1.5,-1.4,-1.45,-0.7999999999999998,-0.6999999999999997,-0.7499999999999998,2,2,4,0.5,1
26,32,-1.4,-1.2999999999999998,-1.3499999999999999,-0.7999999999999998,-0.6999999999999997,-0.7499999999999998,0,2,2,0.0,1
27,32,-1.2999999999999998,-1.1999999999999997,-1.2499999999999998,-0.7999999999999998,-0.6999999999999997,-0.7499999999999998,2,0,2,1.0,1
28,32,-1.1999999999999997,-1.0999999999999996,-1.1499999999999997,-0.7999999999999998,-0.6999999999999997,-0.7499999999999998,2,0,2,1.0,1
29,32,-1.0999999999999996,-1.0,-1.0499999999999998,-0.7999999999999998,-0.6999999999999997,-0.7499999999999998,2,0,2,1.0,1
30,32,-1.0,-0.8999999999999999,-0.95,-0.7999999999999998,-0.6999999999999997,-0.7499999999999998,2,0,2,1.0,1
31,32,-0.8999999999999999,-0.7999999999999998,-0.8499999999999999,-0.7999999999999998,-0.6999999999999997,-0.7499999999999998,0,2,2,0.0,1
32,32,-0.7999999999999998,-0.6999999999999997,-0.7499999999999998,-0.7999999999999998,-0.6999999999999997,-0.7499999999999998,5,0,5,1.0,0
33,32,-0.6999999999999997,-0.5999999999999996,-0.6499999999999997,-0.7999999999999998,-0.6999999999999997,-0.7499999999999998,1,0,1,1.0,1
34,32,-0.5999999999999996,-0.5,-0.5499999999999998,-0.7999999999999998,-0.6999999999999997,-0.7499999999999998,0,0,0,,1
35,32,-0.5,-0.3999999999999999,-0.44999999999999996,-0.7999999999999998,-0.6999999999999997,-0.7499999999999998,0,0,0,,1
36,32,-0.3999999999999999,-0.2999999999999998,-0.34999999999999987,-0.7999999999999998,-0.6999999999999997,-0.7499999999999998,0,0,0,,1
37,32,-0.2999999999999998,-0.19999999999999973,-0.24999999999999978,-0.7999999999999998,-0.6999999999999997,-0.7499999999999998,0,0,0,,1
38,32,-0.19999999999999973,-0.09999999999999964,-0.1499999999999997,-0.7999999999999998,-0.6999999999999997,-0.7499999999999998,0,0,0,,1
39,32,-0.09999999999999964,0.0,-0.04999999999999982,-0.7999999999999998,-0.6999999999999997,-0.7499999999999998,0,0,0,,1
40,32,0.0,0.10000000000000053,0.050000000000000266,-0.7999999999999998,-0.6999999999999997,-0.7499999999999998,0,0,0,,1
41,32,0.10000000000000053,0.20000000000000018,0.15000000000000036,-0.7999999999999998,-0.6999999999999997,-0.7499999999999998,0,0,0,,1
42,32,0.20000000000000018,0.2999999999999998,0.25,-0.7999999999999998,-0.6999999999999997,-0.7499999999999998,0,0,0,,1
43,32,0.2999999999999998,0.40000000000000036,0.3500000000000001,-0.7999999999999998,-0.6999999999999997,-0.7499999999999998,0,0,0,,1
44,32,0.40000000000000036,0.5,0.4500000000000002,-0.7999999999999998,-0.6999999999999997,-0.7499999999999998,0,0,0,,1
45,32,0.5,0.6000000000000005,0.5500000000000003,-0.7999999999999998,-0.6999999999999997,-0.7499999999999998,0,0,0,,1
46,32,0.6000000000000005,0.7000000000000002,0.6500000000000004,-0.7999999999999998,-0.6999999999999997,-0.7499999999999998,0,0,0,,1
47,32,0.7000000000000002,0.8000000000000007,0.7500000000000004,-0.7999999999999998,-0.6999999999999997,-0.7499999999999998,1,1,2,0.5,1
48,32,0.8000000000000007,0.9000000000000004,0.8500000000000005,-0.7999999999999998,-0.6999999999999997,-0.7499999999999998,0,2,2,0.0,1
49,32,0.9000000000000004,1.0,0.9500000000000002,-0.7999999999999998,-0.6999999999999997,-0.7499999999999998,0,0,0,,1
50,32,1.0,1.1000000000000005,1.0500000000000003,-0.7999999999999998,-0.6999999999999997,-0.7499999999999998,1,0,1,1.0,1
51,32,1.1000000000000005,1.2000000000000002,1.1500000000000004,-0.7999999999999998,-0.6999999999999997,-0.7499999999999998,1,0,1,1.0,1
52,32,1.2000000000000002,1.3000000000000007,1.2500000000000004,-0.7999999999999998,-0.6999999999999997,-0.7499999999999998,0,0,0,,1
53,32,1.3000000000000007,1.4000000000000004,1.3500000000000005,-0.7999999999999998,-0.6999999999999997,-0.7499999999999998,3,0,3,1.0,1
54,32,1.4000000000000004,1.5,1.4500000000000002,-0.7999999999999998,-0.6999999999999997,-0.7499999999999998,0,1,1,0.0,1
55,32,1.5,1.6000000000000005,1.5500000000000003,-0.7999999999999998,-0.6999999999999997,-0.7499999999999998,0,1,1,0.0,1
56,32,1.6000000000000005,1.7000000000000002,1.6500000000000004,-0.7999999999999998,-0.6999999999999997,-0.7499999999999998,2,0,2,1.0,1
57,32,1.7000000000000002,1.8000000000000007,1.7500000000000004,-0.7999999999999998,-0.6999999999999997,-0.7499999999999998,1,0,1,1.0,1
58,32,1.8000000000000007,1.9000000000000004,1.8500000000000005,-0.7999999999999998,-0.6999999999999997,-0.7499999999999998,1,0,1,1.0,1
59,32,1.9000000000000004,2.0,1.9500000000000002,-0.7999999999999998,-0.6999999999999997,-0.7499999999999998,0,0,0,,1
60,32,2.0,2.1000000000000005,2.0500000000000003,-0.7999999999999998,-0.6999999999999997,-0.7499999999999998,0,0,0,,1
61,32,2.1000000000000005,2.2,2.1500000000000004,-0.7999999999999998,-0.6999999999999997,-0.7499999999999998,0,0,0,,1
62,32,2.2,2.3000000000000007,2.2500000000000004,-0.7999999999999998,-0.6999999999999997,-0.7499999999999998,0,0,0,,1
63,32,2.3000000000000007,2.4000000000000004,2.3500000000000005,-0.7999999999999998,-0.6999999999999997,-0.7499999999999998,0,0,0,,1
64,32,2.4000000000000004,2.5,2.45,-0.7999999999999998,-0.6999999999999997,-0.7499999999999998,0,0,0,,1
65,32,2.5,2.6000000000000005,2.5500000000000003,-0.7999999999999998,-0.6999999999999997,-0.7499999999999998,0,0,0,,1
66,32,2.6000000000000005,2.7,2.6500000000000004,-0.7999999999999998,-0.6999999999999997,-0.7499999999999998,0,0,0,,1
67,32,2.7,2.8000000000000007,2.7500000000000004,-0.7999999999999998,-0.6999999999999997,-0.7499999999999998,0,0,0,,1
68,32,2.8000000000000007,2.9000000000000004,2.8500000000000005,-0.7999999999999998,-0.6999999999999997,-0.7499999999999998,0,0,0,,1
69,32,2.9000000000000004,3.0,2.95,-0.7999999999999998,-0.6999999999999997,-0.7499999999999998,0,0,0,,1
70,32,3.0,3.1000000000000005,3.0500000000000003,-0.7999999999999998,-0.6999999999999997,-0.7499999999999998,0,0,0,,1
71,32,3.1000000000000005,3.2,3.1500000000000004,-0.7999999999999998,-0.6999999999999997,-0.7499999999999998,0,0,0,,1
72,32,3.2,3.3000000000000007,3.2500000000000004,-0.7999999999999998,-0.6999999999999997,-0.7499999999999998,0,0,0,,1
73,32,3.3000000000000007,3.4000000000000004,3.3500000000000005,-0.7999999999999998,-0.6999999999999997,-0.7499999999999998,0,0,0,,1
74,32,3.4000000000000004,3.5,3.45,-0.7999999999999998,-0.6999999999999997,-0.7499999999999998,0,0,0,,1
75,32,3.5,3.6000000000000005,3.5500000000000003,-0.7999999999999998,-0.6999999999999997,-0.7499999999999998,0,0,0,,1
76,32,3.6000000000000005,3.7,3.6500000000000004,-0.7999999999999998,-0.6999999999999997,-0.7499999999999998,0,0,0,,1
77,32,3.7,3.8000000000000007,3.7500000000000004,-0.7999999999999998,-0.6999999999999997,-0.7499999999999998,0,0,0,,1
78,32,3.8000000000000007,3.9000000000000004,3.8500000000000005,-0.7999999999999998,-0.6999999999999997,-0.7499999999999998,0,0,0,,1
79,32,3.9000000000000004,4.0,3.95,-0.7999999999999998,-0.6999999999999997,-0.7499999999999998,0,0,0,,1
0,33,-4.0,-3.9,-3.95,-0.6999999999999997,-0.5999999999999996,-0.6499999999999997,0,0,0,,1
1,33,-3.9,-3.8,-3.8499999999999996,-0.6999999999999997,-0.5999999999999996,-0.6499999999999997,0,0,0,,1
2,33,-3.8,-3.7,-3.75,-0.6999999999999997,-0.5999999999999996,-0.6499999999999997,0,0,0,,1
3,33,-3.7,-3.6,-3.6500000000000004,-0.6999999999999997,-0.5999999999999996,-0.6499999999999997,0,0,0,,1
4,33,-3.6,-3.5,-3.55,-0.6999999999999997,-0.5999999999999996,-0.6499999999999997,0,0,0,,1
5,33,-3.5,-3.4,-3.45,-0.6999999999999997,-0.5999999999999996,-0.6499999999999997,0,0,0,,1
6,33,-3.4,-3.3,-3.3499999999999996,-0.6999999999999997,-0.5999999999999996,-0.6499999999999997,0,0,0,,1
7,33,-3.3,-3.2,-3.25,-0.6999999999999997,-0.5999999999999996,-0.6499999999999997,0,0,0,,1
8,33,-3.2,-3.1,-3.1500000000000004,-0.6999999999999997,-0.5999999999999996,-0.6499999999999997,0,0,0,,1
9,33,-3.1,-3.0,-3.05,-0.6999999999999997,-0.5999999999999996,-0.6499999999999997,0,0,0,,1
10,33,-3.0,-2.9,-2.95,-0.6999999999999997,-0.5999999999999996,-0.6499999999999997,0,0,0,,1
11,33,-2.9,-2.8,-2.8499999999999996,-0.6999999999999997,-0.5999999999999996,-0.6499999999999997,0,0,0,,1
12,33,-2.8,-2.7,-2.75,-0.6999999999999997,-0.5999999999999996,-0.6499999999999997,0,0,0,,1
13,33,-2.7,-2.5999999999999996,-2.65,-0.6999999999999997,-0.5999999999999996,-0.6499999999999997,0,0,0,,1
14,33,-2.5999999999999996,-2.5,-2.55,-0.6999999999999997,-0.5999999999999996,-0.6499999999999997,0,0,0,,1
15,33,-2.5,-2.4,-2.45,-0.6999999999999997,-0.5999999999999996,-0.6499999999999997,0,0,0,,1
16,33,-2.4,-2.3,-2.3499999999999996,-0.6999999999999997,-0.5999999999999996,-0.6499999999999997,0,0,0,,1
17,33,-2.3,-2.2,-2.25,-0.6999999999999997,-0.5999999999999996,-0.6499999999999997,0,1,1,0.0,1
18,33,-2.2,-2.0999999999999996,-2.15,-0.6999999999999997,-0.5999999999999996,-0.6499999999999997,0,1,1,0.0,1
19,33,-2.0999999999999996,-2.0,-2.05,-0.6999999999999997,-0.5999999999999996,-0.6499999999999997,0,1,1,0.0,1
20,33,-2.0,-1.9,-1.95,-0.6999999999999997,-0.5999999999999996,-0.6499999999999997,0,1,1,0.0,1
21,33,-1.9,-1.7999999999999998,-1.8499999999999999,-0.6999999999999997,-0.5999999999999996,-0.6499999999999997,2,2,4,0.5,1
22,33,-1.7999999999999998,-1.6999999999999997,-1.7499999999999998,-0.6999999999999997,-0.5999999999999996,-0.6499999999999997,2,1,3,0.6666666666666666,1
23,33,-1.6999999999999997,-1.5999999999999996,-1.6499999999999997,-0.6999999999999997,-0.5999999999999996,-0.6499999999999997,0,2,2,0.0,1
24,33,-1.5999999999999996,-1.5,-1.5499999999999998,-0.6999999999999997,-0.5999999999999996,-0.6499999999999997,1,1,2,0.5,1
25,33,-1.5,-1.4,-1.45,-0.6999999999999997,-0.5999999999999996,-0.6499999999999997,0,0,0,,1
26,33,-1.4,-1.2999999999999998,-1.3499999999999999,-0.6999999999999997,-0.5999999999999996,-0.6499999999999997,1,0,1,1.0,1
27,33,-1.2999999999999998,-1.1999999999999997,-1.2499999999999998,-0.6999999999999997,-0.5999999999999996,-0.6499999999999997,0,1,1,0.0,1
28,33,-1.1999999999999997,-1.0999999999999996,-1.1499999999999997,-0.6999999999999997,-0.5999999999999996,-0.6499999999999997,2,0,2,1.0,1
29,33,-1.0999999999999996,-1.0,-1.0499999999999998,-0.6999999999999997,-0.5999999999999996,-0.6499999999999997,3,0,3,1.0,1
30,33,-1.0,-0.8999999999999999,-0.95,-0.6999999999999997,-0.5999999999999996,-0.6499999999999997,2,1,3,0.6666666666666666,1
31,33,-0.8999999999999999,-0.7999999999999998,-0.8499999999999999,-0.6999999999999997,-0.5999999999999996,-0.6499999999999997,1,2,3,0.3333333333333333,1
32,33,-0.7999999999999998,-0.6999999999999997,-0.7499999999999998,-0.6999999999999997,-0.5999999999999996,-0.6499999999999997,5,0,5,1.0,0
33,33,-0.6999999999999997,-0.5999999999999996,-0.6499999999999997,-0.6999999999999997,-0.5999999999999996,-0.6499999999999997,0,0,0,,1
34,33,-0.5999999999999996,-0.5,-0.5499999999999998,-0.6999999999999997,-0.5999999999999996,-0.6499999999999997,0,0,0,,1
35,33,-0.5,-0.3999999999999999,-0.44999999999999996,-0.6999999999999997,-0.5999999999999996,-0.6499999999999997,0,0,0,,1
36,33,-0.3999999999999999,-0.2999999999999998,-0.34999999999999987,-0.6999999999999997,-0.5999999999999996,-0.6499999999999997,0,0,0,,1
37,33,-0.2999999999999998,-0.19999999999999973,-0.24999999999999978,-0.6999999999999997,-0.5999999999999996,-0.6499999999999997,0,0,0,,1
38,33,-0.19999999999999973,-0.09999999999999964,-0.1499999999999997,-0.6999999999999997,-0.5999999999999996,-0.6499999999999997,0,0,0,,1
39,33,-0.09999999999999964,0.0,-0.04999999999999982,-0.6999999999999997,-0.5999999999999996,-0.6499999999999997,0,0,0,,1
40,33,0.0,0.10000000000000053,0.050000000000000266,-0.6999999999999997,-0.5999999999999996,-0.6499999999999997,0,0,0,,1
41,33,0.10000000000000053,0.20000000000000018,0.15000000000000036,-0.6999999999999997,-0.5999999999999996,-0.6499999999999997,0,0,0,,1
42,33,0.20000000000000018,0.2999999999999998,0.25,-0.6999999999999997,-0.5999999999999996,-0.6499999999999997,0,0,0,,1
43,33,0.2999999999999998,0.40000000000000036,0.3500000000000001,-0.6999999999999997,-0.5999999999999996,-0.6499999999999997,0,0,0,,1
44,33,0.40000000000000036,0.5,0.4500000000000002,-0.6999999999999997,-0.5999999999999996,-0.6499999999999997,0,0,0,,1
45,33,0.5,0.6000000000000005,0.5500000000000003,-0.6999999999999997,-0.5999999999999996,-0.6499999999999997,0,0,0,,1
46,33,0.6000000000000005,0.7000000000000002,0.6500000000000004,-0.6999999999999997,-0.5999999999999996,-0.6499999999999997,0,0,0,,1
47,33,0.7000000000000002,0.8000000000000007,0.7500000000000004,-0.6999999999999997,-0.5999999999999996,-0.6499999999999997,0,0,0,,1
48,33,0.8000000000000007,0.9000000000000004,0.8500000000000005,-0.6999999999999997,-0.5999999999999996,-0.6499999999999997,1,2,3,0.3333333333333333,1
49,33,0.9000000000000004,1.0,0.9500000000000002,-0.6999999999999997,-0.5999999999999996,-0.6499999999999997,0,0,0,,1
50,33,1.0,1.1000000000000005,1.0500000000000003,-0.6999999999999997,-0.5999999999999996,-0.6499999999999997,0,0,0,,1
51,33,1.1000000000000005,1.2000000000000002,1.1500000000000004,-0.6999999999999997,-0.5999999999999996,-0.6499999999999997,1,0,1,1.0,1
52,33,1.2000000000000002,1.3000000000000007,1.2500000000000004,-0.6999999999999997,-0.5999999999999996,-0.6499999999999997,1,0,1,1.0,1
53,33,1.3000000000000007,1.4000000000000004,1.3500000000000005,-0.6999999999999997,-0.5999999999999996,-0.6499999999999997,1,0,1,1.0,1
54,33,1.4000000000000004,1.5,1.4500000000000002,-0.6999999999999997,-0.5999999999999996,-0.6499999999999997,0,1,1,0.0,1
55,33,1.5,1.6000000000000005,1.5500000000000003,-0.6999999999999997,-0.5999999999999996,-0.6499999999999997,1,0,1,1.0,1
56,33,1.6000000000000005,1.7000000000000002,1.6500000000000004,-0.6999999999999997,-0.5999999999999996,-0.6499999999999997,2,0,2,1.0,1
57,33,1.7000000000000002,1.8000000000000007,1.7500000000000004,-0.6999999999999997,-0.5999999999999996,-0.6499999999999997,2,0,2,1.0,1
58,33,1.8000000000000007,1.9000000000000004,1.8500000000000005,-0.6999999999999997,-0.5999999999999996,-0.6499999999999997,0,0,0,,1
59,33,1.9000000000000004,2.0,1.9500000000000002,-0.6999999999999997,-0.5999999999999996,-0.6499999999999997,0,1,1,0.0,1
60,33,2.0,2.1000000000000005,2.0500000000000003,-0.6999999999999997,-0.5999999999999996,-0.6499999999999997,0,0,0,,1
61,33,2.1000000000000005,2.2,2.1500000000000004,-0.6999999999999997,-0.5999999999999996,-0.6499999999999997,0,0,0,,1
62,33,2.2,2.3000000000000007,2.2500000000000004,-0.6999999999999997,-0.5999999999999996,-0.6499999999999997,0,0,0,,1
63,33,2.3000000000000007,2.4000000000000004,2.3500000000000005,-0.6999999999999997,-0.5999999999999996,-0.6499999999999997,1,0,1,1.0,1
64,33,2.4000000000000004,2.5,2.45,-0.6999999999999997,-0.5999999999999996,-0.6499999999999997,0,1,1,0.0,1
65,33,2.5,2.6000000000000005,2.5500000000000003,-0.6999999999999997,-0.5999999999999996,-0.6499999999999997,0,0,0,,1
66,33,2.6000000000000005,2.7,2.6500000000000004,-0.6999999999999997,-0.5999999999999996,-0.6499999999999997,0,0,0,,1
67,33,2.7,2.8000000000000007,2.7500000000000004,-0.6999999999999997,-0.5999999999999996,-0.6499999999999997,0,0,0,,1
68,33,2.8000000000000007,2.9000000000000004,2.8500000000000005,-0.6999999999999997,-0.5999999999999996,-0.6499999999999997,0,0,0,,1
69,33,2.9000000000000004,3.0,2.95,-0.6999999999999997,-0.5999999999999996,-0.6499999999999997,0,0,0,,1
70,33,3.0,3.1000000000000005,3.0500000000000003,-0.6999999999999997,-0.5999999999999996,-0.6499999999999997,0,0,0,,1
71,33,3.1000000000000005,3.2,3.1500000000000004,-0.6999999999999997,-0.5999999999999996,-0.6499999999999997,0,0,0,,1
72,33,3.2,3.3000000000000007,3.2500000000000004,-0.6999999999999997,-0.5999999999999996,-0.6499999999999997,0,0,0,,1
73,33,3.3000000000000007,3.4000000000000004,3.3500000000000005,-0.6999999999999997,-0.5999999999999996,-0.6499999999999997,0,0,0,,1
74,33,3.4000000000000004,3.5,3.45,-0.6999999999999997,-0.5999999999999996,-0.6499999999999997,0,0,0,,1
75,33,3.5,3.6000000000000005,3.5500000000000003,-0.6999999999999997,-0.5999999999999996,-0.6499999999999997,0,0,0,,1
76,33,3.6000000000000005,3.7,3.6500000000000004,-0.6999999999999997,-0.5999999999999996,-0.6499999999999997,0,0,0,,1
77,33,3.7,3.8000000000000007,3.7500000000000004,-0.6999999999999997,-0.5999999999999996,-0.6499999999999997,0,0,0,,1
78,33,3.8000000000000007,3.9000000000000004,3.8500000000000005,-0.6999999999999997,-0.5999999999999996,-0.6499999999999997,0,0,0,,1
79,33,3.9000000000000004,4.0,3.95,-0.6999999999999997,-0.5999999999999996,-0.6499999999999997,0,0,0,,1
0,34,-4.0,-3.9,-3.95,-0.5999999999999996,-0.5,-0.5499999999999998,0,0,0,,1
1,34,-3.9,-3.8,-3.8499999999999996,-0.5999999999999996,-0.5,-0.5499999999999998,0,0,0,,1
2,34,-3.8,-3.7,-3.75,-0.5999999999999996,-0.5,-0.5499999999999998,0,0,0,,1
3,34,-3.7,-3.6,-3.6500000000000004,-0.5999999999999996,-0.5,-0.5499999999999998,0,0,0,,1
4,34,-3.6,-3.5,-3.55,-0.5999999999999996,-0.5,-0.5499999999999998,0,0,0,,1
5,34,-3.5,-3.4,-3.45,-0.5999999999999996,-0.5,-0.5499999999999998,0,0,0,,1
6,34,-3.4,-3.3,-3.3499999999999996,-0.5999999999999996,-0.5,-0.5499999999999998,0,0,0,,1
7,34,-3.3,-3.2,-3.25,-0.5999999999999996,-0.5,-0.5499999999999998,0,0,0,,1
8,34,-3.2,-3.1,-3.1500000000000004,-0.5999999999999996,-0.5,-0.5499999999999998,0,0,0,,1
9,34,-3.1,-3.0,-3.05,-0.5999999999999996,-0.5,-0.5499999999999998,0,0,0,,1
10,34,-3.0,-2.9,-2.95,-0.5999999999999996,-0.5,-0.5499999999999998,0,0,0,,1
11,34,-2.9,-2.8,-2.8499999999999996,-0.5999999999999996,-0.5,-0.5499999999999998,0,0,0,,1
12,34,-2.8,-2.7,-2.75,-0.5999999999999996,-0.5,-0.5499999999999998,0,0,0,,1
13,34,-2.7,-2.5999999999999996,-2.65,-0.5999999999999996,-0.5,-0.5499999999999998,0,0,0,,1
14,34,-2.5999999999999996,-2.5,-2.55,-0.5999999999999996,-0.5,-0.5499999999999998,1,0,1,1.0,1
15,34,-2.5,-2.4,-2.45,-0.5999999999999996,-0.5,-0.5499999999999998,1,0,1,1.0,1
16,34,-2.4,-2.3,-2.3499999999999996,-0.5999999999999996,-0.5,-0.5499999999999998,0,0,0,,1
17,34,-2.3,-2.2,-2.25,-0.5999999999999996,-0.5,-0.5499999999999998,1,0,1,1.0,1
18,34,-2.2,-2.0999999999999996,-2.15,-0.5999999999999996,-0.5,-0.5499999999999998,1,0,1,1.0,1
19,34,-2.0999999999999996,-2.0,-2.05,-0.5999999999999996,-0.5,-0.5499999999999998,0,0,0,,1
20,34,-2.0,-1.9,-1.95,-0.5999999999999996,-0.5,-0.5499999999999998,2,1,3,0.6666666666666666,1
21,34,-1.9,-1.7999999999999998,-1.8499999999999999,-0.5999999999999996,-0.5,-0.5499999999999998,0,1,1,0.0,1
22,34,-1.7999999999999998,-1.6999999999999997,-1.7499999999999998,-0.5999999999999996,-0.5,-0.5499999999999998,1,2,3,0.3333333333333333,1
23,34,-1.6999999999999997,-1.5999999999999996,-1.6499999999999997,-0.5999999999999996,-0.5,-0.5499999999999998,1,0,1,1.0,1
24,34,-1.5999999999999996,-1.5,-1.5499999999999998,-0.5999999999999996,-0.5,-0.5499999999999998,0,4,4,0.0,1
25,34,-1.5,-1.4,-1.45,-0.5999999999999996,-0.5,-0.5499999999999998,1,0,1,1.0,1
26,34,-1.4,-1.2999999999999998,-1.3499999999999999,-0.5999999999999996,-0.5,-0.5499999999999998,1,2,3,0.3333333333333333,1
27,34,-1.2999999999999998,-1.1999999999999997,-1.2499999999999998,-0.5999999999999996,-0.5,-0.5499999999999998,2,1,3,0.6666666666666666,1
28,34,-1.1999999999999997,-1.0999999999999996,-1.1499999999999997,-0.5999999999999996,-0.5,-0.5499999999999998,0,0,0,,1
29,34,-1.0999999999999996,-1.0,-1.0499999999999998,-0.5999999999999996,-0.5,-0.5499999999999998,4,0,4,1.0,1
30,34,-1.0,-0.8999999999999999,-0.95,-0.5999999999999996,-0.5,-0.5499999999999998,2,1,3,0.6666666666666666,1
31,34,-0.8999999999999999,-0.7999999999999998,-0.8499999999999999,-0.5999999999999996,-0.5,-0.5499999999999998,5,0,5,1.0,0
32,34,-0.7999999999999998,-0.6999999999999997,-0.7499999999999998,-0.5999999999999996,-0.5,-0.5499999999999998,0,0,0,,1
33,34,-0.6999999999999997,-0.5999999999999996,-0.6499999999999997,-0.5999999999999996,-0.5,-0.5499999999999998,0,0,0,,1
34,34,-0.5999999999999996,-0.5,-0.5499999999999998,-0.5999999999999996,-0.5,-0.5499999999999998,0,0,0,,1
35,34,-0.5,-0.3999999999999999,-0.44999999999999996,-0.5999999999999996,-0.5,-0.5499999999999998,0,0,0,,1
36,34,-0.3999999999999999,-0.2999999999999998,-0.34999999999999987,-0.5999999999999996,-0.5,-0.5499999999999998,0,0,0,,1
37,34,-0.2999999999999998,-0.19999999999999973,-0.24999999999999978,-0.5999999999999996,-0.5,-0.5499999999999998,0,0,0,,1
38,34,-0.19999999999999973,-0.09999999999999964,-0.1499999999999997,-0.5999999999999996,-0.5,-0.5499999999999998,0,0,0,,1
39,34,-0.09999999999999964,0.0,-0.04999999999999982,-0.5999999999999996,-0.5,-0.5499999999999998,0,0,0,,1
40,34,0.0,0.10000000000000053,0.050000000000000266,-0.5999999999999996,-0.5,-0.5499999999999998,0,0,0,,1
41,34,0.10000000000000053,0.20000000000000018,0.15000000000000036,-0.5999999999999996,-0.5,-0.5499999999999998,0,0,0,,1
42,34,0.20000000000000018,0.2999999999999998,0.25,-0.5999999999999996,-0.5,-0.5499999999999998,0,0,0,,1
43,34,0.2999999999999998,0.40000000000000036,0.3500000000000001,-0.5999999999999996,-0.5,-0.5499999999999998,0,0,0,,1
44,34,0.40000000000000036,0.5,0.4500000000000002,-0.5999999999999996,-0.5,-0.5499999999999998,0,0,0,,1
45,34,0.5,0.6000000000000005,0.5500000000000003,-0.5999999999999996,-0.5,-0.5499999999999998,0,0,0,,1
46,34,0.6000000000000005,0.7000000000000002,0.6500000000000004,-0.5999999999999996,-0.5,-0.5499999999999998,0,0,0,,1
47,34,0.7000000000000002,0.8000000000000007,0.7500000000000004,-0.5999999999999996,-0.5,-0.5499999999999998,0,0,0,,1
48,34,0.8000000000000007,0.9000000000000004,0.8500000000000005,-0.5999999999999996,-0.5,-0.5499999999999998,0,0,0,,1
49,34,0.9000000000000004,1.0,0.9500000000000002,-0.5999999999999996,-0.5,-0.5499999999999998,1,2,3,0.3333333333333333,1
50,34,1.0,1.1000000000000005,1.0500000000000003,-0.5999999999999996,-0.5,-0.5499999999999998,1,0,1,1.0,1
51,34,1.1000000000000005,1.2000000000000002,1.1500000000000004,-0.5999999999999996,-0.5,-0.5499999999999998,1,0,1,1.0,1
52,34,1.2000000000000002,1.3000000000000007,1.2500000000000004,-0.5999999999999996,-0.5,-0.5499999999999998,3,0,3,1.0,1
53,34,1.3000000000000007,1.4000000000000004,1.3500000000000005,-0.5999999999999996,-0.5,-0.5499999999999998,1,0,1,1.0,1
54,34,1.4000000000000004,1.5,1.4500000000000002,-0.5999999999999996,-0.5,-0.5499999999999998,0,2,2,0.0,1
55,34,1.5,1.6000000000000005,1.5500000000000003,-0.5999999999999996,-0.5,-0.5499999999999998,1,0,1,1.0,1
56,34,1.6000000000000005,1.7000000000000002,1.6500000000000004,-0.5999999999999996,-0.5,-0.5499999999999998,2,0,2,1.0,1
57,34,1.7000000000000002,1.8000000000000007,1.7500000000000004,-0.5999999999999996,-0.5,-0.5499999999999998,1,0,1,1.0,1
58,34,1.8000000000000007,1.9000000000000004,1.8500000000000005,-0.5999999999999996,-0.5,-0.5499999999999998,0,0,0,,1
59,34,1.9000000000000004,2.0,1.9500000000000002,-0.5999999999999996,-0.5,-0.5499999999999998,2,0,2,1.0,1
60,34,2.0,2.1000000000000005,2.0500000000000003,-0.5999999999999996,-0.5,-0.5499999999999998,1,0,1,1.0,1
61,34,2.1000000000000005,2.2,2.1500000000000004,-0.5999999999999996,-0.5,-0.5499999999999998,2,0,2,1.0,1
62,34,2.2,2.3000000000000007,2.2500000000000004,-0.5999999999999996,-0.5,-0.5499999999999998,2,0,2,1.0,1
63,34,2.3000000000000007,2.4000000000000004,2.3500000000000005,-0.5999999999999996,-0.5,-0.5499999999999998,3,0,3,1.0,1
64,34,2.4000000000000004,2.5,2.45,-0.5999999999999996,-0.5,-0.5499999999999998,0,0,0,,1
65,34,2.5,2.6000000000000005,2.5500000000000003,-0.5999999999999996,-0.5,-0.5499999999999998,0,0,0,,1
66,34,2.6000000000000005,2.7,2.6500000000000004,-0.5999999999999996,-0.5,-0.5499999999999998,0,0,0,,1
67,34,2.7,2.8000000000000007,2.7500000000000004,-0.5999999999999996,-0.5,-0.5499999999999998,0,0,0,,1
68,34,2.8000000000000007,2.9000000000000004,2.8500000000000005,-0.5999999999999996,-0.5,-0.5499999999999998,0,0,0,,1
69,34,2.9000000000000004,3.0,2.95,-0.5999999999999996,-0.5,-0.5499999999999998,0,0,0,,1
70,34,3.0,3.1000000000000005,3.0500000000000003,-0.5999999999999996,-0.5,-0.5499999999999998,0,0,0,,1
71,34,3.1000000000000005,3.2,3.1500000000000004,-0.5999999999999996,-0.5,-0.5499999999999998,0,0,0,,1
72,34,3.2,3.3000000000000007,3.2500000000000004,-0.5999999999999996,-0.5,-0.5499999999999998,0,0,0,,1
73,34,3.3000000000000007,3.4000000000000004,3.3500000000000005,-0.5999999999999996,-0.5,-0.5499999999999998,0,0,0,,1
74,34,3.4000000000000004,3.5,3.45,-0.5999999999999996,-0.5,-0.5499999999999998,0,0,0,,1
75,34,3.5,3.6000000000000005,3.5500000000000003,-0.5999999999999996,-0.5,-0.5499999999999998,0,0,0,,1
76,34,3.6000000000000005,3.7,3.6500000000000004,-0.5999999999999996,-0.5,-0.5499999999999998,0,0,0,,1
77,34,3.7,3.8000000000000007,3.7500000000000004,-0.5999999999999996,-0.5,-0.5499999999999998,0,0,0,,1
78,34,3.8000000000000007,3.9000000000000004,3.8500000000000005,-0.5999999999999996,-0.5,-0.5499999999999998,0,0,0,,1
79,34,3.9000000000000004,4.0,3.95,-0.5999999999999996,-0.5,-0.5499999999999998,0,0,0,,1
0,35,-4.0,-3.9,-3.95,-0.5,-0.3999999999999999,-0.44999999999999996,0,0,0,,1
1,35,-3.9,-3.8,-3.8499999999999996,-0.5,-0.3999999999999999,-0.44999999999999996,0,0,0,,1
2,35,-3.8,-3.7,-3.75,-0.5,-0.3999999999999999,-0.44999999999999996,0,0,0,,1
3,35,-3.7,-3.6,-3.6500000000000004,-0.5,-0.3999999999999999,-0.44999999999999996,0,0,0,,1
4,35,-3.6,-3.5,-3.55,-0.5,-0.3999999999999999,-0.44999999999999996,0,0,0,,1
5,35,-3.5,-3.4,-3.45,-0.5,-0.3999999999999999,-0.44999999999999996,0,0,0,,1
6,35,-3.4,-3.3,-3.3499999999999996,-0.5,-0.3999999999999999,-0.44999999999999996,0,0,0,,1
7,35,-3.3,-3.2,-3.25,-0.5,-0.3999999999999999,-0.44999999999999996,0,0,0,,1
8,35,-3.2,-3.1,-3.1500000000000004,-0.5,-0.3999999999999999,-0.44999999999999996,0,0,0,,1
9,35,-3.1,-3.0,-3.05,-0.5,-0.3999999999999999,-0.44999999999999996,0,0,0,,1
10,35,-3.0,-2.9,-2.95,-0.5,-0.3999999999999999,-0.44999999999999996,0,0,0,,1
11,35,-2.9,-2.8,-2.8499999999999996,-0.5,-0.3999999999999999,-0.44999999999999996,0,0,0,,1
12,35,-2.8,-2.7,-2.75,-0.5,-0.3999999999999999,-0.44999999999999996,0,0,0,,1
13,35,-2.7,-2.5999999999999996,-2.65,-0.5,-0.3999999999999999,-0.44999999999999996,0,0,0,,1
14,35,-2.5999999999999996,-2.5,-2.55,-0.5,-0.3999999999999999,-0.44999999999999996,0,0,0,,1
15,35,-2.5,-2.4,-2.45,-0.5,-0.3999999999999999,-0.44999999999999996,0,0,0,,1
16,35,-2.4,-2.3,-2.3499999999999996,-0.5,-0.3999999999999999,-0.44999999999999996,0,1,1,0.0,1
17,35,-2.3,-2.2,-2.25,-0.5,-0.3999999999999999,-0.44999999999999996,0,0,0,,1
18,35,-2.2,-2.0999999999999996,-2.15,-0.5,-0.3999999999999999,-0.44999999999999996,0,0,0,,1
19,35,-2.0999999999999996,-2.0,-2.05,-0.5,-0.3999999999999999,-0.44999999999999996,0,1,1,0.0,1
20,35,-2.0,-1.9,-1.95,-0.5,-0.3999999999999999,-0.44999999999999996,0,0,0,,1
21,35,-1.9,-1.7999999999999998,-1.8499999999999999,-0.5,-0.3999999999999999,-0.44999999999999996,1,0,1,1.0,1
22,35,-1.7999999999999998,-1.6999999999999997,-1.7499999999999998,-0.5,-0.3999999999999999,-0.44999999999999996,0,0,0,,1
23,35,-1.6999999999999997,-1.5999999999999996,-1.6499999999999997,-0.5,-0.3999999999999999,-0.44999999999999996,1,3,4,0.25,1
24,35,-1.5999999999999996,-1.5,-1.5499999999999998,-0.5,-0.3999999999999999,-0.44999999999999996,2,2,4,0.5,1
25,35,-1.5,-1.4,-1.45,-0.5,-0.3999999999999999,-0.44999999999999996,0,1,1,0.0,1
26,35,-1.4,-1.2999999999999998,-1.3499999999999999,-0.5,-0.3999999999999999,-0.44999999999999996,2,1,3,0.6666666666666666,1
27,35,-1.2999999999999998,-1.1999999999999997,-1.2499999999999998,-0.5,-0.3999999999999999,-0.44999999999999996,2,0,2,1.0,1
28,35,-1.1999999999999997,-1.0999999999999996,-1.1499999999999997,-0.5,-0.3999999999999999,-0.44999999999999996,5,1,6,0.8333333333333334,0
29,35,-1.0999999999999996,-1.0,-1.0499999999999998,-0.5,-0.3999999999999999,-0.44999999999999996,3,0,3,1.0,1
30,35,-1.0,-0.8999999999999999,-0.95,-0.5,-0.3999999999999999,-0.44999999999999996,5,2,7,0.7142857142857143,0
31,35,-0.8999999999999999,-0.7999999999999998,-0.8499999999999999,-0.5,-0.3999999999999999,-0.44999999999999996,1,0,1,1.0,1
32,35,-0.7999999999999998,-0.6999999999999997,-0.7499999999999998,-0.5,-0.3999999999999999,-0.44999999999999996,0,0,0,,1
33,35,-0.6999999999999997,-0.5999999999999996,-0.6499999999999997,-0.5,-0.3999999999999999,-0.44999999999999996,0,0,0,,1
34,35,-0.5999999999999996,-0.5,-0.5499999999999998,-0.5,-0.3999999999999999,-0.44999999999999996,0,0,0,,1
35,35,-0.5,-0.3999999999999999,-0.44999999999999996,-0.5,-0.3999999999999999,-0.44999999999999996,0,0,0,,1
36,35,-0.3999999999999999,-0.2999999999999998,-0.34999999999999987,-0.5,-0.3999999999999999,-0.44999999999999996,0,0,0,,1
37,35,-0.2999999999999998,-0.19999999999999973,-0.24999999999999978,-0.5,-0.3999999999999999,-0.44999999999999996,0,0,0,,1
38,35,-0.19999999999999973,-0.09999999999999964,-0.1499999999999997,-0.5,-0.3999999999999999,-0.44999999999999996,0,0,0,,1
39,35,-0.09999999999999964,0.0,-0.04999999999999982,-0.5,-0.3999999999999999,-0.44999999999999996,0,0,0,,1
40,35,0.0,0.10000000000000053,0.050000000000000266,-0.5,-0.3999999999999999,-0.44999999999999996,0,0,0,,1
41,35,0.10000000000000053,0.20000000000000018,0.15000000000000036,-0.5,-0.3999999999999999,-0.44999999999999996,0,0,0,,1
42,35,0.20000000000000018,0.2999999999999998,0.25,-0.5,-0.3999999999999999,-0.44999999999999996,0,0,0,,1
43,35,0.2999999999999998,0.40000000000000036,0.3500000000000001,-0.5,-0.3999999999999999,-0.44999999999999996,0,0,0,,1
44,35,0.40000000000000036,0.5,0.4500000000000002,-0.5,-0.3999999999999999,-0.44999999999999996,0,0,0,,1
45,35,0.5,0.6000000000000005,0.5500000000000003,-0.5,-0.3999999999999999,-0.44999999999999996,0,0,0,,1
46,35,0.6000000000000005,0.7000000000000002,0.6500000000000004,-0.5,-0.3999999999999999,-0.44999999999999996,0,0,0,,1
47,35,0.7000000000000002,0.8000000000000007,0.7500000000000004,-0.5,-0.3999999999999999,-0.44999999999999996,0,0,0,,1
48,35,0.8000000000000007,0.9000000000000004,0.8500000000000005,-0.5,-0.3999999999999999,-0.44999999999999996,0,0,0,,1
49,35,0.9000000000000004,1.0,0.9500000000000002,-0.5,-0.3999999999999999,-0.44999999999999996,1,1,2,0.5,1
50,35,1.0,1.1000000000000005,1.0500000000000003,-0.5,-0.3999999999999999,-0.44999999999999996,1,1,2,0.5,1
51,35,1.1000000000000005,1.2000000000000002,1.1500000000000004,-0.5,-0.3999999999999999,-0.44999999999999996,1,0,1,1.0,1
52,35,1.2000000000000002,1.3000000000000007,1.2500000000000004,-0.5,-0.3999999999999999,-0.44999999999999996,2,0,2,1.0,1
53,35,1.3000000000000007,1.4000000000000004,1.3500000000000005,-0.5,-0.3999999999999999,-0.44999999999999996,0,1,1,0.0,1
54,35,1.4000000000000004,1.5,1.4500000000000002,-0.5,-0.3999999999999999,-0.44999999999999996,2,1,3,0.6666666666666666,1
55,35,1.5,1.6000000000000005,1.5500000000000003,-0.5,-0.3999999999999999,-0.44999999999999996,1,0,1,1.0,1
56,35,1.6000000000000005,1.7000000000000002,1.6500000000000004,-0.5,-0.3999999999999999,-0.44999999999999996,1,0,1,1.0,1
57,35,1.7000000000000002,1.8000000000000007,1.7500000000000004,-0.5,-0.3999999999999999,-0.44999999999999996,0,0,0,,1
58,35,1.8000000000000007,1.9000000000000004,1.8500000000000005,-0.5,-0.3999999999999999,-0.44999999999999996,2,0,2,1.0,1
59,35,1.9000000000000004,2.0,1.9500000000000002,-0.5,-0.3999999999999999,-0.44999999999999996,0,1,1,0.0,1
60,35,2.0,2.1000000000000005,2.0500000000000003,-0.5,-0.3999999999999999,-0.44999999999999996,0,0,0,,1
61,35,2.1000000000000005,2.2,2.1500000000000004,-0.5,-0.3999999999999999,-0.44999999999999996,2,0,2,1.0,1
62,35,2.2,2.3000000000000007,2.2500000000000004,-0.5,-0.3999999999999999,-0.44999999999999996,2,0,2,1.0,1
63,35,2.3000000000000007,2.4000000000000004,2.3500000000000005,-0.5,-0.3999999999999999,-0.44999999999999996,1,1,2,0.5,1
64,35,2.4000000000000004,2.5,2.45,-0.5,-0.3999999999999999,-0.44999999999999996,0,0,0,,1
65,35,2.5,2.6000000000000005,2.5500000000000003,-0.5,-0.3999999999999999,-0.44999999999999996,0,0,0,,1
66,35,2.6000000000000005,2.7,2.6500000000000004,-0.5,-0.3999999999999999,-0.44999999999999996,0,0,0,,1
67,35,2.7,2.8000000000000007,2.7500000000000004,-0.5,-0.3999999999999999,-0.44999999999999996,0,0,0,,1
68,35,2.8000000000000007,2.9000000000000004,2.8500000000000005,-0.5,-0.3999999999999999,-0.44999999999999996,0,0,0,,1
69,35,2.9000000000000004,3.0,2.95,-0.5,-0.3999999999999999,-0.44999999999999996,0,0,0,,1
70,35,3.0,3.1000000000000005,3.0500000000000003,-0.5,-0.3999999999999999,-0.44999999999999996,0,0,0,,1
71,35,3.1000000000000005,3.2,3.1500000000000004,-0.5,-0.3999999999999999,-0.44999999999999996,0,0,0,,1
72,35,3.2,3.3000000000000007,3.2500000000000004,-0.5,-0.3999999999999999,-0.44999999999999996,0,0,0,,1
73,35,3.3000000000000007,3.4000000000000004,3.3500000000000005,-0.5,-0.3999999999999999,-0.44999999999999996,0,0,0,,1
74,35,3.4000000000000004,3.5,3.45,-0.5,-0.3999999999999999,-0.44999999999999996,0,0,0,,1
75,35,3.5,3.6000000000000005,3.5500000000000003,-0.5,-0.3999999999999999,-0.44999999999999996,0,0,0,,1
76,35,3.6000000000000005,3.7,3.6500000000000004,-0.5,-0.3999999999999999,-0.44999999999999996,0,0,0,,1
77,35,3.7,3.8000000000000007,3.7500000000000004,-0.5,-0.3999999999999999,-0.44999999999999996,0,0,0,,1
78,35,3.8000000000000007,3.9000000000000004,3.8500000000000005,-0.5,-0.3999999999999999,-0.44999999999999996,0,0,0,,1
79,35,3.9000000000000004,4.0,3.95,-0.5,-0.3999999999999999,-0.44999999999999996,0,0,0,,1
0,36,-4.0,-3.9,-3.95,-0.3999999999999999,-0.2999999999999998,-0.34999999999999987,0,0,0,,1
1,36,-3.9,-3.8,-3.8499999999999996,-0.3999999999999999,-0.2999999999999998,-0.34999999999999987,0,0,0,,1
2,36,-3.8,-3.7,-3.75,-0.3999999999999999,-0.2999999999999998,-0.34999999999999987,0,0,0,,1
3,36,-3.7,-3.6,-3.6500000000000004,-0.3999999999999999,-0.2999999999999998,-0.34999999999999987,0,0,0,,1
4,36,-3.6,-3.5,-3.55,-0.3999999999999999,-0.2999999999999998,-0.34999999999999987,0,0,0,,1
5,36,-3.5,-3.4,-3.45,-0.3999999999999999,-0.2999999999999998,-0.34999999999999987,0,0,0,,1
6,36,-3.4,-3.3,-3.3499999999999996,-0.3999999999999999,-0.2999999999999998,-0.34999999999999987,0,0,0,,1
7,36,-3.3,-3.2,-3.25,-0.3999999999999999,-0.2999999999999998,-0.34999999999999987,0,0,0,,1
8,36,-3.2,-3.1,-3.1500000000000004,-0.3999999999999999,-0.2999999999999998,-0.34999999999999987,0,0,0,,1
9,36,-3.1,-3.0,-3.05,-0.3999999999999999,-0.2999999999999998,-0.34999999999999987,0,0,0,,1
10,36,-3.0,-2.9,-2.95,-0.3999999999999999,-0.2999999999999998,-0.34999999999999987,0,0,0,,1
11,36,-2.9,-2.8,-2.8499999999999996,-0.3999999999999999,-0.2999999999999998,-0.34999999999999987,0,0,0,,1
12,36,-2.8,-2.7,-2.75,-0.3999999999999999,-0.2999999999999998,-0.34999999999999987,0,0,0,,1
13,36,-2.7,-2.5999999999999996,-2.65,-0.3999999999999999,-0.2999999999999998,-0.34999999999999987,0,0,0,,1
14,36,-2.5999999999999996,-2.5,-2.55,-0.3999999999999999,-0.2999999999999998,-0.34999999999999987,0,0,0,,1
15,36,-2.5,-2.4,-2.45,-0.3999999999999999,-0.2999999999999998,-0.34999999999999987,0,0,0,,1
16,36,-2.4,-2.3,-2.3499999999999996,-0.3999999999999999,-0.2999999999999998,-0.34999999999999987,0,1,1,0.0,1
17,36,-2.3,-2.2,-2.25,-0.3999999999999999,-0.2999999999999998,-0.34999999999999987,0,0,0,,1
18,36,-2.2,-2.0999999999999996,-2.15,-0.3999999999999999,-0.2999999999999998,-0.34999999999999987,0,0,0,,1
19,36,-2.0999999999999996,-2.0,-2.05,-0.3999999999999999,-0.2999999999999998,-0.34999999999999987,1,0,1,1.0,1
20,36,-2.0,-1.9,-1.95,-0.3999999999999999,-0.2999999999999998,-0.34999999999999987,1,0,1,1.0,1
21,36,-1.9,-1.7999999999999998,-1.8499999999999999,-0.3999999999999999,-0.2999999999999998,-0.34999999999999987,2,0,2,1.0,1
22,36,-1.7999999999999998,-1.6999999999999997,-1.7499999999999998,-0.3999999999999999,-0.2999999999999998,-0.34999999999999987,0,0,0,,1
23,36,-1.6999999999999997,-1.5999999999999996,-1.6499999999999997,-0.3999999999999999,-0.2999999999999998,-0.34999999999999987,1,2,3,0.3333333333333333,1
24,36,-1.5999999999999996,-1.5,-1.5499999999999998,-0.3999999999999999,-0.2999999999999998,-0.34999999999999987,6,3,9,0.6666666666666666,0
25,36,-1.5,-1.4,-1.45,-0.3999999999999999,-0.2999999999999998,-0.34999999999999987,3,1,4,0.75,1
26,36,-1.4,-1.2999999999999998,-1.3499999999999999,-0.3999999999999999,-0.2999999999999998,-0.34999999999999987,2,2,4,0.5,1
27,36,-1.2999999999999998,-1.1999999999999997,-1.2499999999999998,-0.3999999999999999,-0.2999999999999998,-0.34999999999999987,2,1,3,0.6666666666666666,1
28,36,-1.1999999999999997,-1.0999999999999996,-1.1499999999999997,-0.3999999999999999,-0.2999999999999998,-0.34999999999999987,4,0,4,1.0,1
29,36,-1.0999999999999996,-1.0,-1.0499999999999998,-0.3999999999999999,-0.2999999999999998,-0.34999999999999987,5,1,6,0.8333333333333334,0
30,36,-1.0,-0.8999999999999999,-0.95,-0.3999999999999999,-0.2999999999999998,-0.34999999999999987,6,2,8,0.75,0
31,36,-0.8999999999999999,-0.7999999999999998,-0.8499999999999999,-0.3999999999999999,-0.2999999999999998,-0.34999999999999987,0,0,0,,1
32,36,-0.7999999999999998,-0.6999999999999997,-0.7499999999999998,-0.3999999999999999,-0.2999999999999998,-0.34999999999999987,0,0,0,,1
33,36,-0.6999999999999997,-0.5999999999999996,-0.6499999999999997,-0.3999999999999999,-0.2999999999999998,-0.34999999999999987,0,0,0,,1
34,36,-0.5999999999999996,-0.5,-0.5499999999999998,-0.3999999999999999,-0.2999999999999998,-0.34999999999999987,0,0,0,,1
35,36,-0.5,-0.3999999999999999,-0.44999999999999996,-0.3999999999999999,-0.2999999999999998,-0.34999999999999987,0,0,0,,1
36,36,-0.3999999999999999,-0.2999999999999998,-0.34999999999999987,-0.3999999999999999,-0.2999999999999998,-0.34999999999999987,0,0,0,,1
37,36,-0.2999999999999998,-0.19999999999999973,-0.24999999999999978,-0.3999999999999999,-0.2999999999999998,-0.34999999999999987,0,0,0,,1
38,36,-0.19999999999999973,-0.09999999999999964,-0.1499999999999997,-0.3999999999999999,-0.2999999999999998,-0.34999999999999987,0,0,0,,1
39,36,-0.09999999999999964,0.0,-0.04999999999999982,-0.3999999999999999,-0.2999999999999998,-0.34999999999999987,0,0,0,,1
40,36,0.0,0.10000000000000053,0.050000000000000266,-0.3999999999999999,-0.2999999999999998,-0.34999999999999987,0,0,0,,1
41,36,0.10000000000000053,0.20000000000000018,0.15000000000000036,-0.3999999999999999,-0.2999999999999998,-0.34999999999999987,0,0,0,,1
42,36,0.20000000000000018,0.2999999999999998,0.25,-0.3999999999999999,-0.2999999999999998,-0.34999999999999987,0,0,0,,1
43,36,0.2999999999999998,0.40000000000000036,0.3500000000000001,-0.3999999999999999,-0.2999999999999998,-0.34999999999999987,0,0,0,,1
44,36,0.40000000000000036,0.5,0.4500000000000002,-0.3999999999999999,-0.2999999999999998,-0.34999999999999987,0,0,0,,1
45,36,0.5,0.6000000000000005,0.5500000000000003,-0.3999999999999999,-0.2999999999999998,-0.34999999999999987,0,0,0,,1
46,36,0.6000000000000005,0.7000000000000002,0.6500000000000004,-0.3999999999999999,-0.2999999999999998,-0.34999999999999987,0,0,0,,1
47,36,0.7000000000000002,0.8000000000000007,0.7500000000000004,-0.3999999999999999,-0.2999999999999998,-0.34999999999999987,0,0,0,,1
48,36,0.8000000000000007,0.9000000000000004,0.8500000000000005,-0.3999999999999999,-0.2999999999999998,-0.34999999999999987,0,0,0,,1
49,36,0.9000000000000004,1.0,0.9500000000000002,-0.3999999999999999,-0.2999999999999998,-0.34999999999999987,0,0,0,,1
50,36,1.0,1.1000000000000005,1.0500000000000003,-0.3999999999999999,-0.2999999999999998,-0.34999999999999987,1,3,4,0.25,1
51,36,1.1000000000000005,1.2000000000000002,1.1500000000000004,-0.3999999999999999,-0.2999999999999998,-0.34999999999999987,3,0,3,1.0,1
52,36,1.2000000000000002,1.3000000000000007,1.2500000000000004,-0.3999999999999999,-0.2999999999999998,-0.34999999999999987,1,0,1,1.0,1
53,36,1.3000000000000007,1.4000000000000004,1.3500000000000005,-0.3999999999999999,-0.2999999999999998,-0.34999999999999987,0,1,1,0.0,1
54,36,1.4000000000000004,1.5,1.4500000000000002,-0.3999999999999999,-0.2999999999999998,-0.34999999999999987,1,0,1,1.0,1
55,36,1.5,1.6000000000000005,1.5500000000000003,-0.3999999999999999,-0.2999999999999998,-0.34999999999999987,0,0,0,,1
56,36,1.6000000000000005,1.7000000000000002,1.6500000000000004,-0.3999999999999999,-0.2999999999999998,-0.34999999999999987,1,0,1,1.0,1
57,36,1.7000000000000002,1.8000000000000007,1.7500000000000004,-0.3999999999999999,-0.2999999999999998,-0.34999999999999987,1,0,1,1.0,1
58,36,1.8000000000000007,1.9000000000000004,1.8500000000000005,-0.3999999999999999,-0.2999999999999998,-0.34999999999999987,0,0,0,,1
59,36,1.9000000000000004,2.0,1.9500000000000002,-0.3999999999999999,-0.2999999999999998,-0.34999999999999987,3,0,3,1.0,1
60,36,2.0,2.1000000000000005,2.0500000000000003,-0.3999999999999999,-0.2999999999999998,-0.34999999999999987,5,0,5,1.0,0
61,36,2.1000000000000005,2.2,2.1500000000000004,-0.3999999999999999,-0.2999999999999998,-0.34999999999999987,3,0,3,1.0,1
62,36,2.2,2.3000000000000007,2.2500000000000004,-0.3999999999999999,-0.2999999999999998,-0.34999999999999987,0,0,0,,1
63,36,2.3000000000000007,2.4000000000000004,2.3500000000000005,-0.3999999999999999,-0.2999999999999998,-0.34999999999999987,0,1,1,0.0,1
64,36,2.4000000000000004,2.5,2.45,-0.3999999999999999,-0.2999999999999998,-0.34999999999999987,0,0,0,,1
65,36,2.5,2.6000000000000005,2.5500000000000003,-0.3999999999999999,-0.2999999999999998,-0.34999999999999987,0,0,0,,1
66,36,2.6000000000000005,2.7,2.6500000000000004,-0.3999999999999999,-0.2999999999999998,-0.34999999999999987,0,0,0,,1
67,36,2.7,2.8000000000000007,2.7500000000000004,-0.3999999999999999,-0.2999999999999998,-0.34999999999999987,0,0,0,,1
68,36,2.8000000000000007,2.9000000000000004,2.8500000000000005,-0.3999999999999999,-0.2999999999999998,-0.34999999999999987,0,0,0,,1
69,36,2.9000000000000004,3.0,2.95,-0.3999999999999999,-0.2999999999999998,-0.34999999999999987,0,0,0,,1
70,36,3.0,3.1000000000000005,3.0500000000000003,-0.3999999999999999,-0.2999999999999998,-0.34999999999999987,0,0,0,,1
71,36,3.1000000000000005,3.2,3.1500000000000004,-0.3999999999999999,-0.2999999999999998,-0.34999999999999987,0,0,0,,1
72,36,3.2,3.3000000000000007,3.2500000000000004,-0.3999999999999999,-0.2999999999999998,-0.34999999999999987,0,0,0,,1
73,36,3.3000000000000007,3.4000000000000004,3.3500000000000005,-0.3999999999999999,-0.2999999999999998,-0.34999999999999987,0,0,0,,1
74,36,3.4000000000000004,3.5,3.45,-0.3999999999999999,-0.2999999999999998,-0.34999999999999987,0,0,0,,1
75,36,3.5,3.6000000000000005,3.5500000000000003,-0.3999999999999999,-0.2999999999999998,-0.34999999999999987,0,0,0,,1
76,36,3.6000000000000005,3.7,3.6500000000000004,-0.3999999999999999,-0.2999999999999998,-0.34999999999999987,0,0,0,,1
77,36,3.7,3.8000000000000007,3.7500000000000004,-0.3999999999999999,-0.2999999999999998,-0.34999999999999987,0,0,0,,1
78,36,3.8000000000000007,3.9000000000000004,3.8500000000000005,-0.3999999999999999,-0.2999999999999998,-0.34999999999999987,0,0,0,,1
79,36,3.9000000000000004,4.0,3.95,-0.3999999999999999,-0.2999999999999998,-0.34999999999999987,0,0,0,,1
0,37,-4.0,-3.9,-3.95,-0.2999999999999998,-0.19999999999999973,-0.24999999999999978,0,0,0,,1
1,37,-3.9,-3.8,-3.8499999999999996,-0.2999999999999998,-0.19999999999999973,-0.24999999999999978,0,0,0,,1
2,37,-3.8,-3.7,-3.75,-0.2999999999999998,-0.19999999999999973,-0.24999999999999978,0,0,0,,1
3,37,-3.7,-3.6,-3.6500000000000004,-0.2999999999999998,-0.19999999999999973,-0.24999999999999978,0,0,0,,1
4,37,-3.6,-3.5,-3.55,-0.2999999999999998,-0.19999999999999973,-0.24999999999999978,0,0,0,,1
5,37,-3.5,-3.4,-3.45,-0.2999999999999998,-0.19999999999999973,-0.24999999999999978,0,0,0,,1
6,37,-3.4,-3.3,-3.3499999999999996,-0.2999999999999998,-0.19999999999999973,-0.24999999999999978,0,0,0,,1
7,37,-3.3,-3.2,-3.25,-0.2999999999999998,-0.19999999999999973,-0.24999999999999978,0,0,0,,1
8,37,-3.2,-3.1,-3.1500000000000004,-0.2999999999999998,-0.19999999999999973,-0.24999999999999978,1,0,1,1.0,1
9,37,-3.1,-3.0,-3.05,-0.2999999999999998,-0.19999999999999973,-0.24999999999999978,0,0,0,,1
10,37,-3.0,-2.9,-2.95,-0.2999999999999998,-0.19999999999999973,-0.24999999999999978,1,0,1,1.0,1
11,37,-2.9,-2.8,-2.8499999999999996,-0.2999999999999998,-0.19999999999999973,-0.24999999999999978,1,0,1,1.0,1
12,37,-2.8,-2.7,-2.75,-0.2999999999999998,-0.19999999999999973,-0.24999999999999978,0,0,0,,1
13,37,-2.7,-2.5999999999999996,-2.65,-0.2999999999999998,-0.19999999999999973,-0.24999999999999978,1,0,1,1.0,1
14,37,-2.5999999999999996,-2.5,-2.55,-0.2999999999999998,-0.19999999999999973,-0.24999999999999978,0,0,0,,1
15,37,-2.5,-2.4,-2.45,-0.2999999999999998,-0.19999999999999973,-0.24999999999999978,0,0,0,,1
16,37,-2.4,-2.3,-2.3499999999999996,-0.2999999999999998,-0.19999999999999973,-0.24999999999999978,0,0,0,,1
17,37,-2.3,-2.2,-2.25,-0.2999999999999998,-0.19999999999999973,-0.24999999999999978,1,1,2,0.5,1
18,37,-2.2,-2.0999999999999996,-2.15,-0.2999999999999998,-0.19999999999999973,-0.24999999999999978,0,0,0,,1
19,37,-2.0999999999999996,-2.0,-2.05,-0.2999999999999998,-0.19999999999999973,-0.24999999999999978,2,0,2,1.0,1
20,37,-2.0,-1.9,-1.95,-0.2999999999999998,-0.19999999999999973,-0.24999999999999978,2,0,2,1.0,1
21,37,-1.9,-1.7999999999999998,-1.8499999999999999,-0.2999999999999998,-0.19999999999999973,-0.24999999999999978,0,0,0,,1
22,37,-1.7999999999999998,-1.6999999999999997,-1.7499999999999998,-0.2999999999999998,-0.19999999999999973,-0.24999999999999978,0,1,1,0.0,1
23,37,-1.6999999999999997,-1.5999999999999996,-1.6499999999999997,-0.2999999999999998,-0.19999999999999973,-0.24999999999999978,0,2,2,0.0,1
24,37,-1.5999999999999996,-1.5,-1.5499999999999998,-0.2999999999999998,-0.19999999999999973,-0.24999999999999978,5,1,6,0.8333333333333334,0
25,37,-1.5,-1.4,-1.45,-0.2999999999999998,-0.19999999999999973,-0.24999999999999978,1,3,4,0.25,1
26,37,-1.4,-1.2999999999999998,-1.3499999999999999,-0.2999999999999998,-0.19999999999999973,-0.24999999999999978,4,3,7,0.5714285714285714,0
27,37,-1.2999999999999998,-1.1999999999999997,-1.2499999999999998,-0.2999999999999998,-0.19999999999999973,-0.24999999999999978,4,0,4,1.0,1
28,37,-1.1999999999999997,-1.0999999999999996,-1.1499999999999997,-0.2999999999999998,-0.19999999999999973,-0.24999999999999978,6,0,6,1.0,0
29,37,-1.0999999999999996,-1.0,-1.0499999999999998,-0.2999999999999998,-0.19999999999999973,-0.24999999999999978,5,5,10,0.5,0
30,37,-1.0,-0.8999999999999999,-0.95,-0.2999999999999998,-0.19999999999999973,-0.24999999999999978,2,0,2,1.0,1
31,37,-0.8999999999999999,-0.7999999999999998,-0.8499999999999999,-0.2999999999999998,-0.19999999999999973,-0.24999999999999978,0,0,0,,1
32,37,-0.7999999999999998,-0.6999999999999997,-0.7499999999999998,-0.2999999999999998,-0.19999999999999973,-0.24999999999999978,0,0,0,,1
33,37,-0.6999999999999997,-0.5999999999999996,-0.6499999999999997,-0.2999999999999998,-0.19999999999999973,-0.24999999999999978,0,0,0,,1
34,37,-0.5999999999999996,-0.5,-0.5499999999999998,-0.2999999999999998,-0.19999999999999973,-0.24999999999999978,0,0,0,,1
35,37,-0.5,-0.3999999999999999,-0.44999999999999996,-0.2999999999999998,-0.19999999999999973,-0.24999999999999978,0,0,0,,1
36,37,-0.3999999999999999,-0.2999999999999998,-0.34999999999999987,-0.2999999999999998,-0.19999999999999973,-0.24999999999999978,0,0,0,,1
37,37,-0.2999999999999998,-0.19999999999999973,-0.24999999999999978,-0.2999999999999998,-0.19999999999999973,-0.24999999999999978,0,0,0,,1
38,37,-0.19999999999999973,-0.09999999999999964,-0.1499999999999997,-0.2999999999999998,-0.19999999999999973,-0.24999999999999978,0,0,0,,1
39,37,-0.09999999999999964,0.0,-0.04999999999999982,-0.2999999999999998,-0.19999999999999973,-0.24999999999999978,0,0,0,,1
40,37,0.0,0.10000000000000053,0.050000000000000266,-0.2999999999999998,-0.19999999999999973,-0.24999999999999978,0,0,0,,1
41,37,0.10000000000000053,0.20000000000000018,0.15000000000000036,-0.2999999999999998,-0.19999999999999973,-0.24999999999999978,0,0,0,,1
42,37,0.20000000000000018,0.2999999999999998,0.25,-0.2999999999999998,-0.19999999999999973,-0.24999999999999978,0,0,0,,1
43,37,0.2999999999999998,0.40000000000000036,0.3500000000000001,-0.2999999999999998,-0.19999999999999973,-0.24999999999999978,0,0,0,,1
44,37,0.40000000000000036,0.5,0.4500000000000002,-0.2999999999999998,-0.19999999999999973,-0.24999999999999978,0,0,0,,1
45,37,0.5,0.6000000000000005,0.5500000000000003,-0.2999999999999998,-0.19999999999999973,-0.24999999999999978,0,0,0,,1
46,37,0.6000000000000005,0.7000000000000002,0.6500000000000004,-0.2999999999999998,-0.19999999999999973,-0.24999999999999978,0,0,0,,1
47,37,0.7000000000000002,0.8000000000000007,0.7500000000000004,-0.2999999999999998,-0.19999999999999973,-0.24999999999999978,0,0,0,,1
48,37,0.8000000000000007,0.9000000000000004,0.8500000000000005,-0.2999999999999998,-0.19999999999999973,-0.24999999999999978,0,0,0,,1
49,37,0.9000000000000004,1.0,0.9500000000000002,-0.2999999999999998,-0.19999999999999973,-0.24999999999999978,0,0,0,,1
50,37,1.0,1.1000000000000005,1.0500000000000003,-0.2999999999999998,-0.19999999999999973,-0.24999999999999978,0,0,0,,1
51,37,1.1000000000000005,1.2000000000000002,1.1500000000000004,-0.2999999999999998,-0.19999999999999973,-0.24999999999999978,5,2,7,0.7142857142857143,0
52,37,1.2000000000000002,1.3000000000000007,1.2500000000000004,-0.2999999999999998,-0.19999999999999973,-0.24999999999999978,1,0,1,1.0,1
53,37,1.3000000000000007,1.4000000000000004,1.3500000000000005,-0.2999999999999998,-0.19999999999999973,-0.24999999999999978,1,0,1,1.0,1
54,37,1.4000000000000004,1.5,1.4500000000000002,-0.2999999999999998,-0.19999999999999973,-0.24999999999999978,2,2,4,0.5,1
55,37,1.5,1.6000000000000005,1.5500000000000003,-0.2999999999999998,-0.19999999999999973,-0.24999999999999978,0,0,0,,1
56,37,1.6000000000000005,1.7000000000000002,1.6500000000000004,-0.2999999999999998,-0.19999999999999973,-0.24999999999999978,4,0,4,1.0,1
57,37,1.7000000000000002,1.8000000000000007,1.7500000000000004,-0.2999999999999998,-0.19999999999999973,-0.24999999999999978,0,0,0,,1
58,37,1.8000000000000007,1.9000000000000004,1.8500000000000005,-0.2999999999999998,-0.19999999999999973,-0.24999999999999978,2,0,2,1.0,1
59,37,1.9000000000000004,2.0,1.9500000000000002,-0.2999999999999998,-0.19999999999999973,-0.24999999999999978,0,1,1,0.0,1
60,37,2.0,2.1000000000000005,2.0500000000000003,-0.2999999999999998,-0.19999999999999973,-0.24999999999999978,1,0,1,1.0,1
61,37,2.1000000000000005,2.2,2.1500000000000004,-0.2999999999999998,-0.19999999999999973,-0.24999999999999978,0,0,0,,1
62,37,2.2,2.3000000000000007,2.2500000000000004,-0.2999999999999998,-0.19999999999999973,-0.24999999999999978,0,1,1,0.0,1
63,37,2.3000000000000007,2.4000000000000004,2.3500000000000005,-0.2999999999999998,-0.19999999999999973,-0.24999999999999978,0,0,0,,1
64,37,2.4000000000000004,2.5,2.45,-0.2999999999999998,-0.19999999999999973,-0.24999999999999978,0,1,1,0.0,1
65,37,2.5,2.6000000000000005,2.5500000000000003,-0.2999999999999998,-0.19999999999999973,-0.24999999999999978,0,0,0,,1
66,37,2.6000000000000005,2.7,2.6500000000000004,-0.2999999999999998,-0.19999999999999973,-0.24999999999999978,0,0,0,,1
67,37,2.7,2.8000000000000007,2.7500000000000004,-0.2999999999999998,-0.19999999999999973,-0.24999999999999978,0,0,0,,1
68,37,2.8000000000000007,2.9000000000000004,2.8500000000000005,-0.2999999999999998,-0.19999999999999973,-0.24999999999999978,0,0,0,,1
69,37,2.9000000000000004,3.0,2.95,-0.2999999999999998,-0.19999999999999973,-0.24999999999999978,0,0,0,,1
70,37,3.0,3.1000000000000005,3.0500000000000003,-0.2999999999999998,-0.19999999999999973,-0.24999999999999978,0,0,0,,1
71,37,3.1000000000000005,3.2,3.1500000000000004,-0.2999999999999998,-0.19999999999999973,-0.24999999999999978,0,0,0,,1
72,37,3.2,3.3000000000000007,3.2500000000000004,-0.2999999999999998,-0.19999999999999973,-0.24999999999999978,0,0,0,,1
73,37,3.3000000000000007,3.4000000000000004,3.3500000000000005,-0.2999999999999998,-0.19999999999999973,-0.24999999999999978,0,0,0,,1
74,37,3.4000000000000004,3.5,3.45,-0.2999999999999998,-0.19999999999999973,-0.24999999999999978,0,0,0,,1
75,37,3.5,3.6000000000000005,3.5500000000000003,-0.2999999999999998,-0.19999999999999973,-0.24999999999999978,0,0,0,,1
76,37,3.6000000000000005,3.7,3.6500000000000004,-0.2999999999999998,-0.19999999999999973,-0.24999999999999978,0,0,0,,1
77,37,3.7,3.8000000000000007,3.7500000000000004,-0.2999999999999998,-0.19999999999999973,-0.24999999999999978,0,0,0,,1
78,37,3.8000000000000007,3.9000000000000004,3.8500000000000005,-0.2999999999999998,-0.19999999999999973,-0.24999999999999978,0,0,0,,1
79,37,3.9000000000000004,4.0,3.95,-0.2999999999999998,-0.19999999999999973,-0.24999999999999978,0,0,0,,1
0,38,-4.0,-3.9,-3.95,-0.19999999999999973,-0.09999999999999964,-0.1499999999999997,0,0,0,,1
1,38,-3.9,-3.8,-3.8499999999999996,-0.19999999999999973,-0.09999999999999964,-0.1499999999999997,0,0,0,,1
2,38,-3.8,-3.7,-3.75,-0.19999999999999973,-0.09999999999999964,-0.1499999999999997,0,0,0,,1
3,38,-3.7,-3.6,-3.6500000000000004,-0.19999999999999973,-0.09999999999999964,-0.1499999999999997,0,0,0,,1
4,38,-3.6,-3.5,-3.55,-0.19999999999999973,-0.09999999999999964,-0.1499999999999997,0,0,0,,1
5,38,-3.5,-3.4,-3.45,-0.19999999999999973,-0.09999999999999964,-0.1499999999999997,0,0,0,,1
6,38,-3.4,-3.3,-3.3499999999999996,-0.19999999999999973,-0.09999999999999964,-0.1499999999999997,0,0,0,,1
7,38,-3.3,-3.2,-3.25,-0.19999999999999973,-0.09999999999999964,-0.1499999999999997,0,0,0,,1
8,38,-3.2,-3.1,-3.1500000000000004,-0.19999999999999973,-0.09999999999999964,-0.1499999999999997,0,0,0,,1
9,38,-3.1,-3.0,-3.05,-0.19999999999999973,-0.09999999999999964,-0.1499999999999997,0,0,0,,1
10,38,-3.0,-2.9,-2.95,-0.19999999999999973,-0.09999999999999964,-0.1499999999999997,0,0,0,,1
11,38,-2.9,-2.8,-2.8499999999999996,-0.19999999999999973,-0.09999999999999964,-0.1499999999999997,0,0,0,,1
12,38,-2.8,-2.7,-2.75,-0.19999999999999973,-0.09999999999999964,-0.1499999999999997,0,0,0,,1
13,38,-2.7,-2.5999999999999996,-2.65,-0.19999999999999973,-0.09999999999999964,-0.1499999999999997,0,0,0,,1
14,38,-2.5999999999999996,-2.5,-2.55,-0.19999999999999973,-0.09999999999999964,-0.1499999999999997,1,0,1,1.0,1
15,38,-2.5,-2.4,-2.45,-0.19999999999999973,-0.09999999999999964,-0.1499999999999997,0,0,0,,1
16,38,-2.4,-2.3,-2.3499999999999996,-0.19999999999999973,-0.09999999999999964,-0.1499999999999997,1,0,1,1.0,1
17,38,-2.3,-2.2,-2.25,-0.19999999999999973,-0.09999999999999964,-0.1499999999999997,1,1,2,0.5,1
18,38,-2.2,-2.0999999999999996,-2.15,-0.19999999999999973,-0.09999999999999964,-0.1499999999999997,2,0,2,1.0,1
19,38,-2.0999999999999996,-2.0,-2.05,-0.19999999999999973,-0.09999999999999964,-0.1499999999999997,1,0,1,1.0,1
20,38,-2.0,-1.9,-1.95,-0.19999999999999973,-0.09999999999999964,-0.1499999999999997,0,0,0,,1
21,38,-1.9,-1.7999999999999998,-1.8499999999999999,-0.19999999999999973,-0.09999999999999964,-0.1499999999999997,0,0,0,,1
22,38,-1.7999999999999998,-1.6999999999999997,-1.7499999999999998,-0.19999999999999973,-0.09999999999999964,-0.1499999999999997,1,2,3,0.3333333333333333,1
23,38,-1.6999999999999997,-1.5999999999999996,-1.6499999999999997,-0.19999999999999973,-0.09999999999999964,-0.1499999999999997,1,4,5,0.2,0
24,38,-1.5999999999999996,-1.5,-1.5499999999999998,-0.19999999999999973,-0.09999999999999964,-0.1499999999999997,4,3,7,0.5714285714285714,0
25,38,-1.5,-1.4,-1.45,-0.19999999999999973,-0.09999999999999964,-0.1499999999999997,3,4,7,0.42857142857142855,0
26,38,-1.4,-1.2999999999999998,-1.3499999999999999,-0.19999999999999973,-0.09999999999999964,-0.1499999999999997,1,2,3,0.3333333333333333,1
27,38,-1.2999999999999998,-1.1999999999999997,-1.2499999999999998,-0.19999999999999973,-0.09999999999999964,-0.1499999999999997,3,0,3,1.0,1
28,38,-1.1999999999999997,-1.0999999999999996,-1.1499999999999997,-0.19999999999999973,-0.09999999999999964,-0.1499999999999997,1,0,1,1.0,1
29,38,-1.0999999999999996,-1.0,-1.0499999999999998,-0.19999999999999973,-0.09999999999999964,-0.1499999999999997,4,3,7,0.5714285714285714,0
30,38,-1.0,-0.8999999999999999,-0.95,-0.19999999999999973,-0.09999999999999964,-0.1499999999999997,0,0,0,,1
31,38,-0.8999999999999999,-0.7999999999999998,-0.8499999999999999,-0.19999999999999973,-0.09999999999999964,-0.1499999999999997,0,0,0,,1
32,38,-0.7999999999999998,-0.6999999999999997,-0.7499999999999998,-0.19999999999999973,-0.09999999999999964,-0.1499999999999997,0,0,0,,1
33,38,-0.6999999999999997,-0.5999999999999996,-0.6499999999999997,-0.19999999999999973,-0.09999999999999964,-0.1499999999999997,0,0,0,,1
34,38,-0.5999999999999996,-0.5,-0.5499999999999998,-0.19999999999999973,-0.09999999999999964,-0.1499999999999997,0,0,0,,1
35,38,-0.5,-0.3999999999999999,-0.44999999999999996,-0.19999999999999973,-0.09999999999999964,-0.1499999999999997,0,0,0,,1
36,38,-0.3999999999999999,-0.2999999999999998,-0.34999999999999987,-0.19999999999999973,-0.09999999999999964,-0.1499999999999997,0,0,0,,1
37,38,-0.2999999999999998,-0.19999999999999973,-0.24999999999999978,-0.19999999999999973,-0.09999999999999964,-0.1499999999999997,0,0,0,,1
38,38,-0.19999999999999973,-0.09999999999999964,-0.1499999999999997,-0.19999999999999973,-0.09999999999999964,-0.1499999999999997,0,0,0,,1
39,38,-0.09999999999999964,0.0,-0.04999999999999982,-0.19999999999999973,-0.09999999999999964,-0.1499999999999997,0,0,0,,1
40,38,0.0,0.10000000000000053,0.050000000000000266,-0.19999999999999973,-0.09999999999999964,-0.1499999999999997,0,0,0,,1
41,38,0.10000000000000053,0.20000000000000018,0.15000000000000036,-0.19999999999999973,-0.09999999999999964,-0.1499999999999997,0,0,0,,1
42,38,0.20000000000000018,0.2999999999999998,0.25,-0.19999999999999973,-0.09999999999999964,-0.1499999999999997,0,0,0,,1
43,38,0.2999999999999998,0.40000000000000036,0.3500000000000001,-0.19999999999999973,-0.09999999999999964,-0.1499999999999997,0,0,0,,1
44,38,0.40000000000000036,0.5,0.4500000000000002,-0.19999999999999973,-0.09999999999999964,-0.1499999999999997,0,0,0,,1
45,38,0.5,0.6000000000000005,0.5500000000000003,-0.19999999999999973,-0.09999999999999964,-0.1499999999999997,0,0,0,,1
46,38,0.6000000000000005,0.7000000000000002,0.6500000000000004,-0.19999999999999973,-0.09999999999999964,-0.1499999999999997,0,0,0,,1
47,38,0.7000000000000002,0.8000000000000007,0.7500000000000004,-0.19999999999999973,-0.09999999999999964,-0.1499999999999997,0,0,0,,1
48,38,0.8000000000000007,0.9000000000000004,0.8500000000000005,-0.19999999999999973,-0.09999999999999964,-0.1499999999999997,0,0,0,,1
49,38,0.9000000000000004,1.0,0.9500000000000002,-0.19999999999999973,-0.09999999999999964,-0.1499999999999997,0,0,0,,1
50,38,1.0,1.1000000000000005,1.0500000000000003,-0.19999999999999973,-0.09999999999999964,-0.1499999999999997,3,0,3,1.0,1
51,38,1.1000000000000005,1.2000000000000002,1.1500000000000004,-0.19999999999999973,-0.09999999999999964,-0.1499999999999997,4,1,5,0.8,0
52,38,1.2000000000000002,1.3000000000000007,1.2500000000000004,-0.19999999999999973,-0.09999999999999964,-0.1499999999999997,0,0,0,,1
53,38,1.3000000000000007,1.4000000000000004,1.3500000000000005,-0.19999999999999973,-0.09999999999999964,-0.1499999999999997,2,1,3,0.6666666666666666,1
54,38,1.4000000000000004,1.5,1.4500000000000002,-0.19999999999999973,-0.09999999999999964,-0.1499999999999997,0,0,0,,1
55,38,1.5,1.6000000000000005,1.5500000000000003,-0.19999999999999973,-0.09999999999999964,-0.1499999999999997,4,0,4,1.0,1
56,38,1.6000000000000005,1.7000000000000002,1.6500000000000004,-0.19999999999999973,-0.09999999999999964,-0.1499999999999997,1,0,1,1.0,1
57,38,1.7000000000000002,1.8000000000000007,1.7500000000000004,-0.19999999999999973,-0.09999999999999964,-0.1499999999999997,0,0,0,,1
58,38,1.8000000000000007,1.9000000000000004,1.8500000000000005,-0.19999999999999973,-0.09999999999999964,-0.1499999999999997,1,0,1,1.0,1
59,38,1.9000000000000004,2.0,1.9500000000000002,-0.19999999999999973,-0.09999999999999964,-0.1499999999999997,1,0,1,1.0,1
60,38,2.0,2.1000000000000005,2.0500000000000003,-0.19999999999999973,-0.09999999999999964,-0.1499999999999997,0,0,0,,1
61,38,2.1000000000000005,2.2,2.1500000000000004,-0.19999999999999973,-0.09999999999999964,-0.1499999999999997,0,0,0,,1
62,38,2.2,2.3000000000000007,2.2500000000000004,-0.19999999999999973,-0.09999999999999964,-0.1499999999999997,0,1,1,0.0,1
63,38,2.3000000000000007,2.4000000000000004,2.3500000000000005,-0.19999999999999973,-0.09999999999999964,-0.1499999999999997,0,0,0,,1
64,38,2.4000000000000004,2.5,2.45,-0.19999999999999973,-0.09999999999999964,-0.1499999999999997,0,0,0,,1
65,38,2.5,2.6000000000000005,2.5500000000000003,-0.19999999999999973,-0.09999999999999964,-0.1499999999999997,0,0,0,,1
66,38,2.6000000000000005,2.7,2.6500000000000004,-0.19999999999999973,-0.09999999999999964,-0.1499999999999997,0,0,0,,1
67,38,2.7,2.8000000000000007,2.7500000000000004,-0.19999999999999973,-0.09999999999999964,-0.1499999999999997,0,0,0,,1
68,38,2.8000000000000007,2.9000000000000004,2.8500000000000005,-0.19999999999999973,-0.09999999999999964,-0.1499999999999997,0,0,0,,1
69,38,2.9000000000000004,3.0,2.95,-0.19999999999999973,-0.09999999999999964,-0.1499999999999997,0,0,0,,1
70,38,3.0,3.1000000000000005,3.0500000000000003,-0.19999999999999973,-0.09999999999999964,-0.1499999999999997,0,0,0,,1
71,38,3.1000000000000005,3.2,3.1500000000000004,-0.19999999999999973,-0.09999999999999964,-0.1499999999999997,0,0,0,,1
72,38,3.2,3.3000000000000007,3.2500000000000004,-0.19999999999999973,-0.09999999999999964,-0.1499999999999997,0,0,0,,1
73,38,3.3000000000000007,3.4000000000000004,3.3500000000000005,-0.19999999999999973,-0.09999999999999964,-0.1499999999999997,0,0,0,,1
74,38,3.4000000000000004,3.5,3.45,-0.19999999999999973,-0.09999999999999964,-0.1499999999999997,0,0,0,,1
75,38,3.5,3.6000000000000005,3.5500000000000003,-0.19999999999999973,-0.09999999999999964,-0.1499999999999997,0,0,0,,1
76,38,3.6000000000000005,3.7,3.6500000000000004,-0.19999999999999973,-0.09999999999999964,-0.1499999999999997,0,0,0,,1
77,38,3.7,3.8000000000000007,3.7500000000000004,-0.19999999999999973,-0.09999999999999964,-0.1499999999999997,0,0,0,,1
78,38,3.8000000000000007,3.9000000000000004,3.8500000000000005,-0.19999999999999973,-0.09999999999999964,-0.1499999999999997,0,0,0,,1
79,38,3.9000000000000004,4.0,3.95,-0.19999999999999973,-0.09999999999999964,-0.1499999999999997,0,0,0,,1
0,39,-4.0,-3.9,-3.95,-0.09999999999999964,0.0,-0.04999999999999982,0,0,0,,1
1,39,-3.9,-3.8,-3.8499999999999996,-0.09999999999999964,0.0,-0.04999999999999982,0,0,0,,1
2,39,-3.8,-3.7,-3.75,-0.09999999999999964,0.0,-0.04999999999999982,0,0,0,,1
3,39,-3.7,-3.6,-3.6500000000000004,-0.09999999999999964,0.0,-0.04999999999999982,0,0,0,,1
4,39,-3.6,-3.5,-3.55,-0.09999999999999964,0.0,-0.04999999999999982,0,0,0,,1
5,39,-3.5,-3.4,-3.45,-0.09999999999999964,0.0,-0.04999999999999982,0,0,0,,1
6,39,-3.4,-3.3,-3.3499999999999996,-0.09999999999999964,0.0,-0.04999999999999982,0,0,0,,1
7,39,-3.3,-3.2,-3.25,-0.09999999999999964,0.0,-0.04999999999999982,0,0,0,,1
8,39,-3.2,-3.1,-3.1500000000000004,-0.09999999999999964,0.0,-0.04999999999999982,0,0,0,,1
9,39,-3.1,-3.0,-3.05,-0.09999999999999964,0.0,-0.04999999999999982,0,0,0,,1
10,39,-3.0,-2.9,-2.95,-0.09999999999999964,0.0,-0.04999999999999982,0,0,0,,1
11,39,-2.9,-2.8,-2.8499999999999996,-0.09999999999999964,0.0,-0.04999999999999982,0,0,0,,1
12,39,-2.8,-2.7,-2.75,-0.09999999999999964,0.0,-0.04999999999999982,0,0,0,,1
13,39,-2.7,-2.5999999999999996,-2.65,-0.09999999999999964,0.0,-0.04999999999999982,0,0,0,,1
14,39,-2.5999999999999996,-2.5,-2.55,-0.09999999999999964,0.0,-0.04999999999999982,0,0,0,,1
15,39,-2.5,-2.4,-2.45,-0.09999999999999964,0.0,-0.04999999999999982,1,0,1,1.0,1
16,39,-2.4,-2.3,-2.3499999999999996,-0.09999999999999964,0.0,-0.04999999999999982,0,0,0,,1
17,39,-2.3,-2.2,-2.25,-0.09999999999999964,0.0,-0.04999999999999982,1,0,1,1.0,1
18,39,-2.2,-2.0999999999999996,-2.15,-0.09999999999999964,0.0,-0.04999999999999982,1,0,1,1.0,1
19,39,-2.0999999999999996,-2.0,-2.05,-0.09999999999999964,0.0,-0.04999999999999982,0,0,0,,1
20,39,-2.0,-1.9,-1.95,-0.09999999999999964,0.0,-0.04999999999999982,0,1,1,0.0,1
21,39,-1.9,-1.7999999999999998,-1.8499999999999999,-0.09999999999999964,0.0,-0.04999999999999982,1,1,2,0.5,1
22,39,-1.7999999999999998,-1.6999999999999997,-1.7499999999999998,-0.09999999999999964,0.0,-0.04999999999999982,1,0,1,1.0,1
23,39,-1.6999999999999997,-1.5999999999999996,-1.6499999999999997,-0.09999999999999964,0.0,-0.04999999999999982,3,2,5,0.6,0
24,39,-1.5999999999999996,-1.5,-1.5499999999999998,-0.09999999999999964,0.0,-0.04999999999999982,3,2,5,0.6,0
25,39,-1.5,-1.4,-1.45,-0.09999999999999964,0.0,-0.04999999999999982,1,7,8,0.125,0
26,39,-1.4,-1.2999999999999998,-1.3499999999999999,-0.09999999999999964,0.0,-0.04999999999999982,3,3,6,0.5,0
27,39,-1.2999999999999998,-1.1999999999999997,-1.2499999999999998,-0.09999999999999964,0.0,-0.04999999999999982,1,3,4,0.25,1
28,39,-1.1999999999999997,-1.0999999999999996,-1.1499999999999997,-0.09999999999999964,0.0,-0.04999999999999982,3,1,4,0.75,1
29,39,-1.0999999999999996,-1.0,-1.0499999999999998,-0.09999999999999964,0.0,-0.04999999999999982,6,4,10,0.6,0
30,39,-1.0,-0.8999999999999999,-0.95,-0.09999999999999964,0.0,-0.04999999999999982,0,0,0,,1
31,39,-0.8999999999999999,-0.7999999999999998,-0.8499999999999999,-0.09999999999999964,0.0,-0.04999999999999982,0,0,0,,1
32,39,-0.7999999999999998,-0.6999999999999997,-0.7499999999999998,-0.09999999999999964,0.0,-0.04999999999999982,0,0,0,,1
33,39,-0.6999999999999997,-0.5999999999999996,-0.6499999999999997,-0.09999999999999964,0.0,-0.04999999999999982,0,0,0,,1
34,39,-0.5999999999999996,-0.5,-0.5499999999999998,-0.09999999999999964,0.0,-0.04999999999999982,0,0,0,,1
35,39,-0.5,-0.3999999999999999,-0.44999999999999996,-0.09999999999999964,0.0,-0.04999999999999982,0,0,0,,1
36,39,-0.3999999999999999,-0.2999999999999998,-0.34999999999999987,-0.09999999999999964,0.0,-0.04999999999999982,0,0,0,,1
37,39,-0.2999999999999998,-0.19999999999999973,-0.24999999999999978,-0.09999999999999964,0.0,-0.04999999999999982,0,0,0,,1
38,39,-0.19999999999999973,-0.09999999999999964,-0.1499999999999997,-0.09999999999999964,0.0,-0.04999999999999982,0,0,0,,1
39,39,-0.09999999999999964,0.0,-0.04999999999999982,-0.09999999999999964,0.0,-0.04999999999999982,0,0,0,,1
40,39,0.0,0.10000000000000053,0.050000000000000266,-0.09999999999999964,0.0,-0.04999999999999982,0,0,0,,1
41,39,0.10000000000000053,0.20000000000000018,0.15000000000000036,-0.09999999999999964,0.0,-0.04999999999999982,0,0,0,,1
42,39,0.20000000000000018,0.2999999999999998,0.25,-0.09999999999999964,0.0,-0.04999999999999982,0,0,0,,1
43,39,0.2999999999999998,0.40000000000000036,0.3500000000000001,-0.09999999999999964,0.0,-0.04999999999999982,0,0,0,,1
44,39,0.40000000000000036,0.5,0.4500000000000002,-0.09999999999999964,0.0,-0.04999999999999982,0,0,0,,1
45,39,0.5,0.6000000000000005,0.5500000000000003,-0.09999999999999964,0.0,-0.04999999999999982,0,0,0,,1
46,39,0.6000000000000005,0.7000000000000002,0.6500000000000004,-0.09999999999999964,0.0,-0.04999999999999982,0,0,0,,1
47,39,0.7000000000000002,0.8000000000000007,0.7500000000000004,-0.09999999999999964,0.0,-0.04999999999999982,0,0,0,,1
48,39,0.8000000000000007,0.9000000000000004,0.8500000000000005,-0.09999999999999964,0.0,-0.04999999999999982,0,0,0,,1
49,39,0.9000000000000004,1.0,0.9500000000000002,-0.09999999999999964,0.0,-0.04999999999999982,0,0,0,,1
50,39,1.0,1.1000000000000005,1.0500000000000003,-0.09999999999999964,0.0,-0.04999999999999982,3,0,3,1.0,1
51,39,1.1000000000000005,1.2000000000000002,1.1500000000000004,-0.09999999999999964,0.0,-0.04999999999999982,1,1,2,0.5,1
52,39,1.2000000000000002,1.3000000000000007,1.2500000000000004,-0.09999999999999964,0.0,-0.04999999999999982,2,1,3,0.6666666666666666,1
53,39,1.3000000000000007,1.4000000000000004,1.3500000000000005,-0.09999999999999964,0.0,-0.04999999999999982,2,0,2,1.0,1
54,39,1.4000000000000004,1.5,1.4500000000000002,-0.09999999999999964,0.0,-0.04999999999999982,1,2,3,0.3333333333333333,1
55,39,1.5,1.6000000000000005,1.5500000000000003,-0.09999999999999964,0.0,-0.04999999999999982,4,1,5,0.8,0
56,39,1.6000000000000005,1.7000000000000002,1.6500000000000004,-0.09999999999999964,0.0,-0.04999999999999982,0,0,0,,1
57,39,1.7000000000000002,1.8000000000000007,1.7500000000000004,-0.09999999999999964,0.0,-0.04999999999999982,1,0,1,1.0,1
58,39,1.8000000000000007,1.9000000000000004,1.8500000000000005,-0.09999999999999964,0.0,-0.04999999999999982,3,0,3,1.0,1
59,39,1.9000000000000004,2.0,1.9500000000000002,-0.09999999999999964,0.0,-0.04999999999999982,0,0,0,,1
60,39,2.0,2.1000000000000005,2.0500000000000003,-0.09999999999999964,0.0,-0.04999999999999982,0,0,0,,1
61,39,2.1000000000000005,2.2,2.1500000000000004,-0.09999999999999964,0.0,-0.04999999999999982,0,2,2,0.0,1
62,39,2.2,2.3000000000000007,2.2500000000000004,-0.09999999999999964,0.0,-0.04999999999999982,0,0,0,,1
63,39,2.3000000000000007,2.4000000000000004,2.3500000000000005,-0.09999999999999964,0.0,-0.04999999999999982,0,1,1,0.0,1
64,39,2.4000000000000004,2.5,2.45,-0.09999999999999964,0.0,-0.04999999999999982,0,0,0,,1
65,39,2.5,2.6000000000000005,2.5500000000000003,-0.09999999999999964,0.0,-0.04999999999999982,0,0,0,,1
66,39,2.6000000000000005,2.7,2.6500000000000004,-0.09999999999999964,0.0,-0.04999999999999982,0,0,0,,1
67,39,2.7,2.8000000000000007,2.7500000000000004,-0.09999999999999964,0.0,-0.04999999999999982,0,0,0,,1
68,39,2.8000000000000007,2.9000000000000004,2.8500000000000005,-0.09999999999999964,0.0,-0.04999999999999982,0,0,0,,1
69,39,2.9000000000000004,3.0,2.95,-0.09999999999999964,0.0,-0.04999999999999982,0,0,0,,1
70,39,3.0,3.1000000000000005,3.0500000000000003,-0.09999999999999964,0.0,-0.04999999999999982,0,0,0,,1
71,39,3.1000000000000005,3.2,3.1500000000000004,-0.09999999999999964,0.0,-0.04999999999999982,0,0,0,,1
72,39,3.2,3.3000000000000007,3.2500000000000004,-0.09999999999999964,0.0,-0.04999999999999982,0,0,0,,1
73,39,3.3000000000000007,3.4000000000000004,3.3500000000000005,-0.09999999999999964,0.0,-0.04999999999999982,0,0,0,,1
74,39,3.4000000000000004,3.5,3.45,-0.09999999999999964,0.0,-0.04999999999999982,0,0,0,,1
75,39,3.5,3.6000000000000005,3.5500000000000003,-0.09999999999999964,0.0,-0.04999999999999982,0,0,0,,1
76,39,3.6000000000000005,3.7,3.6500000000000004,-0.09999999999999964,0.0,-0.04999999999999982,0,0,0,,1
77,39,3.7,3.8000000000000007,3.7500000000000004,-0.09999999999999964,0.0,-0.04999999999999982,0,0,0,,1
78,39,3.8000000000000007,3.9000000000000004,3.8500000000000005,-0.09999999999999964,0.0,-0.04999999999999982,0,0,0,,1
79,39,3.9000000000000004,4.0,3.95,-0.09999999999999964,0.0,-0.04999999999999982,0,0,0,,1
0,40,-4.0,-3.9,-3.95,0.0,0.10000000000000053,0.050000000000000266,0,0,0,,1
1,40,-3.9,-3.8,-3.8499999999999996,0.0,0.10000000000000053,0.050000000000000266,0,0,0,,1
2,40,-3.8,-3.7,-3.75,0.0,0.10000000000000053,0.050000000000000266,0,0,0,,1
3,40,-3.7,-3.6,-3.6500000000000004,0.0,0.10000000000000053,0.050000000000000266,0,0,0,,1
4,40,-3.6,-3.5,-3.55,0.0,0.10000000000000053,0.050000000000000266,0,0,0,,1
5,40,-3.5,-3.4,-3.45,0.0,0.10000000000000053,0.050000000000000266,0,0,0,,1
6,40,-3.4,-3.3,-3.3499999999999996,0.0,0.10000000000000053,0.050000000000000266,0,0,0,,1
7,40,-3.3,-3.2,-3.25,0.0,0.10000000000000053,0.050000000000000266,0,0,0,,1
8,40,-3.2,-3.1,-3.1500000000000004,0.0,0.10000000000000053,0.050000000000000266,0,0,0,,1
9,40,-3.1,-3.0,-3.05,0.0,0.10000000000000053,0.050000000000000266,0,0,0,,1
10,40,-3.0,-2.9,-2.95,0.0,0.10000000000000053,0.050000000000000266,0,0,0,,1
11,40,-2.9,-2.8,-2.8499999999999996,0.0,0.10000000000000053,0.050000000000000266,0,0,0,,1
12,40,-2.8,-2.7,-2.75,0.0,0.10000000000000053,0.050000000000000266,0,0,0,,1
13,40,-2.7,-2.5999999999999996,-2.65,0.0,0.10000000000000053,0.050000000000000266,0,0,0,,1
14,40,-2.5999999999999996,-2.5,-2.55,0.0,0.10000000000000053,0.050000000000000266,1,0,1,1.0,1
15,40,-2.5,-2.4,-2.45,0.0,0.10000000000000053,0.050000000000000266,0,0,0,,1
16,40,-2.4,-2.3,-2.3499999999999996,0.0,0.10000000000000053,0.050000000000000266,0,0,0,,1
17,40,-2.3,-2.2,-2.25,0.0,0.10000000000000053,0.050000000000000266,1,0,1,1.0,1
18,40,-2.2,-2.0999999999999996,-2.15,0.0,0.10000000000000053,0.050000000000000266,1,1,2,0.5,1
19,40,-2.0999999999999996,-2.0,-2.05,0.0,0.10000000000000053,0.050000000000000266,2,1,3,0.6666666666666666,1
20,40,-2.0,-1.9,-1.95,0.0,0.10000000000000053,0.050000000000000266,2,0,2,1.0,1
21,40,-1.9,-1.7999999999999998,-1.8499999999999999,0.0,0.10000000000000053,0.050000000000000266,2,0,2,1.0,1
22,40,-1.7999999999999998,-1.6999999999999997,-1.7499999999999998,0.0,0.10000000000000053,0.050000000000000266,3,0,3,1.0,1
23,40,-1.6999999999999997,-1.5999999999999996,-1.6499999999999997,0.0,0.10000000000000053,0.050000000000000266,1,2,3,0.3333333333333333,1
24,40,-1.5999999999999996,-1.5,-1.5499999999999998,0.0,0.10000000000000053,0.050000000000000266,2,5,7,0.2857142857142857,0
25,40,-1.5,-1.4,-1.45,0.0,0.10000000000000053,0.050000000000000266,2,8,10,0.2,0
26,40,-1.4,-1.2999999999999998,-1.3499999999999999,0.0,0.10000000000000053,0.050000000000000266,0,0,0,,1
27,40,-1.2999999999999998,-1.1999999999999997,-1.2499999999999998,0.0,0.10000000000000053,0.050000000000000266,2,1,3,0.6666666666666666,1
28,40,-1.1999999999999997,-1.0999999999999996,-1.1499999999999997,0.0,0.10000000000000053,0.050000000000000266,5,3,8,0.625,0
29,40,-1.0999999999999996,-1.0,-1.0499999999999998,0.0,0.10000000000000053,0.050000000000000266,3,2,5,0.6,0
30,40,-1.0,-0.8999999999999999,-0.95,0.0,0.10000000000000053,0.050000000000000266,0,0,0,,1
31,40,-0.8999999999999999,-0.7999999999999998,-0.8499999999999999,0.0,0.10000000000000053,0.050000000000000266,0,0,0,,1
32,40,-0.7999999999999998,-0.6999999999999997,-0.7499999999999998,0.0,0.10000000000000053,0.050000000000000266,0,0,0,,1
33,40,-0.6999999999999997,-0.5999999999999996,-0.6499999999999997,0.0,0.10000000000000053,0.050000000000000266,0,0,0,,1
34,40,-0.5999999999999996,-0.5,-0.5499999999999998,0.0,0.10000000000000053,0.050000000000000266,0,0,0,,1
35,40,-0.5,-0.3999999999999999,-0.44999999999999996,0.0,0.10000000000000053,0.050000000000000266,0,0,0,,1
36,40,-0.3999999999999999,-0.2999999999999998,-0.34999999999999987,0.0,0.10000000000000053,0.050000000000000266,0,0,0,,1
37,40,-0.2999999999999998,-0.19999999999999973,-0.24999999999999978,0.0,0.10000000000000053,0.050000000000000266,0,0,0,,1
38,40,-0.19999999999999973,-0.09999999999999964,-0.1499999999999997,0.0,0.10000000000000053,0.050000000000000266,0,0,0,,1
39,40,-0.09999999999999964,0.0,-0.04999999999999982,0.0,0.10000000000000053,0.050000000000000266,0,0,0,,1
40,40,0.0,0.10000000000000053,0.050000000000000266,0.0,0.10000000000000053,0.050000000000000266,0,0,0,,1
41,40,0.10000000000000053,0.20000000000000018,0.15000000000000036,0.0,0.10000000000000053,0.050000000000000266,0,0,0,,1
42,40,0.20000000000000018,0.2999999999999998,0.25,0.0,0.10000000000000053,0.050000000000000266,0,0,0,,1
43,40,0.2999999999999998,0.40000000000000036,0.3500000000000001,0.0,0.10000000000000053,0.050000000000000266,0,0,0,,1
44,40,0.40000000000000036,0.5,0.4500000000000002,0.0,0.10000000000000053,0.050000000000000266,0,0,0,,1
45,40,0.5,0.6000000000000005,0.5500000000000003,0.0,0.10000000000000053,0.050000000000000266,0,0,0,,1
46,40,0.6000000000000005,0.7000000000000002,0.6500000000000004,0.0,0.10000000000000053,0.050000000000000266,0,0,0,,1
47,40,0.7000000000000002,0.8000000000000007,0.7500000000000004,0.0,0.10000000000000053,0.050000000000000266,0,0,0,,1
48,40,0.8000000000000007,0.9000000000000004,0.8500000000000005,0.0,0.10000000000000053,0.050000000000000266,0,0,0,,1
49,40,0.9000000000000004,1.0,0.9500000000000002,0.0,0.10000000000000053,0.050000000000000266,0,0,0,,1
50,40,1.0,1.1000000000000005,1.0500000000000003,0.0,0.10000000000000053,0.050000000000000266,2,1,3,0.6666666666666666,1
51,40,1.1000000000000005,1.2000000000000002,1.1500000000000004,0.0,0.10000000000000053,0.050000000000000266,1,3,4,0.25,1
52,40,1.2000000000000002,1.3000000000000007,1.2500000000000004,0.0,0.10000000000000053,0.050000000000000266,3,0,3,1.0,1
53,40,1.3000000000000007,1.4000000000000004,1.3500000000000005,0.0,0.10000000000000053,0.050000000000000266,2,0,2,1.0,1
54,40,1.4000000000000004,1.5,1.4500000000000002,0.0,0.10000000000000053,0.050000000000000266,2,0,2,1.0,1
55,40,1.5,1.6000000000000005,1.5500000000000003,0.0,0.10000000000000053,0.050000000000000266,2,1,3,0.6666666666666666,1
56,40,1.6000000000000005,1.7000000000000002,1.6500000000000004,0.0,0.10000000000000053,0.050000000000000266,0,2,2,0.0,1
57,40,1.7000000000000002,1.8000000000000007,1.7500000000000004,0.0,0.10000000000000053,0.050000000000000266,3,1,4,0.75,1
58,40,1.8000000000000007,1.9000000000000004,1.8500000000000005,0.0,0.10000000000000053,0.050000000000000266,0,1,1,0.0,1
59,40,1.9000000000000004,2.0,1.9500000000000002,0.0,0.10000000000000053,0.050000000000000266,0,2,2,0.0,1
60,40,2.0,2.1000000000000005,2.0500000000000003,0.0,0.10000000000000053,0.050000000000000266,0,1,1,0.0,1
61,40,2.1000000000000005,2.2,2.1500000000000004,0.0,0.10000000000000053,0.050000000000000266,0,0,0,,1
62,40,2.2,2.3000000000000007,2.2500000000000004,0.0,0.10000000000000053,0.050000000000000266,0,0,0,,1
63,40,2.3000000000000007,2.4000000000000004,2.3500000000000005,0.0,0.10000000000000053,0.050000000000000266,0,0,0,,1
64,40,2.4000000000000004,2.5,2.45,0.0,0.10000000000000053,0.050000000000000266,0,0,0,,1
65,40,2.5,2.6000000000000005,2.5500000000000003,0.0,0.10000000000000053,0.050000000000000266,0,0,0,,1
66,40,2.6000000000000005,2.7,2.6500000000000004,0.0,0.10000000000000053,0.050000000000000266,0,0,0,,1
67,40,2.7,2.8000000000000007,2.7500000000000004,0.0,0.10000000000000053,0.050000000000000266,0,0,0,,1
68,40,2.8000000000000007,2.9000000000000004,2.8500000000000005,0.0,0.10000000000000053,0.050000000000000266,0,0,0,,1
69,40,2.9000000000000004,3.0,2.95,0.0,0.10000000000000053,0.050000000000000266,0,0,0,,1
70,40,3.0,3.1000000000000005,3.0500000000000003,0.0,0.10000000000000053,0.050000000000000266,0,0,0,,1
71,40,3.1000000000000005,3.2,3.1500000000000004,0.0,0.10000000000000053,0.050000000000000266,0,0,0,,1
72,40,3.2,3.3000000000000007,3.2500000000000004,0.0,0.10000000000000053,0.050000000000000266,0,0,0,,1
73,40,3.3000000000000007,3.4000000000000004,3.3500000000000005,0.0,0.10000000000000053,0.050000000000000266,0,0,0,,1
74,40,3.4000000000000004,3.5,3.45,0.0,0.10000000000000053,0.050000000000000266,0,0,0,,1
75,40,3.5,3.6000000000000005,3.5500000000000003,0.0,0.10000000000000053,0.050000000000000266,0,0,0,,1
76,40,3.6000000000000005,3.7,3.6500000000000004,0.0,0.10000000000000053,0.050000000000000266,0,0,0,,1
77,40,3.7,3.8000000000000007,3.7500000000000004,0.0,0.10000000000000053,0.050000000000000266,0,0,0,,1
78,40,3.8000000000000007,3.9000000000000004,3.8500000000000005,0.0,0.10000000000000053,0.050000000000000266,0,0,0,,1
79,40,3.9000000000000004,4.0,3.95,0.0,0.10000000000000053,0.050000000000000266,0,0,0,,1
0,41,-4.0,-3.9,-3.95,0.10000000000000053,0.20000000000000018,0.15000000000000036,0,0,0,,1
1,41,-3.9,-3.8,-3.8499999999999996,0.10000000000000053,0.20000000000000018,0.15000000000000036,0,0,0,,1
2,41,-3.8,-3.7,-3.75,0.10000000000000053,0.20000000000000018,0.15000000000000036,0,0,0,,1
3,41,-3.7,-3.6,-3.6500000000000004,0.10000000000000053,0.20000000000000018,0.15000000000000036,0,0,0,,1
4,41,-3.6,-3.5,-3.55,0.10000000000000053,0.20000000000000018,0.15000000000000036,0,0,0,,1
5,41,-3.5,-3.4,-3.45,0.10000000000000053,0.20000000000000018,0.15000000000000036,0,0,0,,1
6,41,-3.4,-3.3,-3.3499999999999996,0.10000000000000053,0.20000000000000018,0.15000000000000036,0,0,0,,1
7,41,-3.3,-3.2,-3.25,0.10000000000000053,0.20000000000000018,0.15000000000000036,0,0,0,,1
8,41,-3.2,-3.1,-3.1500000000000004,0.10000000000000053,0.20000000000000018,0.15000000000000036,0,0,0,,1
9,41,-3.1,-3.0,-3.05,0.10000000000000053,0.20000000000000018,0.15000000000000036,0,0,0,,1
10,41,-3.0,-2.9,-2.95,0.10000000000000053,0.20000000000000018,0.15000000000000036,1,0,1,1.0,1
11,41,-2.9,-2.8,-2.8499999999999996,0.10000000000000053,0.20000000000000018,0.15000000000000036,0,0,0,,1
12,41,-2.8,-2.7,-2.75,0.10000000000000053,0.20000000000000018,0.15000000000000036,1,0,1,1.0,1
13,41,-2.7,-2.5999999999999996,-2.65,0.10000000000000053,0.20000000000000018,0.15000000000000036,0,0,0,,1
14,41,-2.5999999999999996,-2.5,-2.55,0.10000000000000053,0.20000000000000018,0.15000000000000036,0,0,0,,1
15,41,-2.5,-2.4,-2.45,0.10000000000000053,0.20000000000000018,0.15000000000000036,0,0,0,,1
16,41,-2.4,-2.3,-2.3499999999999996,0.10000000000000053,0.20000000000000018,0.15000000000000036,3,0,3,1.0,1
17,41,-2.3,-2.2,-2.25,0.10000000000000053,0.20000000000000018,0.15000000000000036,2,0,2,1.0,1
18,41,-2.2,-2.0999999999999996,-2.15,0.10000000000000053,0.20000000000000018,0.15000000000000036,2,1,3,0.6666666666666666,1
19,41,-2.0999999999999996,-2.0,-2.05,0.10000000000000053,0.20000000000000018,0.15000000000000036,1,0,1,1.0,1
20,41,-2.0,-1.9,-1.95,0.10000000000000053,0.20000000000000018,0.15000000000000036,2,0,2,1.0,1
21,41,-1.9,-1.7999999999999998,-1.8499999999999999,0.10000000000000053,0.20000000000000018,0.15000000000000036,1,0,1,1.0,1
22,41,-1.7999999999999998,-1.6999999999999997,-1.7499999999999998,0.10000000000000053,0.20000000000000018,0.15000000000000036,2,0,2,1.0,1
23,41,-1.6999999999999997,-1.5999999999999996,-1.6499999999999997,0.10000000000000053,0.20000000000000018,0.15000000000000036,1,3,4,0.25,1
24,41,-1.5999999999999996,-1.5,-1.5499999999999998,0.10000000000000053,0.20000000000000018,0.15000000000000036,0,3,3,0.0,1
25,41,-1.5,-1.4,-1.45,0.10000000000000053,0.20000000000000018,0.15000000000000036,3,3,6,0.5,0
26,41,-1.4,-1.2999999999999998,-1.3499999999999999,0.10000000000000053,0.20000000000000018,0.15000000000000036,2,6,8,0.25,0
27,41,-1.2999999999999998,-1.1999999999999997,-1.2499999999999998,0.10000000000000053,0.20000000000000018,0.15000000000000036,2,1,3,0.6666666666666666,1
28,41,-1.1999999999999997,-1.0999999999999996,-1.1499999999999997,0.10000000000000053,0.20000000000000018,0.15000000000000036,4,0,4,1.0,1
29,41,-1.0999999999999996,-1.0,-1.0499999999999998,0.10000000000000053,0.20000000000000018,0.15000000000000036,5,3,8,0.625,0
30,41,-1.0,-0.8999999999999999,-0.95,0.10000000000000053,0.20000000000000018,0.15000000000000036,0,0,0,,1
31,41,-0.8999999999999999,-0.7999999999999998,-0.8499999999999999,0.10000000000000053,0.20000000000000018,0.15000000000000036,0,0,0,,1
32,41,-0.7999999999999998,-0.6999999999999997,-0.7499999999999998,0.10000000000000053,0.20000000000000018,0.15000000000000036,0,0,0,,1
33,41,-0.6999999999999997,-0.5999999999999996,-0.6499999999999997,0.10000000000000053,0.20000000000000018,0.15000000000000036,0,0,0,,1
34,41,-0.5999999999999996,-0.5,-0.5499999999999998,0.10000000000000053,0.20000000000000018,0.15000000000000036,0,0,0,,1
35,41,-0.5,-0.3999999999999999,-0.44999999999999996,0.10000000000000053,0.20000000000000018,0.15000000000000036,0,0,0,,1
36,41,-0.3999999999999999,-0.2999999999999998,-0.34999999999999987,0.10000000000000053,0.20000000000000018,0.15000000000000036,0,0,0,,1
37,41,-0.2999999999999998,-0.19999999999999973,-0.24999999999999978,0.10000000000000053,0.20000000000000018,0.15000000000000036,0,0,0,,1
38,41,-0.19999999999999973,-0.09999999999999964,-0.1499999999999997,0.10000000000000053,0.20000000000000018,0.15000000000000036,0,0,0,,1
39,41,-0.09999999999999964,0.0,-0.04999999999999982,0.10000000000000053,0.20000000000000018,0.15000000000000036,0,0,0,,1
40,41,0.0,0.10000000000000053,0.050000000000000266,0.10000000000000053,0.20000000000000018,0.15000000000000036,0,0,0,,1
41,41,0.10000000000000053,0.20000000000000018,0.15000000000000036,0.10000000000000053,0.20000000000000018,0.15000000000000036,0,0,0,,1
42,41,0.20000000000000018,0.2999999999999998,0.25,0.10000000000000053,0.20000000000000018,0.15000000000000036,0,0,0,,1
43,41,0.2999999999999998,0.40000000000000036,0.3500000000000001,0.10000000000000053,0.20000000000000018,0.15000000000000036,0,0,0,,1
44,41,0.40000000000000036,0.5,0.4500000000000002,0.10000000000000053,0.20000000000000018,0.15000000000000036,0,0,0,,1
45,41,0.5,0.6000000000000005,0.5500000000000003,0.10000000000000053,0.20000000000000018,0.15000000000000036,0,0,0,,1
46,41,0.6000000000000005,0.7000000000000002,0.6500000000000004,0.10000000000000053,0.20000000000000018,0.15000000000000036,0,0,0,,1
47,41,0.7000000000000002,0.8000000000000007,0.7500000000000004,0.10000000000000053,0.20000000000000018,0.15000000000000036,0,0,0,,1
48,41,0.8000000000000007,0.9000000000000004,0.8500000000000005,0.10000000000000053,0.20000000000000018,0.15000000000000036,0,0,0,,1
49,41,0.9000000000000004,1.0,0.9500000000000002,0.10000000000000053,0.20000000000000018,0.15000000000000036,0,0,0,,1
50,41,1.0,1.1000000000000005,1.0500000000000003,0.10000000000000053,0.20000000000000018,0.15000000000000036,3,6,9,0.3333333333333333,0
51,41,1.1000000000000005,1.2000000000000002,1.1500000000000004,0.10000000000000053,0.20000000000000018,0.15000000000000036,3,0,3,1.0,1
52,41,1.2000000000000002,1.3000000000000007,1.2500000000000004,0.10000000000000053,0.20000000000000018,0.15000000000000036,2,2,4,0.5,1
53,41,1.3000000000000007,1.4000000000000004,1.3500000000000005,0.10000000000000053,0.20000000000000018,0.15000000000000036,2,0,2,1.0,1
54,41,1.4000000000000004,1.5,1.4500000000000002,0.10000000000000053,0.20000000000000018,0.15000000000000036,1,0,1,1.0,1
55,41,1.5,1.6000000000000005,1.5500000000000003,0.10000000000000053,0.20000000000000018,0.15000000000000036,1,0,1,1.0,1
56,41,1.6000000000000005,1.7000000000000002,1.6500000000000004,0.10000000000000053,0.20000000000000018,0.15000000000000036,2,0,2,1.0,1
57,41,1.7000000000000002,1.8000000000000007,1.7500000000000004,0.10000000000000053,0.20000000000000018,0.15000000000000036,0,0,0,,1
58,41,1.8000000000000007,1.9000000000000004,1.8500000000000005,0.10000000000000053,0.20000000000000018,0.15000000000000036,0,0,0,,1
59,41,1.9000000000000004,2.0,1.9500000000000002,0.10000000000000053,0.20000000000000018,0.15000000000000036,0,0,0,,1
60,41,2.0,2.1000000000000005,2.0500000000000003,0.10000000000000053,0.20000000000000018,0.15000000000000036,0,1,1,0.0,1
61,41,2.1000000000000005,2.2,2.1500000000000004,0.10000000000000053,0.20000000000000018,0.15000000000000036,0,0,0,,1
62,41,2.2,2.3000000000000007,2.2500000000000004,0.10000000000000053,0.20000000000000018,0.15000000000000036,0,1,1,0.0,1
63,41,2.3000000000000007,2.4000000000000004,2.3500000000000005,0.10000000000000053,0.20000000000000018,0.15000000000000036,0,0,0,,1
64,41,2.4000000000000004,2.5,2.45,0.10000000000000053,0.20000000000000018,0.15000000000000036,0,0,0,,1
65,41,2.5,2.6000000000000005,2.5500000000000003,0.10000000000000053,0.20000000000000018,0.15000000000000036,0,0,0,,1
66,41,2.6000000000000005,2.7,2.6500000000000004,0.10000000000000053,0.20000000000000018,0.15000000000000036,0,0,0,,1
67,41,2.7,2.8000000000000007,2.7500000000000004,0.10000000000000053,0.20000000000000018,0.15000000000000036,0,0,0,,1
68,41,2.8000000000000007,2.9000000000000004,2.8500000000000005,0.10000000000000053,0.20000000000000018,0.15000000000000036,0,0,0,,1
69,41,2.9000000000000004,3.0,2.95,0.10000000000000053,0.20000000000000018,0.15000000000000036,0,0,0,,1
70,41,3.0,3.1000000000000005,3.0500000000000003,0.10000000000000053,0.20000000000000018,0.15000000000000036,0,0,0,,1
71,41,3.1000000000000005,3.2,3.1500000000000004,0.10000000000000053,0.20000000000000018,0.15000000000000036,0,0,0,,1
72,41,3.2,3.3000000000000007,3.2500000000000004,0.10000000000000053,0.20000000000000018,0.15000000000000036,0,0,0,,1
73,41,3.3000000000000007,3.4000000000000004,3.3500000000000005,0.10000000000000053,0.20000000000000018,0.15000000000000036,0,0,0,,1
74,41,3.4000000000000004,3.5,3.45,0.10000000000000053,0.20000000000000018,0.15000000000000036,0,0,0,,1
75,41,3.5,3.6000000000000005,3.5500000000000003,0.10000000000000053,0.20000000000000018,0.15000000000000036,0,0,0,,1
76,41,3.6000000000000005,3.7,3.6500000000000004,0.10000000000000053,0.20000000000000018,0.15000000000000036,0,0,0,,1
77,41,3.7,3.8000000000000007,3.7500000000000004,0.10000000000000053,0.20000000000000018,0.15000000000000036,0,0,0,,1
78,41,3.8000000000000007,3.9000000000000004,3.8500000000000005,0.10000000000000053,0.20000000000000018,0.15000000000000036,0,0,0,,1
79,41,3.9000000000000004,4.0,3.95,0.10000000000000053,0.20000000000000018,0.15000000000000036,0,0,0,,1
0,42,-4.0,-3.9,-3.95,0.20000000000000018,0.2999999999999998,0.25,0,0,0,,1
1,42,-3.9,-3.8,-3.8499999999999996,0.20000000000000018,0.2999999999999998,0.25,0,0,0,,1
2,42,-3.8,-3.7,-3.75,0.20000000000000018,0.2999999999999998,0.25,0,0,0,,1
3,42,-3.7,-3.6,-3.6500000000000004,0.20000000000000018,0.2999999999999998,0.25,0,0,0,,1
4,42,-3.6,-3.5,-3.55,0.20000000000000018,0.2999999999999998,0.25,0,0,0,,1
5,42,-3.5,-3.4,-3.45,0.20000000000000018,0.2999999999999998,0.25,0,0,0,,1
6,42,-3.4,-3.3,-3.3499999999999996,0.20000000000000018,0.2999999999999998,0.25,0,0,0,,1
7,42,-3.3,-3.2,-3.25,0.20000000000000018,0.2999999999999998,0.25,0,0,0,,1
8,42,-3.2,-3.1,-3.1500000000000004,0.20000000000000018,0.2999999999999998,0.25,1,0,1,1.0,1
9,42,-3.1,-3.0,-3.05,0.20000000000000018,0.2999999999999998,0.25,0,0,0,,1
10,42,-3.0,-2.9,-2.95,0.20000000000000018,0.2999999999999998,0.25,0,0,0,,1
11,42,-2.9,-2.8,-2.8499999999999996,0.20000000000000018,0.2999999999999998,0.25,0,0,0,,1
12,42,-2.8,-2.7,-2.75,0.20000000000000018,0.2999999999999998,0.25,0,0,0,,1
13,42,-2.7,-2.5999999999999996,-2.65,0.20000000000000018,0.2999999999999998,0.25,1,0,1,1.0,1
14,42,-2.5999999999999996,-2.5,-2.55,0.20000000000000018,0.2999999999999998,0.25,0,0,0,,1
15,42,-2.5,-2.4,-2.45,0.20000000000000018,0.2999999999999998,0.25,2,0,2,1.0,1
16,42,-2.4,-2.3,-2.3499999999999996,0.20000000000000018,0.2999999999999998,0.25,1,0,1,1.0,1
17,42,-2.3,-2.2,-2.25,0.20000000000000018,0.2999999999999998,0.25,1,1,2,0.5,1
18,42,-2.2,-2.0999999999999996,-2.15,0.20000000000000018,0.2999999999999998,0.25,1,1,2,0.5,1
19,42,-2.0999999999999996,-2.0,-2.05,0.20000000000000018,0.2999999999999998,0.25,1,2,3,0.3333333333333333,1
20,42,-2.0,-1.9,-1.95,0.20000000000000018,0.2999999999999998,0.25,0,1,1,0.0,1
21,42,-1.9,-1.7999999999999998,-1.8499999999999999,0.20000000000000018,0.2999999999999998,0.25,1,1,2,0.5,1
22,42,-1.7999999999999998,-1.6999999999999997,-1.7499999999999998,0.20000000000000018,0.2999999999999998,0.25,1,0,1,1.0,1
23,42,-1.6999999999999997,-1.5999999999999996,-1.6499999999999997,0.20000000000000018,0.2999999999999998,0.25,0,3,3,0.0,1
24,42,-1.5999999999999996,-1.5,-1.5499999999999998,0.20000000000000018,0.2999999999999998,0.25,0,2,2,0.0,1
25,42,-1.5,-1.4,-1.45,0.20000000000000018,0.2999999999999998,0.25,4,2,6,0.6666666666666666,0
26,42,-1.4,-1.2999999999999998,-1.3499999999999999,0.20000000000000018,0.2999999999999998,0.25,2,2,4,0.5,1
27,42,-1.2999999999999998,-1.1999999999999997,-1.2499999999999998,0.20000000000000018,0.2999999999999998,0.25,0,0,0,,1
28,42,-1.1999999999999997,-1.0999999999999996,-1.1499999999999997,0.20000000000000018,0.2999999999999998,0.25,7,1,8,0.875,0
29,42,-1.0999999999999996,-1.0,-1.0499999999999998,0.20000000000000018,0.2999999999999998,0.25,4,3,7,0.5714285714285714,0
30,42,-1.0,-0.8999999999999999,-0.95,0.20000000000000018,0.2999999999999998,0.25,1,2,3,0.3333333333333333,1
31,42,-0.8999999999999999,-0.7999999999999998,-0.8499999999999999,0.20000000000000018,0.2999999999999998,0.25,0,0,0,,1
32,42,-0.7999999999999998,-0.6999999999999997,-0.7499999999999998,0.20000000000000018,0.2999999999999998,0.25,0,0,0,,1
33,42,-0.6999999999999997,-0.5999999999999996,-0.6499999999999997,0.20000000000000018,0.2999999999999998,0.25,0,0,0,,1
34,42,-0.5999999999999996,-0.5,-0.5499999999999998,0.20000000000000018,0.2999999999999998,0.25,0,0,0,,1
35,42,-0.5,-0.3999999999999999,-0.44999999999999996,0.20000000000000018,0.2999999999999998,0.25,0,0,0,,1
36,42,-0.3999999999999999,-0.2999999999999998,-0.34999999999999987,0.20000000000000018,0.2999999999999998,0.25,0,0,0,,1
37,42,-0.2999999999999998,-0.19999999999999973,-0.24999999999999978,0.20000000000000018,0.2999999999999998,0.25,0,0,0,,1
38,42,-0.19999999999999973,-0.09999999999999964,-0.1499999999999997,0.20000000000000018,0.2999999999999998,0.25,0,0,0,,1
39,42,-0.09999999999999964,0.0,-0.04999999999999982,0.20000000000000018,0.2999999999999998,0.25,0,0,0,,1
40,42,0.0,0.10000000000000053,0.050000000000000266,0.20000000000000018,0.2999999999999998,0.25,0,0,0,,1
41,42,0.10000000000000053,0.20000000000000018,0.15000000000000036,0.20000000000000018,0.2999999999999998,0.25,0,0,0,,1
42,42,0.20000000000000018,0.2999999999999998,0.25,0.20000000000000018,0.2999999999999998,0.25,0,0,0,,1
43,42,0.2999999999999998,0.40000000000000036,0.3500000000000001,0.20000000000000018,0.2999999999999998,0.25,0,0,0,,1
44,42,0.40000000000000036,0.5,0.4500000000000002,0.20000000000000018,0.2999999999999998,0.25,0,0,0,,1
45,42,0.5,0.6000000000000005,0.5500000000000003,0.20000000000000018,0.2999999999999998,0.25,0,0,0,,1
46,42,0.6000000000000005,0.7000000000000002,0.6500000000000004,0.20000000000000018,0.2999999999999998,0.25,0,0,0,,1
47,42,0.7000000000000002,0.8000000000000007,0.7500000000000004,0.20000000000000018,0.2999999999999998,0.25,0,0,0,,1
48,42,0.8000000000000007,0.9000000000000004,0.8500000000000005,0.20000000000000018,0.2999999999999998,0.25,0,0,0,,1
49,42,0.9000000000000004,1.0,0.9500000000000002,0.20000000000000018,0.2999999999999998,0.25,2,0,2,1.0,1
50,42,1.0,1.1000000000000005,1.0500000000000003,0.20000000000000018,0.2999999999999998,0.25,1,3,4,0.25,1
51,42,1.1000000000000005,1.2000000000000002,1.1500000000000004,0.20000000000000018,0.2999999999999998,0.25,4,1,5,0.8,0
52,42,1.2000000000000002,1.3000000000000007,1.2500000000000004,0.20000000000000018,0.2999999999999998,0.25,2,0,2,1.0,1
53,42,1.3000000000000007,1.4000000000000004,1.3500000000000005,0.20000000000000018,0.2999999999999998,0.25,1,0,1,1.0,1
54,42,1.4000000000000004,1.5,1.4500000000000002,0.20000000000000018,0.2999999999999998,0.25,2,0,2,1.0,1
55,42,1.5,1.6000000000000005,1.5500000000000003,0.20000000000000018,0.2999999999999998,0.25,3,0,3,1.0,1
56,42,1.6000000000000005,1.7000000000000002,1.6500000000000004,0.20000000000000018,0.2999999999999998,0.25,1,0,1,1.0,1
57,42,1.7000000000000002,1.8000000000000007,1.7500000000000004,0.20000000000000018,0.2999999999999998,0.25,0,0,0,,1
58,42,1.8000000000000007,1.9000000000000004,1.8500000000000005,0.20000000000000018,0.2999999999999998,0.25,0,2,2,0.0,1
59,42,1.9000000000000004,2.0,1.9500000000000002,0.20000000000000018,0.2999999999999998,0.25,0,1,1,0.0,1
60,42,2.0,2.1000000000000005,2.0500000000000003,0.20000000000000018,0.2999999999999998,0.25,0,0,0,,1
61,42,2.1000000000000005,2.2,2.1500000000000004,0.20000000000000018,0.2999999999999998,0.25,0,0,0,,1
62,42,2.2,2.3000000000000007,2.2500000000000004,0.20000000000000018,0.2999999999999998,0.25,0,1,1,0.0,1
63,42,2.3000000000000007,2.4000000000000004,2.3500000000000005,0.20000000000000018,0.2999999999999998,0.25,0,1,1,0.0,1
64,42,2.4000000000000004,2.5,2.45,0.20000000000000018,0.2999999999999998,0.25,0,0,0,,1
65,42,2.5,2.6000000000000005,2.5500000000000003,0.20000000000000018,0.2999999999999998,0.25,0,0,0,,1
66,42,2.6000000000000005,2.7,2.6500000000000004,0.20000000000000018,0.2999999999999998,0.25,0,0,0,,1
67,42,2.7,2.8000000000000007,2.7500000000000004,0.20000000000000018,0.2999999999999998,0.25,0,0,0,,1
68,42,2.8000000000000007,2.9000000000000004,2.8500000000000005,0.20000000000000018,0.2999999999999998,0.25,0,0,0,,1
69,42,2.9000000000000004,3.0,2.95,0.20000000000000018,0.2999999999999998,0.25,0,0,0,,1
70,42,3.0,3.1000000000000005,3.0500000000000003,0.20000000000000018,0.2999999999999998,0.25,0,0,0,,1
71,42,3.1000000000000005,3.2,3.1500000000000004,0.20000000000000018,0.2999999999999998,0.25,0,0,0,,1
72,42,3.2,3.3000000000000007,3.2500000000000004,0.20000000000000018,0.2999999999999998,0.25,0,0,0,,1
73,42,3.3000000000000007,3.4000000000000004,3.3500000000000005,0.20000000000000018,0.2999999999999998,0.25,0,0,0,,1
74,42,3.4000000000000004,3.5,3.45,0.20000000000000018,0.2999999999999998,0.25,0,0,0,,1
75,42,3.5,3.6000000000000005,3.5500000000000003,0.20000000000000018,0.2999999999999998,0.25,0,0,0,,1
76,42,3.6000000000000005,3.7,3.6500000000000004,0.20000000000000018,0.2999999999999998,0.25,0,0,0,,1
77,42,3.7,3.8000000000000007,3.7500000000000004,0.20000000000000018,0.2999999999999998,0.25,0,0,0,,1
78,42,3.8000000000000007,3.9000000000000004,3.8500000000000005,0.20000000000000018,0.2999999999999998,0.25,0,0,0,,1
79,42,3.9000000000000004,4.0,3.95,0.20000000000000018,0.2999999999999998,0.25,0,0,0,,1
0,43,-4.0,-3.9,-3.95,0.2999999999999998,0.40000000000000036,0.3500000000000001,0,0,0,,1
1,43,-3.9,-3.8,-3.8499999999999996,0.2999999999999998,0.40000000000000036,0.3500000000000001,0,0,0,,1
2,43,-3.8,-3.7,-3.75,0.2999999999999998,0.40000000000000036,0.3500000000000001,0,0,0,,1
3,43,-3.7,-3.6,-3.6500000000000004,0.2999999999999998,0.40000000000000036,0.3500000000000001,0,0,0,,1
4,43,-3.6,-3.5,-3.55,0.2999999999999998,0.40000000000000036,0.3500000000000001,0,0,0,,1
5,43,-3.5,-3.4,-3.45,0.2999999999999998,0.40000000000000036,0.3500000000000001,0,0,0,,1
6,43,-3.4,-3.3,-3.3499999999999996,0.2999999999999998,0.40000000000000036,0.3500000000000001,0,0,0,,1
7,43,-3.3,-3.2,-3.25,0.2999999999999998,0.40000000000000036,0.3500000000000001,1,0,1,1.0,1
8,43,-3.2,-3.1,-3.1500000000000004,0.2999999999999998,0.40000000000000036,0.3500000000000001,0,0,0,,1
9,43,-3.1,-3.0,-3.05,0.2999999999999998,0.40000000000000036,0.3500000000000001,0,0,0,,1
10,43,-3.0,-2.9,-2.95,0.2999999999999998,0.40000000000000036,0.3500000000000001,1,0,1,1.0,1
11,43,-2.9,-2.8,-2.8499999999999996,0.2999999999999998,0.40000000000000036,0.3500000000000001,0,0,0,,1
12,43,-2.8,-2.7,-2.75,0.2999999999999998,0.40000000000000036,0.3500000000000001,1,0,1,1.0,1
13,43,-2.7,-2.5999999999999996,-2.65,0.2999999999999998,0.40000000000000036,0.3500000000000001,1,0,1,1.0,1
14,43,-2.5999999999999996,-2.5,-2.55,0.2999999999999998,0.40000000000000036,0.3500000000000001,2,0,2,1.0,1
15,43,-2.5,-2.4,-2.45,0.2999999999999998,0.40000000000000036,0.3500000000000001,2,0,2,1.0,1
16,43,-2.4,-2.3,-2.3499999999999996,0.2999999999999998,0.40000000000000036,0.3500000000000001,1,0,1,1.0,1
17,43,-2.3,-2.2,-2.25,0.2999999999999998,0.40000000000000036,0.3500000000000001,1,1,2,0.5,1
18,43,-2.2,-2.0999999999999996,-2.15,0.2999999999999998,0.40000000000000036,0.3500000000000001,1,0,1,1.0,1
19,43,-2.0999999999999996,-2.0,-2.05,0.2999999999999998,0.40000000000000036,0.3500000000000001,0,0,0,,1
20,43,-2.0,-1.9,-1.95,0.2999999999999998,0.40000000000000036,0.3500000000000001,0,1,1,0.0,1
21,43,-1.9,-1.7999999999999998,-1.8499999999999999,0.2999999999999998,0.40000000000000036,0.3500000000000001,1,0,1,1.0,1
22,43,-1.7999999999999998,-1.6999999999999997,-1.7499999999999998,0.2999999999999998,0.40000000000000036,0.3500000000000001,0,1,1,0.0,1
23,43,-1.6999999999999997,-1.5999999999999996,-1.6499999999999997,0.2999999999999998,0.40000000000000036,0.3500000000000001,0,4,4,0.0,1
24,43,-1.5999999999999996,-1.5,-1.5499999999999998,0.2999999999999998,0.40000000000000036,0.3500000000000001,2,6,8,0.25,0
25,43,-1.5,-1.4,-1.45,0.2999999999999998,0.40000000000000036,0.3500000000000001,5,1,6,0.8333333333333334,0
26,43,-1.4,-1.2999999999999998,-1.3499999999999999,0.2999999999999998,0.40000000000000036,0.3500000000000001,4,2,6,0.6666666666666666,0
27,43,-1.2999999999999998,-1.1999999999999997,-1.2499999999999998,0.2999999999999998,0.40000000000000036,0.3500000000000001,1,0,1,1.0,1
28,43,-1.1999999999999997,-1.0999999999999996,-1.1499999999999997,0.2999999999999998,0.40000000000000036,0.3500000000000001,8,0,8,1.0,0
29,43,-1.0999999999999996,-1.0,-1.0499999999999998,0.2999999999999998,0.40000000000000036,0.3500000000000001,2,2,4,0.5,1
30,43,-1.0,-0.8999999999999999,-0.95,0.2999999999999998,0.40000000000000036,0.3500000000000001,4,3,7,0.5714285714285714,0
31,43,-0.8999999999999999,-0.7999999999999998,-0.8499999999999999,0.2999999999999998,0.40000000000000036,0.3500000000000001,0,0,0,,1
32,43,-0.7999999999999998,-0.6999999999999997,-0.7499999999999998,0.2999999999999998,0.40000000000000036,0.3500000000000001,0,0,0,,1
33,43,-0.6999999999999997,-0.5999999999999996,-0.6499999999999997,0.2999999999999998,0.40000000000000036,0.3500000000000001,0,0,0,,1
34,43,-0.5999999999999996,-0.5,-0.5499999999999998,0.2999999999999998,0.40000000000000036,0.3500000000000001,0,0,0,,1
35,43,-0.5,-0.3999999999999999,-0.44999999999999996,0.2999999999999998,0.40000000000000036,0.3500000000000001,0,0,0,,1
36,43,-0.3999999999999999,-0.2999999999999998,-0.34999999999999987,0.2999999999999998,0.40000000000000036,0.3500000000000001,0,0,0,,1
37,43,-0.2999999999999998,-0.19999999999999973,-0.24999999999999978,0.2999999999999998,0.40000000000000036,0.3500000000000001,0,0,0,,1
38,43,-0.19999999999999973,-0.09999999999999964,-0.1499999999999997,0.2999999999999998,0.40000000000000036,0.3500000000000001,0,0,0,,1
39,43,-0.09999999999999964,0.0,-0.04999999999999982,0.2999999999999998,0.40000000000000036,0.3500000000000001,0,0,0,,1
40,43,0.0,0.10000000000000053,0.050000000000000266,0.2999999999999998,0.40000000000000036,0.3500000000000001,0,0,0,,1
41,43,0.10000000000000053,0.20000000000000018,0.15000000000000036,0.2999999999999998,0.40000000000000036,0.3500000000000001,0,0,0,,1
42,43,0.20000000000000018,0.2999999999999998,0.25,0.2999999999999998,0.40000000000000036,0.3500000000000001,0,0,0,,1
43,43,0.2999999999999998,0.40000000000000036,0.3500000000000001,0.2999999999999998,0.40000000000000036,0.3500000000000001,0,0,0,,1
44,43,0.40000000000000036,0.5,0.4500000000000002,0.2999999999999998,0.40000000000000036,0.3500000000000001,0,0,0,,1
45,43,0.5,0.6000000000000005,0.5500000000000003,0.2999999999999998,0.40000000000000036,0.3500000000000001,0,0,0,,1
46,43,0.6000000000000005,0.7000000000000002,0.6500000000000004,0.2999999999999998,0.40000000000000036,0.3500000000000001,0,0,0,,1
47,43,0.7000000000000002,0.8000000000000007,0.7500000000000004,0.2999999999999998,0.40000000000000036,0.3500000000000001,0,0,0,,1
48,43,0.8000000000000007,0.9000000000000004,0.8500000000000005,0.2999999999999998,0.40000000000000036,0.3500000000000001,0,0,0,,1
49,43,0.9000000000000004,1.0,0.9500000000000002,0.2999999999999998,0.40000000000000036,0.3500000000000001,4,0,4,1.0,1
50,43,1.0,1.1000000000000005,1.0500000000000003,0.2999999999999998,0.40000000000000036,0.3500000000000001,2,2,4,0.5,1
51,43,1.1000000000000005,1.2000000000000002,1.1500000000000004,0.2999999999999998,0.40000000000000036,0.3500000000000001,2,4,6,0.3333333333333333,0
52,43,1.2000000000000002,1.3000000000000007,1.2500000000000004,0.2999999999999998,0.40000000000000036,0.3500000000000001,1,0,1,1.0,1
53,43,1.3000000000000007,1.4000000000000004,1.3500000000000005,0.2999999999999998,0.40000000000000036,0.3500000000000001,2,0,2,1.0,1
54,43,1.4000000000000004,1.5,1.4500000000000002,0.2999999999999998,0.40000000000000036,0.3500000000000001,4,0,4,1.0,1
55,43,1.5,1.6000000000000005,1.5500000000000003,0.2999999999999998,0.40000000000000036,0.3500000000000001,1,0,1,1.0,1
56,43,1.6000000000000005,1.7000000000000002,1.6500000000000004,0.2999999999999998,0.40000000000000036,0.3500000000000001,0,0,0,,1
57,43,1.7000000000000002,1.8000000000000007,1.7500000000000004,0.2999999999999998,0.40000000000000036,0.3500000000000001,0,0,0,,1
58,43,1.8000000000000007,1.9000000000000004,1.8500000000000005,0.2999999999999998,0.40000000000000036,0.3500000000000001,0,1,1,0.0,1
59,43,1.9000000000000004,2.0,1.9500000000000002,0.2999999999999998,0.40000000000000036,0.3500000000000001,0,0,0,,1
60,43,2.0,2.1000000000000005,2.0500000000000003,0.2999999999999998,0.40000000000000036,0.3500000000000001,0,0,0,,1
61,43,2.1000000000000005,2.2,2.1500000000000004,0.2999999999999998,0.40000000000000036,0.3500000000000001,0,1,1,0.0,1
62,43,2.2,2.3000000000000007,2.2500000000000004,0.2999999999999998,0.40000000000000036,0.3500000000000001,0,1,1,0.0,1
63,43,2.3000000000000007,2.4000000000000004,2.3500000000000005,0.2999999999999998,0.40000000000000036,0.3500000000000001,0,0,0,,1
64,43,2.4000000000000004,2.5,2.45,0.2999999999999998,0.40000000000000036,0.3500000000000001,0,1,1,0.0,1
65,43,2.5,2.6000000000000005,2.5500000000000003,0.2999999999999998,0.40000000000000036,0.3500000000000001,0,0,0,,1
66,43,2.6000000000000005,2.7,2.6500000000000004,0.2999999999999998,0.40000000000000036,0.3500000000000001,0,0,0,,1
67,43,2.7,2.8000000000000007,2.7500000000000004,0.2999999999999998,0.40000000000000036,0.3500000000000001,0,0,0,,1
68,43,2.8000000000000007,2.9000000000000004,2.8500000000000005,0.2999999999999998,0.40000000000000036,0.3500000000000001,0,0,0,,1
69,43,2.9000000000000004,3.0,2.95,0.2999999999999998,0.40000000000000036,0.3500000000000001,0,0,0,,1
70,43,3.0,3.1000000000000005,3.0500000000000003,0.2999999999999998,0.40000000000000036,0.3500000000000001,0,0,0,,1
71,43,3.1000000000000005,3.2,3.1500000000000004,0.2999999999999998,0.40000000000000036,0.3500000000000001,0,0,0,,1
72,43,3.2,3.3000000000000007,3.2500000000000004,0.2999999999999998,0.40000000000000036,0.3500000000000001,0,0,0,,1
73,43,3.3000000000000007,3.4000000000000004,3.3500000000000005,0.2999999999999998,0.40000000000000036,0.3500000000000001,0,0,0,,1
74,43,3.4000000000000004,3.5,3.45,0.2999999999999998,0.40000000000000036,0.3500000000000001,0,0,0,,1
75,43,3.5,3.6000000000000005,3.5500000000000003,0.2999999999999998,0.40000000000000036,0.3500000000000001,0,0,0,,1
76,43,3.6000000000000005,3.7,3.6500000000000004,0.2999999999999998,0.40000000000000036,0.3500000000000001,0,0,0,,1
77,43,3.7,3.8000000000000007,3.7500000000000004,0.2999999999999998,0.40000000000000036,0.3500000000000001,0,0,0,,1
78,43,3.8000000000000007,3.9000000000000004,3.8500000000000005,0.2999999999999998,0.40000000000000036,0.3500000000000001,0,0,0,,1
79,43,3.9000000000000004,4.0,3.95,0.2999999999999998,0.40000000000000036,0.3500000000000001,0,0,0,,1
0,44,-4.0,-3.9,-3.95,0.40000000000000036,0.5,0.4500000000000002,0,0,0,,1
1,44,-3.9,-3.8,-3.8499999999999996,0.40000000000000036,0.5,0.4500000000000002,0,0,0,,1
2,44,-3.8,-3.7,-3.75,0.40000000000000036,0.5,0.4500000000000002,0,0,0,,1
3,44,-3.7,-3.6,-3.6500000000000004,0.40000000000000036,0.5,0.4500000000000002,0,0,0,,1
4,44,-3.6,-3.5,-3.55,0.40000000000000036,0.5,0.4500000000000002,0,0,0,,1
5,44,-3.5,-3.4,-3.45,0.40000000000000036,0.5,0.4500000000000002,0,0,0,,1
6,44,-3.4,-3.3,-3.3499999999999996,0.40000000000000036,0.5,0.4500000000000002,0,0,0,,1
7,44,-3.3,-3.2,-3.25,0.40000000000000036,0.5,0.4500000000000002,0,0,0,,1
8,44,-3.2,-3.1,-3.1500000000000004,0.40000000000000036,0.5,0.4500000000000002,0,0,0,,1
9,44,-3.1,-3.0,-3.05,0.40000000000000036,0.5,0.4500000000000002,0,0,0,,1
10,44,-3.0,-2.9,-2.95,0.40000000000000036,0.5,0.4500000000000002,0,0,0,,1
11,44,-2.9,-2.8,-2.8499999999999996,0.40000000000000036,0.5,0.4500000000000002,2,0,2,1.0,1
12,44,-2.8,-2.7,-2.75,0.40000000000000036,0.5,0.4500000000000002,2,0,2,1.0,1
13,44,-2.7,-2.5999999999999996,-2.65,0.40000000000000036,0.5,0.4500000000000002,1,0,1,1.0,1
14,44,-2.5999999999999996,-2.5,-2.55,0.40000000000000036,0.5,0.4500000000000002,1,0,1,1.0,1
15,44,-2.5,-2.4,-2.45,0.40000000000000036,0.5,0.4500000000000002,2,0,2,1.0,1
16,44,-2.4,-2.3,-2.3499999999999996,0.40000000000000036,0.5,0.4500000000000002,1,1,2,0.5,1
17,44,-2.3,-2.2,-2.25,0.40000000000000036,0.5,0.4500000000000002,1,0,1,1.0,1
18,44,-2.2,-2.0999999999999996,-2.15,0.40000000000000036,0.5,0.4500000000000002,1,0,1,1.0,1
19,44,-2.0999999999999996,-2.0,-2.05,0.40000000000000036,0.5,0.4500000000000002,0,0,0,,1
20,44,-2.0,-1.9,-1.95,0.40000000000000036,0.5,0.4500000000000002,2,0,2,1.0,1
21,44,-1.9,-1.7999999999999998,-1.8499999999999999,0.40000000000000036,0.5,0.4500000000000002,1,0,1,1.0,1
22,44,-1.7999999999999998,-1.6999999999999997,-1.7499999999999998,0.40000000000000036,0.5,0.4500000000000002,1,1,2,0.5,1
23,44,-1.6999999999999997,-1.5999999999999996,-1.6499999999999997,0.40000000000000036,0.5,0.4500000000000002,3,1,4,0.75,1
24,44,-1.5999999999999996,-1.5,-1.5499999999999998,0.40000000000000036,0.5,0.4500000000000002,1,1,2,0.5,1
25,44,-1.5,-1.4,-1.45,0.40000000000000036,0.5,0.4500000000000002,6,5,11,0.5454545454545454,0
26,44,-1.4,-1.2999999999999998,-1.3499999999999999,0.40000000000000036,0.5,0.4500000000000002,1,1,2,0.5,1
27,44,-1.2999999999999998,-1.1999999999999997,-1.2499999999999998,0.40000000000000036,0.5,0.4500000000000002,5,1,6,0.8333333333333334,0
28,44,-1.1999999999999997,-1.0999999999999996,-1.1499999999999997,0.40000000000000036,0.5,0.4500000000000002,5,0,5,1.0,0
29,44,-1.0999999999999996,-1.0,-1.0499999999999998,0.40000000000000036,0.5,0.4500000000000002,4,0,4,1.0,1
30,44,-1.0,-0.8999999999999999,-0.95,0.40000000000000036,0.5,0.4500000000000002,3,4,7,0.42857142857142855,0
31,44,-0.8999999999999999,-0.7999999999999998,-0.8499999999999999,0.40000000000000036,0.5,0.4500000000000002,0,0,0,,1
32,44,-0.7999999999999998,-0.6999999999999997,-0.7499999999999998,0.40000000000000036,0.5,0.4500000000000002,0,0,0,,1
33,44,-0.6999999999999997,-0.5999999999999996,-0.6499999999999997,0.40000000000000036,0.5,0.4500000000000002,0,0,0,,1
34,44,-0.5999999999999996,-0.5,-0.5499999999999998,0.40000000000000036,0.5,0.4500000000000002,0,0,0,,1
35,44,-0.5,-0.3999999999999999,-0.44999999999999996,0.40000000000000036,0.5,0.4500000000000002,0,0,0,,1
36,44,-0.3999999999999999,-0.2999999999999998,-0.34999999999999987,0.40000000000000036,0.5,0.4500000000000002,0,0,0,,1
37,44,-0.2999999999999998,-0.19999999999999973,-0.24999999999999978,0.40000000000000036,0.5,0.4500000000000002,0,0,0,,1
38,44,-0.19999999999999973,-0.09999999999999964,-0.1499999999999997,0.40000000000000036,0.5,0.4500000000000002,0,0,0,,1
39,44,-0.09999999999999964,0.0,-0.04999999999999982,0.40000000000000036,0.5,0.4500000000000002,0,0,0,,1
40,44,0.0,0.10000000000000053,0.050000000000000266,0.40000000000000036,0.5,0.4500000000000002,0,0,0,,1
41,44,0.10000000000000053,0.20000000000000018,0.15000000000000036,0.40000000000000036,0.5,0.4500000000000002,0,0,0,,1
42,44,0.20000000000000018,0.2999999999999998,0.25,0.40000000000000036,0.5,0.4500000000000002,0,0,0,,1
43,44,0.2999999999999998,0.40000000000000036,0.3500000000000001,0.40000000000000036,0.5,0.4500000000000002,0,0,0,,1
44,44,0.40000000000000036,0.5,0.4500000000000002,0.40000000000000036,0.5,0.4500000000000002,0,0,0,,1
45,44,0.5,0.6000000000000005,0.5500000000000003,0.40000000000000036,0.5,0.4500000000000002,0,0,0,,1
46,44,0.6000000000000005,0.7000000000000002,0.6500000000000004,0.40000000000000036,0.5,0.4500000000000002,0,0,0,,1
47,44,0.7000000000000002,0.8000000000000007,0.7500000000000004,0.40000000000000036,0.5,0.4500000000000002,0,0,0,,1
48,44,0.8000000000000007,0.9000000000000004,0.8500000000000005,0.40000000000000036,0.5,0.4500000000000002,1,0,1,1.0,1
49,44,0.9000000000000004,1.0,0.9500000000000002,0.40000000000000036,0.5,0.4500000000000002,6,0,6,1.0,0
50,44,1.0,1.1000000000000005,1.0500000000000003,0.40000000000000036,0.5,0.4500000000000002,1,1,2,0.5,1
51,44,1.1000000000000005,1.2000000000000002,1.1500000000000004,0.40000000000000036,0.5,0.4500000000000002,2,3,5,0.4,0
52,44,1.2000000000000002,1.3000000000000007,1.2500000000000004,0.40000000000000036,0.5,0.4500000000000002,1,2,3,0.3333333333333333,1
53,44,1.3000000000000007,1.4000000000000004,1.3500000000000005,0.40000000000000036,0.5,0.4500000000000002,5,0,5,1.0,0
54,44,1.4000000000000004,1.5,1.4500000000000002,0.40000000000000036,0.5,0.4500000000000002,1,0,1,1.0,1
55,44,1.5,1.6000000000000005,1.5500000000000003,0.40000000000000036,0.5,0.4500000000000002,0,0,0,,1
56,44,1.6000000000000005,1.7000000000000002,1.6500000000000004,0.40000000000000036,0.5,0.4500000000000002,0,0,0,,1
57,44,1.7000000000000002,1.8000000000000007,1.7500000000000004,0.40000000000000036,0.5,0.4500000000000002,0,1,1,0.0,1
58,44,1.8000000000000007,1.9000000000000004,1.8500000000000005,0.40000000000000036,0.5,0.4500000000000002,0,1,1,0.0,1
59,44,1.9000000000000004,2.0,1.9500000000000002,0.40000000000000036,0.5,0.4500000000000002,0,0,0,,1
60,44,2.0,2.1000000000000005,2.0500000000000003,0.40000000000000036,0.5,0.4500000000000002,0,1,1,0.0,1
61,44,2.1000000000000005,2.2,2.1500000000000004,0.40000000000000036,0.5,0.4500000000000002,0,1,1,0.0,1
62,44,2.2,2.3000000000000007,2.2500000000000004,0.40000000000000036,0.5,0.4500000000000002,0,1,1,0.0,1
63,44,2.3000000000000007,2.4000000000000004,2.3500000000000005,0.40000000000000036,0.5,0.4500000000000002,0,1,1,0.0,1
64,44,2.4000000000000004,2.5,2.45,0.40000000000000036,0.5,0.4500000000000002,0,2,2,0.0,1
65,44,2.5,2.6000000000000005,2.5500000000000003,0.40000000000000036,0.5,0.4500000000000002,0,0,0,,1
66,44,2.6000000000000005,2.7,2.6500000000000004,0.40000000000000036,0.5,0.4500000000000002,0,0,0,,1
67,44,2.7,2.8000000000000007,2.7500000000000004,0.40000000000000036,0.5,0.4500000000000002,0,0,0,,1
68,44,2.8000000000000007,2.9000000000000004,2.8500000000000005,0.40000000000000036,0.5,0.4500000000000002,0,0,0,,1
69,44,2.9000000000000004,3.0,2.95,0.40000000000000036,0.5,0.4500000000000002,0,0,0,,1
70,44,3.0,3.1000000000000005,3.0500000000000003,0.40000000000000036,0.5,0.4500000000000002,0,0,0,,1
71,44,3.1000000000000005,3.2,3.1500000000000004,0.40000000000000036,0.5,0.4500000000000002,0,0,0,,1
72,44,3.2,3.3000000000000007,3.2500000000000004,0.40000000000000036,0.5,0.4500000000000002,0,0,0,,1
73,44,3.3000000000000007,3.4000000000000004,3.3500000000000005,0.40000000000000036,0.5,0.4500000000000002,0,0,0,,1
74,44,3.4000000000000004,3.5,3.45,0.40000000000000036,0.5,0.4500000000000002,0,0,0,,1
75,44,3.5,3.6000000000000005,3.5500000000000003,0.40000000000000036,0.5,0.4500000000000002,0,0,0,,1
76,44,3.6000000000000005,3.7,3.6500000000000004,0.40000000000000036,0.5,0.4500000000000002,0,0,0,,1
77,44,3.7,3.8000000000000007,3.7500000000000004,0.40000000000000036,0.5,0.4500000000000002,0,0,0,,1
78,44,3.8000000000000007,3.9000000000000004,3.8500000000000005,0.40000000000000036,0.5,0.4500000000000002,0,0,0,,1
79,44,3.9000000000000004,4.0,3.95,0.40000000000000036,0.5,0.4500000000000002,0,0,0,,1
0,45,-4.0,-3.9,-3.95,0.5,0.6000000000000005,0.5500000000000003,0,0,0,,1
1,45,-3.9,-3.8,-3.8499999999999996,0.5,0.6000000000000005,0.5500000000000003,0,0,0,,1
2,45,-3.8,-3.7,-3.75,0.5,0.6000000000000005,0.5500000000000003,0,0,0,,1
3,45,-3.7,-3.6,-3.6500000000000004,0.5,0.6000000000000005,0.5500000000000003,0,0,0,,1
4,45,-3.6,-3.5,-3.55,0.5,0.6000000000000005,0.5500000000000003,0,0,0,,1
5,45,-3.5,-3.4,-3.45,0.5,0.6000000000000005,0.5500000000000003,0,0,0,,1
6,45,-3.4,-3.3,-3.3499999999999996,0.5,0.6000000000000005,0.5500000000000003,0,0,0,,1
7,45,-3.3,-3.2,-3.25,0.5,0.6000000000000005,0.5500000000000003,0,0,0,,1
8,45,-3.2,-3.1,-3.1500000000000004,0.5,0.6000000000000005,0.5500000000000003,0,0,0,,1
9,45,-3.1,-3.0,-3.05,0.5,0.6000000000000005,0.5500000000000003,1,0,1,1.0,1
10,45,-3.0,-2.9,-2.95,0.5,0.6000000000000005,0.5500000000000003,0,0,0,,1
11,45,-2.9,-2.8,-2.8499999999999996,0.5,0.6000000000000005,0.5500000000000003,1,0,1,1.0,1
12,45,-2.8,-2.7,-2.75,0.5,0.6000000000000005,0.5500000000000003,1,0,1,1.0,1
13,45,-2.7,-2.5999999999999996,-2.65,0.5,0.6000000000000005,0.5500000000000003,0,0,0,,1
14,45,-2.5999999999999996,-2.5,-2.55,0.5,0.6000000000000005,0.5500000000000003,1,0,1,1.0,1
15,45,-2.5,-2.4,-2.45,0.5,0.6000000000000005,0.5500000000000003,0,0,0,,1
16,45,-2.4,-2.3,-2.3499999999999996,0.5,0.6000000000000005,0.5500000000000003,0,0,0,,1
17,45,-2.3,-2.2,-2.25,0.5,0.6000000000000005,0.5500000000000003,1,0,1,1.0,1
18,45,-2.2,-2.0999999999999996,-2.15,0.5,0.6000000000000005,0.5500000000000003,0,0,0,,1
19,45,-2.0999999999999996,-2.0,-2.05,0.5,0.6000000000000005,0.5500000000000003,1,0,1,1.0,1
20,45,-2.0,-1.9,-1.95,0.5,0.6000000000000005,0.5500000000000003,0,1,1,0.0,1
21,45,-1.9,-1.7999999999999998,-1.8499999999999999,0.5,0.6000000000000005,0.5500000000000003,1,0,1,1.0,1
22,45,-1.7999999999999998,-1.6999999999999997,-1.7499999999999998,0.5,0.6000000000000005,0.5500000000000003,2,0,2,1.0,1
23,45,-1.6999999999999997,-1.5999999999999996,-1.6499999999999997,0.5,0.6000000000000005,0.5500000000000003,1,1,2,0.5,1
24,45,-1.5999999999999996,-1.5,-1.5499999999999998,0.5,0.6000000000000005,0.5500000000000003,2,1,3,0.6666666666666666,1
25,45,-1.5,-1.4,-1.45,0.5,0.6000000000000005,0.5500000000000003,2,1,3,0.6666666666666666,1
26,45,-1.4,-1.2999999999999998,-1.3499999999999999,0.5,0.6000000000000005,0.5500000000000003,6,2,8,0.75,0
27,45,-1.2999999999999998,-1.1999999999999997,-1.2499999999999998,0.5,0.6000000000000005,0.5500000000000003,2,2,4,0.5,1
28,45,-1.1999999999999997,-1.0999999999999996,-1.1499999999999997,0.5,0.6000000000000005,0.5500000000000003,3,0,3,1.0,1
29,45,-1.0999999999999996,-1.0,-1.0499999999999998,0.5,0.6000000000000005,0.5500000000000003,3,0,3,1.0,1
30,45,-1.0,-0.8999999999999999,-0.95,0.5,0.6000000000000005,0.5500000000000003,1,3,4,0.25,1
31,45,-0.8999999999999999,-0.7999999999999998,-0.8499999999999999,0.5,0.6000000000000005,0.5500000000000003,1,2,3,0.3333333333333333,1
32,45,-0.7999999999999998,-0.6999999999999997,-0.7499999999999998,0.5,0.6000000000000005,0.5500000000000003,0,0,0,,1
33,45,-0.6999999999999997,-0.5999999999999996,-0.6499999999999997,0.5,0.6000000000000005,0.5500000000000003,0,0,0,,1
34,45,-0.5999999999999996,-0.5,-0.5499999999999998,0.5,0.6000000000000005,0.5500000000000003,0,0,0,,1
35,45,-0.5,-0.3999999999999999,-0.44999999999999996,0.5,0.6000000000000005,0.5500000000000003,0,0,0,,1
36,45,-0.3999999999999999,-0.2999999999999998,-0.34999999999999987,0.5,0.6000000000000005,0.5500000000000003,0,0,0,,1
37,45,-0.2999999999999998,-0.19999999999999973,-0.24999999999999978,0.5,0.6000000000000005,0.5500000000000003,0,0,0,,1
38,45,-0.19999999999999973,-0.09999999999999964,-0.1499999999999997,0.5,0.6000000000000005,0.5500000000000003,0,0,0,,1
39,45,-0.09999999999999964,0.0,-0.04999999999999982,0.5,0.6000000000000005,0.5500000000000003,0,0,0,,1
40,45,0.0,0.10000000000000053,0.050000000000000266,0.5,0.6000000000000005,0.5500000000000003,0,0,0,,1
41,45,0.10000000000000053,0.20000000000000018,0.15000000000000036,0.5,0.6000000000000005,0.5500000000000003,0,0,0,,1
42,45,0.20000000000000018,0.2999999999999998,0.25,0.5,0.6000000000000005,0.5500000000000003,0,0,0,,1
43,45,0.2999999999999998,0.40000000000000036,0.3500000000000001,0.5,0.6000000000000005,0.5500000000000003,0,0,0,,1
44,45,0.40000000000000036,0.5,0.4500000000000002,0.5,0.6000000000000005,0.5500000000000003,0,0,0,,1
45,45,0.5,0.6000000000000005,0.5500000000000003,0.5,0.6000000000000005,0.5500000000000003,0,0,0,,1
46,45,0.6000000000000005,0.7000000000000002,0.6500000000000004,0.5,0.6000000000000005,0.5500000000000003,0,0,0,,1
47,45,0.7000000000000002,0.8000000000000007,0.7500000000000004,0.5,0.6000000000000005,0.5500000000000003,0,0,0,,1
48,45,0.8000000000000007,0.9000000000000004,0.8500000000000005,0.5,0.6000000000000005,0.5500000000000003,1,0,1,1.0,1
49,45,0.9000000000000004,1.0,0.9500000000000002,0.5,0.6000000000000005,0.5500000000000003,6,0,6,1.0,0
50,45,1.0,1.1000000000000005,1.0500000000000003,0.5,0.6000000000000005,0.5500000000000003,6,5,11,0.5454545454545454,0
51,45,1.1000000000000005,1.2000000000000002,1.1500000000000004,0.5,0.6000000000000005,0.5500000000000003,0,1,1,0.0,1
52,45,1.2000000000000002,1.3000000000000007,1.2500000000000004,0.5,0.6000000000000005,0.5500000000000003,5,0,5,1.0,0
53,45,1.3000000000000007,1.4000000000000004,1.3500000000000005,0.5,0.6000000000000005,0.5500000000000003,1,2,3,0.3333333333333333,1
54,45,1.4000000000000004,1.5,1.4500000000000002,0.5,0.6000000000000005,0.5500000000000003,3,1,4,0.75,1
55,45,1.5,1.6000000000000005,1.5500000000000003,0.5,0.6000000000000005,0.5500000000000003,0,1,1,0.0,1
56,45,1.6000000000000005,1.7000000000000002,1.6500000000000004,0.5,0.6000000000000005,0.5500000000000003,0,2,2,0.0,1
57,45,1.7000000000000002,1.8000000000000007,1.7500000000000004,0.5,0.6000000000000005,0.5500000000000003,0,1,1,0.0,1
58,45,1.8000000000000007,1.9000000000000004,1.8500000000000005,0.5,0.6000000000000005,0.5500000000000003,0,2,2,0.0,1
59,45,1.9000000000000004,2.0,1.9500000000000002,0.5,0.6000000000000005,0.5500000000000003,0,2,2,0.0,1
60,45,2.0,2.1000000000000005,2.0500000000000003,0.5,0.6000000000000005,0.5500000000000003,0,2,2,0.0,1
61,45,2.1000000000000005,2.2,2.1500000000000004,0.5,0.6000000000000005,0.5500000000000003,0,3,3,0.0,1
62,45,2.2,2.3000000000000007,2.2500000000000004,0.5,0.6000000000000005,0.5500000000000003,0,3,3,0.0,1
63,45,2.3000000000000007,2.4000000000000004,2.3500000000000005,0.5,0.6000000000000005,0.5500000000000003,0,3,3,0.0,1
64,45,2.4000000000000004,2.5,2.45,0.5,0.6000000000000005,0.5500000000000003,0,0,0,,1
65,45,2.5,2.6000000000000005,2.5500000000000003,0.5,0.6000000000000005,0.5500000000000003,0,0,0,,1
66,45,2.6000000000000005,2.7,2.6500000000000004,0.5,0.6000000000000005,0.5500000000000003,0,0,0,,1
67,45,2.7,2.8000000000000007,2.7500000000000004,0.5,0.6000000000000005,0.5500000000000003,0,0,0,,1
68,45,2.8000000000000007,2.9000000000000004,2.8500000000000005,0.5,0.6000000000000005,0.5500000000000003,0,0,0,,1
69,45,2.9000000000000004,3.0,2.95,0.5,0.6000000000000005,0.5500000000000003,0,0,0,,1
70,45,3.0,3.1000000000000005,3.0500000000000003,0.5,0.6000000000000005,0.5500000000000003,0,0,0,,1
71,45,3.1000000000000005,3.2,3.1500000000000004,0.5,0.6000000000000005,0.5500000000000003,0,0,0,,1
72,45,3.2,3.3000000000000007,3.2500000000000004,0.5,0.6000000000000005,0.5500000000000003,0,0,0,,1
73,45,3.3000000000000007,3.4000000000000004,3.3500000000000005,0.5,0.6000000000000005,0.5500000000000003,0,0,0,,1
74,45,3.4000000000000004,3.5,3.45,0.5,0.6000000000000005,0.5500000000000003,0,0,0,,1
75,45,3.5,3.6000000000000005,3.5500000000000003,0.5,0.6000000000000005,0.5500000000000003,0,0,0,,1
76,45,3.6000000000000005,3.7,3.6500000000000004,0.5,0.6000000000000005,0.5500000000000003,0,0,0,,1
77,45,3.7,3.8000000000000007,3.7500000000000004,0.5,0.6000000000000005,0.5500000000000003,0,0,0,,1
78,45,3.8000000000000007,3.9000000000000004,3.8500000000000005,0.5,0.6000000000000005,0.5500000000000003,0,0,0,,1
79,45,3.9000000000000004,4.0,3.95,0.5,0.6000000000000005,0.5500000000000003,0,0,0,,1
0,46,-4.0,-3.9,-3.95,0.6000000000000005,0.7000000000000002,0.6500000000000004,0,0,0,,1
1,46,-3.9,-3.8,-3.8499999999999996,0.6000000000000005,0.7000000000000002,0.6500000000000004,0,0,0,,1
2,46,-3.8,-3.7,-3.75,0.6000000000000005,0.7000000000000002,0.6500000000000004,0,0,0,,1
3,46,-3.7,-3.6,-3.6500000000000004,0.6000000000000005,0.7000000000000002,0.6500000000000004,0,0,0,,1
4,46,-3.6,-3.5,-3.55,0.6000000000000005,0.7000000000000002,0.6500000000000004,0,0,0,,1
5,46,-3.5,-3.4,-3.45,0.6000000000000005,0.7000000000000002,0.6500000000000004,0,0,0,,1
6,46,-3.4,-3.3,-3.3499999999999996,0.6000000000000005,0.7000000000000002,0.6500000000000004,0,0,0,,1
7,46,-3.3,-3.2,-3.25,0.6000000000000005,0.7000000000000002,0.6500000000000004,0,0,0,,1
8,46,-3.2,-3.1,-3.1500000000000004,0.6000000000000005,0.7000000000000002,0.6500000000000004,0,0,0,,1
9,46,-3.1,-3.0,-3.05,0.6000000000000005,0.7000000000000002,0.6500000000000004,1,0,1,1.0,1
10,46,-3.0,-2.9,-2.95,0.6000000000000005,0.7000000000000002,0.6500000000000004,1,0,1,1.0,1
11,46,-2.9,-2.8,-2.8499999999999996,0.6000000000000005,0.7000000000000002,0.6500000000000004,1,0,1,1.0,1
12,46,-2.8,-2.7,-2.75,0.6000000000000005,0.7000000000000002,0.6500000000000004,0,0,0,,1
13,46,-2.7,-2.5999999999999996,-2.65,0.6000000000000005,0.7000000000000002,0.6500000000000004,0,0,0,,1
14,46,-2.5999999999999996,-2.5,-2.55,0.6000000000000005,0.7000000000000002,0.6500000000000004,0,0,0,,1
15,46,-2.5,-2.4,-2.45,0.6000000000000005,0.7000000000000002,0.6500000000000004,0,0,0,,1
16,46,-2.4,-2.3,-2.3499999999999996,0.6000000000000005,0.7000000000000002,0.6500000000000004,0,0,0,,1
17,46,-2.3,-2.2,-2.25,0.6000000000000005,0.7000000000000002,0.6500000000000004,0,0,0,,1
18,46,-2.2,-2.0999999999999996,-2.15,0.6000000000000005,0.7000000000000002,0.6500000000000004,0,0,0,,1
19,46,-2.0999999999999996,-2.0,-2.05,0.6000000000000005,0.7000000000000002,0.6500000000000004,1,0,1,1.0,1
20,46,-2.0,-1.9,-1.95,0.6000000000000005,0.7000000000000002,0.6500000000000004,1,0,1,1.0,1
21,46,-1.9,-1.7999999999999998,-1.8499999999999999,0.6000000000000005,0.7000000000000002,0.6500000000000004,2,0,2,1.0,1
22,46,-1.7999999999999998,-1.6999999999999997,-1.7499999999999998,0.6000000000000005,0.7000000000000002,0.6500000000000004,0,1,1,0.0,1
23,46,-1.6999999999999997,-1.5999999999999996,-1.6499999999999997,0.6000000000000005,0.7000000000000002,0.6500000000000004,2,2,4,0.5,1
24,46,-1.5999999999999996,-1.5,-1.5499999999999998,0.6000000000000005,0.7000000000000002,0.6500000000000004,1,0,1,1.0,1
25,46,-1.5,-1.4,-1.45,0.6000000000000005,0.7000000000000002,0.6500000000000004,2,3,5,0.4,0
26,46,-1.4,-1.2999999999999998,-1.3499999999999999,0.6000000000000005,0.7000000000000002,0.6500000000000004,6,2,8,0.75,0
27,46,-1.2999999999999998,-1.1999999999999997,-1.2499999999999998,0.6000000000000005,0.7000000000000002,0.6500000000000004,4,0,4,1.0,1
28,46,-1.1999999999999997,-1.0999999999999996,-1.1499999999999997,0.6000000000000005,0.7000000000000002,0.6500000000000004,1,2,3,0.3333333333333333,1
29,46,-1.0999999999999996,-1.0,-1.0499999999999998,0.6000000000000005,0.7000000000000002,0.6500000000000004,4,0,4,1.0,1
30,46,-1.0,-0.8999999999999999,-0.95,0.6000000000000005,0.7000000000000002,0.6500000000000004,0,1,1,0.0,1
31,46,-0.8999999999999999,-0.7999999999999998,-0.8499999999999999,0.6000000000000005,0.7000000000000002,0.6500000000000004,4,2,6,0.6666666666666666,0
32,46,-0.7999999999999998,-0.6999999999999997,-0.7499999999999998,0.6000000000000005,0.7000000000000002,0.6500000000000004,0,0,0,,1
33,46,-0.6999999999999997,-0.5999999999999996,-0.6499999999999997,0.6000000000000005,0.7000000000000002,0.6500000000000004,0,0,0,,1
34,46,-0.5999999999999996,-0.5,-0.5499999999999998,0.6000000000000005,0.7000000000000002,0.6500000000000004,0,0,0,,1
35,46,-0.5,-0.3999999999999999,-0.44999999999999996,0.6000000000000005,0.7000000000000002,0.6500000000000004,0,0,0,,1
36,46,-0.3999999999999999,-0.2999999999999998,-0.34999999999999987,0.6000000000000005,0.7000000000000002,0.6500000000000004,0,0,0,,1
37,46,-0.2999999999999998,-0.19999999999999973,-0.24999999999999978,0.6000000000000005,0.7000000000000002,0.6500000000000004,0,0,0,,1
38,46,-0.19999999999999973,-0.09999999999999964,-0.1499999999999997,0.6000000000000005,0.7000000000000002,0.6500000000000004,0,0,0,,1
39,46,-0.09999999999999964,0.0,-0.04999999999999982,0.6000000000000005,0.7000000000000002,0.6500000000000004,0,0,0,,1
40,46,0.0,0.10000000000000053,0.050000000000000266,0.6000000000000005,0.7000000000000002,0.6500000000000004,0,0,0,,1
41,46,0.10000000000000053,0.20000000000000018,0.15000000000000036,0.6000000000000005,0.7000000000000002,0.6500000000000004,0,0,0,,1
42,46,0.20000000000000018,0.2999999999999998,0.25,0.6000000000000005,0.7000000000000002,0.6500000000000004,0,0,0,,1
43,46,0.2999999999999998,0.40000000000000036,0.3500000000000001,0.6000000000000005,0.7000000000000002,0.6500000000000004,0,0,0,,1
44,46,0.40000000000000036,0.5,0.4500000000000002,0.6000000000000005,0.7000000000000002,0.6500000000000004,0,0,0,,1
45,46,0.5,0.6000000000000005,0.5500000000000003,0.6000000000000005,0.7000000000000002,0.6500000000000004,0,0,0,,1
46,46,0.6000000000000005,0.7000000000000002,0.6500000000000004,0.6000000000000005,0.7000000000000002,0.6500000000000004,0,0,0,,1
47,46,0.7000000000000002,0.8000000000000007,0.7500000000000004,0.6000000000000005,0.7000000000000002,0.6500000000000004,4,0,4,1.0,1
48,46,0.8000000000000007,0.9000000000000004,0.8500000000000005,0.6000000000000005,0.7000000000000002,0.6500000000000004,5,0,5,1.0,0
49,46,0.9000000000000004,1.0,0.9500000000000002,0.6000000000000005,0.7000000000000002,0.6500000000000004,10,0,10,1.0,0
50,46,1.0,1.1000000000000005,1.0500000000000003,0.6000000000000005,0.7000000000000002,0.6500000000000004,1,2,3,0.3333333333333333,1
51,46,1.1000000000000005,1.2000000000000002,1.1500000000000004,0.6000000000000005,0.7000000000000002,0.6500000000000004,1,0,1,1.0,1
52,46,1.2000000000000002,1.3000000000000007,1.2500000000000004,0.6000000000000005,0.7000000000000002,0.6500000000000004,3,1,4,0.75,1
53,46,1.3000000000000007,1.4000000000000004,1.3500000000000005,0.6000000000000005,0.7000000000000002,0.6500000000000004,1,1,2,0.5,1
54,46,1.4000000000000004,1.5,1.4500000000000002,0.6000000000000005,0.7000000000000002,0.6500000000000004,1,2,3,0.3333333333333333,1
55,46,1.5,1.6000000000000005,1.5500000000000003,0.6000000000000005,0.7000000000000002,0.6500000000000004,0,0,0,,1
56,46,1.6000000000000005,1.7000000000000002,1.6500000000000004,0.6000000000000005,0.7000000000000002,0.6500000000000004,0,0,0,,1
57,46,1.7000000000000002,1.8000000000000007,1.7500000000000004,0.6000000000000005,0.7000000000000002,0.6500000000000004,0,2,2,0.0,1
58,46,1.8000000000000007,1.9000000000000004,1.8500000000000005,0.6000000000000005,0.7000000000000002,0.6500000000000004,0,0,0,,1
59,46,1.9000000000000004,2.0,1.9500000000000002,0.6000000000000005,0.7000000000000002,0.6500000000000004,0,3,3,0.0,1
60,46,2.0,2.1000000000000005,2.0500000000000003,0.6000000000000005,0.7000000000000002,0.6500000000000004,0,3,3,0.0,1
61,46,2.1000000000000005,2.2,2.1500000000000004,0.6000000000000005,0.7000000000000002,0.6500000000000004,0,2,2,0.0,1
62,46,2.2,2.3000000000000007,2.2500000000000004,0.6000000000000005,0.7000000000000002,0.6500000000000004,0,0,0,,1
63,46,2.3000000000000007,2.4000000000000004,2.3500000000000005,0.6000000000000005,0.7000000000000002,0.6500000000000004,0,0,0,,1
64,46,2.4000000000000004,2.5,2.45,0.6000000000000005,0.7000000000000002,0.6500000000000004,0,0,0,,1
65,46,2.5,2.6000000000000005,2.5500000000000003,0.6000000000000005,0.7000000000000002,0.6500000000000004,0,0,0,,1
66,46,2.6000000000000005,2.7,2.6500000000000004,0.6000000000000005,0.7000000000000002,0.6500000000000004,0,0,0,,1
67,46,2.7,2.8000000000000007,2.7500000000000004,0.6000000000000005,0.7000000000000002,0.6500000000000004,0,0,0,,1
68,46,2.8000000000000007,2.9000000000000004,2.8500000000000005,0.6000000000000005,0.7000000000000002,0.6500000000000004,0,0,0,,1
69,46,2.9000000000000004,3.0,2.95,0.6000000000000005,0.7000000000000002,0.6500000000000004,0,0,0,,1
70,46,3.0,3.1000000000000005,3.0500000000000003,0.6000000000000005,0.7000000000000002,0.6500000000000004,0,0,0,,1
71,46,3.1000000000000005,3.2,3.1500000000000004,0.6000000000000005,0.7000000000000002,0.6500000000000004,0,0,0,,1
72,46,3.2,3.3000000000000007,3.2500000000000004,0.6000000000000005,0.7000000000000002,0.6500000000000004,0,0,0,,1
73,46,3.3000000000000007,3.4000000000000004,3.3500000000000005,0.6000000000000005,0.7000000000000002,0.6500000000000004,0,0,0,,1
74,46,3.4000000000000004,3.5,3.45,0.6000000000000005,0.7000000000000002,0.6500000000000004,0,0,0,,1
75,46,3.5,3.6000000000000005,3.5500000000000003,0.6000000000000005,0.7000000000000002,0.6500000000000004,0,0,0,,1
76,46,3.6000000000000005,3.7,3.6500000000000004,0.6000000000000005,0.7000000000000002,0.6500000000000004,0,0,0,,1
77,46,3.7,3.8000000000000007,3.7500000000000004,0.6000000000000005,0.7000000000000002,0.6500000000000004,0,0,0,,1
78,46,3.8000000000000007,3.9000000000000004,3.8500000000000005,0.6000000000000005,0.7000000000000002,0.6500000000000004,0,0,0,,1
79,46,3.9000000000000004,4.0,3.95,0.6000000000000005,0.7000000000000002,0.6500000000000004,0,0,0,,1
0,47,-4.0,-3.9,-3.95,0.7000000000000002,0.8000000000000007,0.7500000000000004,0,0,0,,1
1,47,-3.9,-3.8,-3.8499999999999996,0.7000000000000002,0.8000000000000007,0.7500000000000004,0,0,0,,1
2,47,-3.8,-3.7,-3.75,0.7000000000000002,0.8000000000000007,0.7500000000000004,0,0,0,,1
3,47,-3.7,-3.6,-3.6500000000000004,0.7000000000000002,0.8000000000000007,0.7500000000000004,0,0,0,,1
4,47,-3.6,-3.5,-3.55,0.7000000000000002,0.8000000000000007,0.7500000000000004,0,0,0,,1
5,47,-3.5,-3.4,-3.45,0.7000000000000002,0.8000000000000007,0.7500000000000004,0,0,0,,1
6,47,-3.4,-3.3,-3.3499999999999996,0.7000000000000002,0.8000000000000007,0.7500000000000004,0,0,0,,1
7,47,-3.3,-3.2,-3.25,0.7000000000000002,0.8000000000000007,0.7500000000000004,0,0,0,,1
8,47,-3.2,-3.1,-3.1500000000000004,0.7000000000000002,0.8000000000000007,0.7500000000000004,2,0,2,1.0,1
9,47,-3.1,-3.0,-3.05,0.7000000000000002,0.8000000000000007,0.7500000000000004,0,0,0,,1
10,47,-3.0,-2.9,-2.95,0.7000000000000002,0.8000000000000007,0.7500000000000004,1,0,1,1.0,1
11,47,-2.9,-2.8,-2.8499999999999996,0.7000000000000002,0.8000000000000007,0.7500000000000004,0,0,0,,1
12,47,-2.8,-2.7,-2.75,0.7000000000000002,0.8000000000000007,0.7500000000000004,0,0,0,,1
13,47,-2.7,-2.5999999999999996,-2.65,0.7000000000000002,0.8000000000000007,0.7500000000000004,0,0,0,,1
14,47,-2.5999999999999996,-2.5,-2.55,0.7000000000000002,0.8000000000000007,0.7500000000000004,0,0,0,,1
15,47,-2.5,-2.4,-2.45,0.7000000000000002,0.8000000000000007,0.7500000000000004,0,0,0,,1
16,47,-2.4,-2.3,-2.3499999999999996,0.7000000000000002,0.8000000000000007,0.7500000000000004,0,0,0,,1
17,47,-2.3,-2.2,-2.25,0.7000000000000002,0.8000000000000007,0.7500000000000004,0,0,0,,1
18,47,-2.2,-2.0999999999999996,-2.15,0.7000000000000002,0.8000000000000007,0.7500000000000004,1,0,1,1.0,1
19,47,-2.0999999999999996,-2.0,-2.05,0.7000000000000002,0.8000000000000007,0.7500000000000004,1,0,1,1.0,1
20,47,-2.0,-1.9,-1.95,0.7000000000000002,0.8000000000000007,0.7500000000000004,1,0,1,1.0,1
21,47,-1.9,-1.7999999999999998,-1.8499999999999999,0.7000000000000002,0.8000000000000007,0.7500000000000004,1,1,2,0.5,1
22,47,-1.7999999999999998,-1.6999999999999997,-1.7499999999999998,0.7000000000000002,0.8000000000000007,0.7500000000000004,3,1,4,0.75,1
23,47,-1.6999999999999997,-1.5999999999999996,-1.6499999999999997,0.7000000000000002,0.8000000000000007,0.7500000000000004,2,0,2,1.0,1
24,47,-1.5999999999999996,-1.5,-1.5499999999999998,0.7000000000000002,0.8000000000000007,0.7500000000000004,3,0,3,1.0,1
25,47,-1.5,-1.4,-1.45,0.7000000000000002,0.8000000000000007,0.7500000000000004,2,1,3,0.6666666666666666,1
26,47,-1.4,-1.2999999999999998,-1.3499999999999999,0.7000000000000002,0.8000000000000007,0.7500000000000004,5,2,7,0.7142857142857143,0
27,47,-1.2999999999999998,-1.1999999999999997,-1.2499999999999998,0.7000000000000002,0.8000000000000007,0.7500000000000004,2,1,3,0.6666666666666666,1
28,47,-1.1999999999999997,-1.0999999999999996,-1.1499999999999997,0.7000000000000002,0.8000000000000007,0.7500000000000004,4,2,6,0.6666666666666666,0
29,47,-1.0999999999999996,-1.0,-1.0499999999999998,0.7000000000000002,0.8000000000000007,0.7500000000000004,2,1,3,0.6666666666666666,1
30,47,-1.0,-0.8999999999999999,-0.95,0.7000000000000002,0.8000000000000007,0.7500000000000004,0,1,1,0.0,1
31,47,-0.8999999999999999,-0.7999999999999998,-0.8499999999999999,0.7000000000000002,0.8000000000000007,0.7500000000000004,0,1,1,0.0,1
32,47,-0.7999999999999998,-0.6999999999999997,-0.7499999999999998,0.7000000000000002,0.8000000000000007,0.7500000000000004,13,1,14,0.9285714285714286,0
33,47,-0.6999999999999997,-0.5999999999999996,-0.6499999999999997,0.7000000000000002,0.8000000000000007,0.7500000000000004,0,0,0,,1
34,47,-0.5999999999999996,-0.5,-0.5499999999999998,0.7000000000000002,0.8000000000000007,0.7500000000000004,0,0,0,,1
35,47,-0.5,-0.3999999999999999,-0.44999999999999996,0.7000000000000002,0.8000000000000007,0.7500000000000004,0,0,0,,1
36,47,-0.3999999999999999,-0.2999999999999998,-0.34999999999999987,0.7000000000000002,0.8000000000000007,0.7500000000000004,0,0,0,,1
37,47,-0.2999999999999998,-0.19999999999999973,-0.24999999999999978,0.7000000000000002,0.8000000000000007,0.7500000000000004,0,0,0,,1
38,47,-0.19999999999999973,-0.09999999999999964,-0.1499999999999997,0.7000000000000002,0.8000000000000007,0.7500000000000004,0,0,0,,1
39,47,-0.09999999999999964,0.0,-0.04999999999999982,0.7000000000000002,0.8000000000000007,0.7500000000000004,0,0,0,,1
40,47,0.0,0.10000000000000053,0.050000000000000266,0.7000000000000002,0.8000000000000007,0.7500000000000004,0,0,0,,1
41,47,0.10000000000000053,0.20000000000000018,0.15000000000000036,0.7000000000000002,0.8000000000000007,0.7500000000000004,0,0,0,,1
42,47,0.20000000000000018,0.2999999999999998,0.25,0.7000000000000002,0.8000000000000007,0.7500000000000004,0,0,0,,1
43,47,0.2999999999999998,0.40000000000000036,0.3500000000000001,0.7000000000000002,0.8000000000000007,0.7500000000000004,0,0,0,,1
44,47,0.40000000000000036,0.5,0.4500000000000002,0.7000000000000002,0.8000000000000007,0.7500000000000004,0,0,0,,1
45,47,0.5,0.6000000000000005,0.5500000000000003,0.7000000000000002,0.8000000000000007,0.7500000000000004,0,0,0,,1
46,47,0.6000000000000005,0.7000000000000002,0.6500000000000004,0.7000000000000002,0.8000000000000007,0.7500000000000004,0,0,0,,1
47,47,0.7000000000000002,0.8000000000000007,0.7500000000000004,0.7000000000000002,0.8000000000000007,0.7500000000000004,8,0,8,1.0,0
48,47,0.8000000000000007,0.9000000000000004,0.8500000000000005,0.7000000000000002,0.8000000000000007,0.7500000000000004,13,0,13,1.0,0
49,47,0.9000000000000004,1.0,0.9500000000000002,0.7000000000000002,0.8000000000000007,0.7500000000000004,4,0,4,1.0,1
50,47,1.0,1.1000000000000005,1.0500000000000003,0.7000000000000002,0.8000000000000007,0.7500000000000004,1,3,4,0.25,1
51,47,1.1000000000000005,1.2000000000000002,1.1500000000000004,0.7000000000000002,0.8000000000000007,0.7500000000000004,2,1,3,0.6666666666666666,1
52,47,1.2000000000000002,1.3000000000000007,1.2500000000000004,0.7000000000000002,0.8000000000000007,0.7500000000000004,4,1,5,0.8,0
53,47,1.3000000000000007,1.4000000000000004,1.3500000000000005,0.7000000000000002,0.8000000000000007,0.7500000000000004,1,0,1,1.0,1
54,47,1.4000000000000004,1.5,1.4500000000000002,0.7000000000000002,0.8000000000000007,0.7500000000000004,0,1,1,0.0,1
55,47,1.5,1.6000000000000005,1.5500000000000003,0.7000000000000002,0.8000000000000007,0.7500000000000004,0,2,2,0.0,1
56,47,1.6000000000000005,1.7000000000000002,1.6500000000000004,0.7000000000000002,0.8000000000000007,0.7500000000000004,0,1,1,0.0,1
57,47,1.7000000000000002,1.8000000000000007,1.7500000000000004,0.7000000000000002,0.8000000000000007,0.7500000000000004,0,3,3,0.0,1
58,47,1.8000000000000007,1.9000000000000004,1.8500000000000005,0.7000000000000002,0.8000000000000007,0.7500000000000004,0,3,3,0.0,1
59,47,1.9000000000000004,2.0,1.9500000000000002,0.7000000000000002,0.8000000000000007,0.7500000000000004,0,2,2,0.0,1
60,47,2.0,2.1000000000000005,2.0500000000000003,0.7000000000000002,0.8000000000000007,0.7500000000000004,0,0,0,,1
61,47,2.1000000000000005,2.2,2.1500000000000004,0.7000000000000002,0.8000000000000007,0.7500000000000004,0,0,0,,1
62,47,2.2,2.3000000000000007,2.2500000000000004,0.7000000000000002,0.8000000000000007,0.7500000000000004,0,0,0,,1
63,47,2.3000000000000007,2.4000000000000004,2.3500000000000005,0.7000000000000002,0.8000000000000007,0.7500000000000004,0,0,0,,1
64,47,2.4000000000000004,2.5,2.45,0.7000000000000002,0.8000000000000007,0.7500000000000004,0,0,0,,1
65,47,2.5,2.6000000000000005,2.5500000000000003,0.7000000000000002,0.8000000000000007,0.7500000000000004,0,0,0,,1
66,47,2.6000000000000005,2.7,2.6500000000000004,0.7000000000000002,0.8000000000000007,0.7500000000000004,0,0,0,,1
67,47,2.7,2.8000000000000007,2.7500000000000004,0.7000000000000002,0.8000000000000007,0.7500000000000004,0,0,0,,1
68,47,2.8000000000000007,2.9000000000000004,2.8500000000000005,0.7000000000000002,0.8000000000000007,0.7500000000000004,0,0,0,,1
69,47,2.9000000000000004,3.0,2.95,0.7000000000000002,0.8000000000000007,0.7500000000000004,0,0,0,,1
70,47,3.0,3.1000000000000005,3.0500000000000003,0.7000000000000002,0.8000000000000007,0.7500000000000004,0,0,0,,1
71,47,3.1000000000000005,3.2,3.1500000000000004,0.7000000000000002,0.8000000000000007,0.7500000000000004,0,0,0,,1
72,47,3.2,3.3000000000000007,3.2500000000000004,0.7000000000000002,0.8000000000000007,0.7500000000000004,0,0,0,,1
73,47,3.3000000000000007,3.4000000000000004,3.3500000000000005,0.7000000000000002,0.8000000000000007,0.7500000000000004,0,0,0,,1
74,47,3.4000000000000004,3.5,3.45,0.7000000000000002,0.8000000000000007,0.7500000000000004,0,0,0,,1
75,47,3.5,3.6000000000000005,3.5500000000000003,0.7000000000000002,0.8000000000000007,0.7500000000000004,0,0,0,,1
76,47,3.6000000000000005,3.7,3.6500000000000004,0.7000000000000002,0.8000000000000007,0.7500000000000004,0,0,0,,1
77,47,3.7,3.8000000000000007,3.7500000000000004,0.7000000000000002,0.8000000000000007,0.7500000000000004,0,0,0,,1
78,47,3.8000000000000007,3.9000000000000004,3.8500000000000005,0.7000000000000002,0.8000000000000007,0.7500000000000004,0,0,0,,1
79,47,3.9000000000000004,4.0,3.95,0.7000000000000002,0.8000000000000007,0.7500000000000004,0,0,0,,1
0,48,-4.0,-3.9,-3.95,0.8000000000000007,0.9000000000000004,0.8500000000000005,0,0,0,,1
1,48,-3.9,-3.8,-3.8499999999999996,0.8000000000000007,0.9000000000000004,0.8500000000000005,0,0,0,,1
2,48,-3.8,-3.7,-3.75,0.8000000000000007,0.9000000000000004,0.8500000000000005,0,0,0,,1
3,48,-3.7,-3.6,-3.6500000000000004,0.8000000000000007,0.9000000000000004,0.8500000000000005,0,0,0,,1
4,48,-3.6,-3.5,-3.55,0.8000000000000007,0.9000000000000004,0.8500000000000005,0,0,0,,1
5,48,-3.5,-3.4,-3.45,0.8000000000000007,0.9000000000000004,0.8500000000000005,0,0,0,,1
6,48,-3.4,-3.3,-3.3499999999999996,0.8000000000000007,0.9000000000000004,0.8500000000000005,0,0,0,,1
7,48,-3.3,-3.2,-3.25,0.8000000000000007,0.9000000000000004,0.8500000000000005,1,0,1,1.0,1
8,48,-3.2,-3.1,-3.1500000000000004,0.8000000000000007,0.9000000000000004,0.8500000000000005,0,0,0,,1
9,48,-3.1,-3.0,-3.05,0.8000000000000007,0.9000000000000004,0.8500000000000005,0,0,0,,1
10,48,-3.0,-2.9,-2.95,0.8000000000000007,0.9000000000000004,0.8500000000000005,0,0,0,,1
11,48,-2.9,-2.8,-2.8499999999999996,0.8000000000000007,0.9000000000000004,0.8500000000000005,0,0,0,,1
12,48,-2.8,-2.7,-2.75,0.8000000000000007,0.9000000000000004,0.8500000000000005,0,0,0,,1
13,48,-2.7,-2.5999999999999996,-2.65,0.8000000000000007,0.9000000000000004,0.8500000000000005,0,0,0,,1
14,48,-2.5999999999999996,-2.5,-2.55,0.8000000000000007,0.9000000000000004,0.8500000000000005,0,0,0,,1
15,48,-2.5,-2.4,-2.45,0.8000000000000007,0.9000000000000004,0.8500000000000005,0,0,0,,1
16,48,-2.4,-2.3,-2.3499999999999996,0.8000000000000007,0.9000000000000004,0.8500000000000005,0,0,0,,1
17,48,-2.3,-2.2,-2.25,0.8000000000000007,0.9000000000000004,0.8500000000000005,1,0,1,1.0,1
18,48,-2.2,-2.0999999999999996,-2.15,0.8000000000000007,0.9000000000000004,0.8500000000000005,1,0,1,1.0,1
19,48,-2.0999999999999996,-2.0,-2.05,0.8000000000000007,0.9000000000000004,0.8500000000000005,2,0,2,1.0,1
20,48,-2.0,-1.9,-1.95,0.8000000000000007,0.9000000000000004,0.8500000000000005,2,0,2,1.0,1
21,48,-1.9,-1.7999999999999998,-1.8499999999999999,0.8000000000000007,0.9000000000000004,0.8500000000000005,2,0,2,1.0,1
22,48,-1.7999999999999998,-1.6999999999999997,-1.7499999999999998,0.8000000000000007,0.9000000000000004,0.8500000000000005,3,0,3,1.0,1
23,48,-1.6999999999999997,-1.5999999999999996,-1.6499999999999997,0.8000000000000007,0.9000000000000004,0.8500000000000005,1,2,3,0.3333333333333333,1
24,48,-1.5999999999999996,-1.5,-1.5499999999999998,0.8000000000000007,0.9000000000000004,0.8500000000000005,0,0,0,,1
25,48,-1.5,-1.4,-1.45,0.8000000000000007,0.9000000000000004,0.8500000000000005,1,0,1,1.0,1
26,48,-1.4,-1.2999999999999998,-1.3499999999999999,0.8000000000000007,0.9000000000000004,0.8500000000000005,7,4,11,0.6363636363636364,0
27,48,-1.2999999999999998,-1.1999999999999997,-1.2499999999999998,0.8000000000000007,0.9000000000000004,0.8500000000000005,3,2,5,0.6,0
28,48,-1.1999999999999997,-1.0999999999999996,-1.1499999999999997,0.8000000000000007,0.9000000000000004,0.8500000000000005,0,0,0,,1
29,48,-1.0999999999999996,-1.0,-1.0499999999999998,0.8000000000000007,0.9000000000000004,0.8500000000000005,0,3,3,0.0,1
30,48,-1.0,-0.8999999999999999,-0.95,0.8000000000000007,0.9000000000000004,0.8500000000000005,0,0,0,,1
31,48,-0.8999999999999999,-0.7999999999999998,-0.8499999999999999,0.8000000000000007,0.9000000000000004,0.8500000000000005,6,2,8,0.75,0
32,48,-0.7999999999999998,-0.6999999999999997,-0.7499999999999998,0.8000000000000007,0.9000000000000004,0.8500000000000005,7,0,7,1.0,0
33,48,-0.6999999999999997,-0.5999999999999996,-0.6499999999999997,0.8000000000000007,0.9000000000000004,0.8500000000000005,0,1,1,0.0,1
34,48,-0.5999999999999996,-0.5,-0.5499999999999998,0.8000000000000007,0.9000000000000004,0.8500000000000005,0,0,0,,1
35,48,-0.5,-0.3999999999999999,-0.44999999999999996,0.8000000000000007,0.9000000000000004,0.8500000000000005,0,1,1,0.0,1
36,48,-0.3999999999999999,-0.2999999999999998,-0.34999999999999987,0.8000000000000007,0.9000000000000004,0.8500000000000005,0,0,0,,1
37,48,-0.2999999999999998,-0.19999999999999973,-0.24999999999999978,0.8000000000000007,0.9000000000000004,0.8500000000000005,0,0,0,,1
38,48,-0.19999999999999973,-0.09999999999999964,-0.1499999999999997,0.8000000000000007,0.9000000000000004,0.8500000000000005,0,0,0,,1
39,48,-0.09999999999999964,0.0,-0.04999999999999982,0.8000000000000007,0.9000000000000004,0.8500000000000005,0,0,0,,1
40,48,0.0,0.10000000000000053,0.050000000000000266,0.8000000000000007,0.9000000000000004,0.8500000000000005,0,0,0,,1
41,48,0.10000000000000053,0.20000000000000018,0.15000000000000036,0.8000000000000007,0.9000000000000004,0.8500000000000005,0,0,0,,1
42,48,0.20000000000000018,0.2999999999999998,0.25,0.8000000000000007,0.9000000000000004,0.8500000000000005,0,0,0,,1
43,48,0.2999999999999998,0.40000000000000036,0.3500000000000001,0.8000000000000007,0.9000000000000004,0.8500000000000005,0,0,0,,1
44,48,0.40000000000000036,0.5,0.4500000000000002,0.8000000000000007,0.9000000000000004,0.8500000000000005,0,0,0,,1
45,48,0.5,0.6000000000000005,0.5500000000000003,0.8000000000000007,0.9000000000000004,0.8500000000000005,0,0,0,,1
46,48,0.6000000000000005,0.7000000000000002,0.6500000000000004,0.8000000000000007,0.9000000000000004,0.8500000000000005,7,0,7,1.0,0
47,48,0.7000000000000002,0.8000000000000007,0.7500000000000004,0.8000000000000007,0.9000000000000004,0.8500000000000005,4,0,4,1.0,1
48,48,0.8000000000000007,0.9000000000000004,0.8500000000000005,0.8000000000000007,0.9000000000000004,0.8500000000000005,9,0,9,1.0,0
49,48,0.9000000000000004,1.0,0.9500000000000002,0.8000000000000007,0.9000000000000004,0.8500000000000005,3,2,5,0.6,0
50,48,1.0,1.1000000000000005,1.0500000000000003,0.8000000000000007,0.9000000000000004,0.8500000000000005,0,1,1,0.0,1
51,48,1.1000000000000005,1.2000000000000002,1.1500000000000004,0.8000000000000007,0.9000000000000004,0.8500000000000005,2,1,3,0.6666666666666666,1
52,48,1.2000000000000002,1.3000000000000007,1.2500000000000004,0.8000000000000007,0.9000000000000004,0.8500000000000005,2,0,2,1.0,1
53,48,1.3000000000000007,1.4000000000000004,1.3500000000000005,0.8000000000000007,0.9000000000000004,0.8500000000000005,0,1,1,0.0,1
54,48,1.4000000000000004,1.5,1.4500000000000002,0.8000000000000007,0.9000000000000004,0.8500000000000005,1,1,2,0.5,1
55,48,1.5,1.6000000000000005,1.5500000000000003,0.8000000000000007,0.9000000000000004,0.8500000000000005,0,1,1,0.0,1
56,48,1.6000000000000005,1.7000000000000002,1.6500000000000004,0.8000000000000007,0.9000000000000004,0.8500000000000005,0,5,5,0.0,0
57,48,1.7000000000000002,1.8000000000000007,1.7500000000000004,0.8000000000000007,0.9000000000000004,0.8500000000000005,0,1,1,0.0,1
58,48,1.8000000000000007,1.9000000000000004,1.8500000000000005,0.8000000000000007,0.9000000000000004,0.8500000000000005,0,1,1,0.0,1
59,48,1.9000000000000004,2.0,1.9500000000000002,0.8000000000000007,0.9000000000000004,0.8500000000000005,0,0,0,,1
60,48,2.0,2.1000000000000005,2.0500000000000003,0.8000000000000007,0.9000000000000004,0.8500000000000005,0,0,0,,1
61,48,2.1000000000000005,2.2,2.1500000000000004,0.8000000000000007,0.9000000000000004,0.8500000000000005,0,0,0,,1
62,48,2.2,2.3000000000000007,2.2500000000000004,0.8000000000000007,0.9000000000000004,0.8500000000000005,0,0,0,,1
63,48,2.3000000000000007,2.4000000000000004,2.3500000000000005,0.8000000000000007,0.9000000000000004,0.8500000000000005,0,0,0,,1
64,48,2.4000000000000004,2.5,2.45,0.8000000000000007,0.9000000000000004,0.8500000000000005,0,0,0,,1
65,48,2.5,2.6000000000000005,2.5500000000000003,0.8000000000000007,0.9000000000000004,0.8500000000000005,0,0,0,,1
66,48,2.6000000000000005,2.7,2.6500000000000004,0.8000000000000007,0.9000000000000004,0.8500000000000005,0,0,0,,1
67,48,2.7,2.8000000000000007,2.7500000000000004,0.8000000000000007,0.9000000000000004,0.8500000000000005,0,0,0,,1
68,48,2.8000000000000007,2.9000000000000004,2.8500000000000005,0.8000000000000007,0.9000000000000004,0.8500000000000005,0,0,0,,1
69,48,2.9000000000000004,3.0,2.95,0.8000000000000007,0.9000000000000004,0.8500000000000005,0,0,0,,1
70,48,3.0,3.1000000000000005,3.0500000000000003,0.8000000000000007,0.9000000000000004,0.8500000000000005,0,0,0,,1
71,48,3.1000000000000005,3.2,3.1500000000000004,0.8000000000000007,0.9000000000000004,0.8500000000000005,0,0,0,,1
72,48,3.2,3.3000000000000007,3.2500000000000004,0.8000000000000007,0.9000000000000004,0.8500000000000005,0,0,0,,1
73,48,3.3000000000000007,3.4000000000000004,3.3500000000000005,0.8000000000000007,0.9000000000000004,0.8500000000000005,0,0,0,,1
74,48,3.4000000000000004,3.5,3.45,0.8000000000000007,0.9000000000000004,0.8500000000000005,0,0,0,,1
75,48,3.5,3.6000000000000005,3.5500000000000003,0.8000000000000007,0.9000000000000004,0.8500000000000005,0,0,0,,1
76,48,3.6000000000000005,3.7,3.6500000000000004,0.8000000000000007,0.9000000000000004,0.8500000000000005,0,0,0,,1
77,48,3.7,3.8000000000000007,3.7500000000000004,0.8000000000000007,0.9000000000000004,0.8500000000000005,0,0,0,,1
78,48,3.8000000000000007,3.9000000000000004,3.8500000000000005,0.8000000000000007,0.9000000000000004,0.8500000000000005,0,0,0,,1
79,48,3.9000000000000004,4.0,3.95,0.8000000000000007,0.9000000000000004,0.8500000000000005,0,0,0,,1
0,49,-4.0,-3.9,-3.95,0.9000000000000004,1.0,0.9500000000000002,0,0,0,,1
1,49,-3.9,-3.8,-3.8499999999999996,0.9000000000000004,1.0,0.9500000000000002,0,0,0,,1
2,49,-3.8,-3.7,-3.75,0.9000000000000004,1.0,0.9500000000000002,0,0,0,,1
3,49,-3.7,-3.6,-3.6500000000000004,0.9000000000000004,1.0,0.9500000000000002,0,0,0,,1
4,49,-3.6,-3.5,-3.55,0.9000000000000004,1.0,0.9500000000000002,0,0,0,,1
5,49,-3.5,-3.4,-3.45,0.9000000000000004,1.0,0.9500000000000002,0,0,0,,1
6,49,-3.4,-3.3,-3.3499999999999996,0.9000000000000004,1.0,0.9500000000000002,0,0,0,,1
7,49,-3.3,-3.2,-3.25,0.9000000000000004,1.0,0.9500000000000002,0,0,0,,1
8,49,-3.2,-3.1,-3.1500000000000004,0.9000000000000004,1.0,0.9500000000000002,0,0,0,,1
9,49,-3.1,-3.0,-3.05,0.9000000000000004,1.0,0.9500000000000002,0,0,0,,1
10,49,-3.0,-2.9,-2.95,0.9000000000000004,1.0,0.9500000000000002,0,0,0,,1
11,49,-2.9,-2.8,-2.8499999999999996,0.9000000000000004,1.0,0.9500000000000002,0,0,0,,1
12,49,-2.8,-2.7,-2.75,0.9000000000000004,1.0,0.9500000000000002,0,0,0,,1
13,49,-2.7,-2.5999999999999996,-2.65,0.9000000000000004,1.0,0.9500000000000002,0,0,0,,1
14,49,-2.5999999999999996,-2.5,-2.55,0.9000000000000004,1.0,0.9500000000000002,0,0,0,,1
15,49,-2.5,-2.4,-2.45,0.9000000000000004,1.0,0.9500000000000002,0,0,0,,1
16,49,-2.4,-2.3,-2.3499999999999996,0.9000000000000004,1.0,0.9500000000000002,0,0,0,,1
17,49,-2.3,-2.2,-2.25,0.9000000000000004,1.0,0.9500000000000002,0,0,0,,1
18,49,-2.2,-2.0999999999999996,-2.15,0.9000000000000004,1.0,0.9500000000000002,1,0,1,1.0,1
19,49,-2.0999999999999996,-2.0,-2.05,0.9000000000000004,1.0,0.9500000000000002,2,0,2,1.0,1
20,49,-2.0,-1.9,-1.95,0.9000000000000004,1.0,0.9500000000000002,0,0,0,,1
21,49,-1.9,-1.7999999999999998,-1.8499999999999999,0.9000000000000004,1.0,0.9500000000000002,2,1,3,0.6666666666666666,1
22,49,-1.7999999999999998,-1.6999999999999997,-1.7499999999999998,0.9000000000000004,1.0,0.9500000000000002,0,1,1,0.0,1
23,49,-1.6999999999999997,-1.5999999999999996,-1.6499999999999997,0.9000000000000004,1.0,0.9500000000000002,0,2,2,0.0,1
24,49,-1.5999999999999996,-1.5,-1.5499999999999998,0.9000000000000004,1.0,0.9500000000000002,0,0,0,,1
25,49,-1.5,-1.4,-1.45,0.9000000000000004,1.0,0.9500000000000002,5,0,5,1.0,0
26,49,-1.4,-1.2999999999999998,-1.3499999999999999,0.9000000000000004,1.0,0.9500000000000002,4,2,6,0.6666666666666666,0
27,49,-1.2999999999999998,-1.1999999999999997,-1.2499999999999998,0.9000000000000004,1.0,0.9500000000000002,0,0,0,,1
28,49,-1.1999999999999997,-1.0999999999999996,-1.1499999999999997,0.9000000000000004,1.0,0.9500000000000002,0,2,2,0.0,1
29,49,-1.0999999999999996,-1.0,-1.0499999999999998,0.9000000000000004,1.0,0.9500000000000002,0,2,2,0.0,1
30,49,-1.0,-0.8999999999999999,-0.95,0.9000000000000004,1.0,0.9500000000000002,4,2,6,0.6666666666666666,0
31,49,-0.8999999999999999,-0.7999999999999998,-0.8499999999999999,0.9000000000000004,1.0,0.9500000000000002,1,1,2,0.5,1
32,49,-0.7999999999999998,-0.6999999999999997,-0.7499999999999998,0.9000000000000004,1.0,0.9500000000000002,0,0,0,,1
33,49,-0.6999999999999997,-0.5999999999999996,-0.6499999999999997,0.9000000000000004,1.0,0.9500000000000002,0,1,1,0.0,1
34,49,-0.5999999999999996,-0.5,-0.5499999999999998,0.9000000000000004,1.0,0.9500000000000002,0,1,1,0.0,1
35,49,-0.5,-0.3999999999999999,-0.44999999999999996,0.9000000000000004,1.0,0.9500000000000002,0,1,1,0.0,1
36,49,-0.3999999999999999,-0.2999999999999998,-0.34999999999999987,0.9000000000000004,1.0,0.9500000000000002,0,0,0,,1
37,49,-0.2999999999999998,-0.19999999999999973,-0.24999999999999978,0.9000000000000004,1.0,0.9500000000000002,0,0,0,,1
38,49,-0.19999999999999973,-0.09999999999999964,-0.1499999999999997,0.9000000000000004,1.0,0.9500000000000002,0,0,0,,1
39,49,-0.09999999999999964,0.0,-0.04999999999999982,0.9000000000000004,1.0,0.9500000000000002,0,0,0,,1
40,49,0.0,0.10000000000000053,0.050000000000000266,0.9000000000000004,1.0,0.9500000000000002,0,0,0,,1
41,49,0.10000000000000053,0.20000000000000018,0.15000000000000036,0.9000000000000004,1.0,0.9500000000000002,0,0,0,,1
42,49,0.20000000000000018,0.2999999999999998,0.25,0.9000000000000004,1.0,0.9500000000000002,0,0,0,,1
43,49,0.2999999999999998,0.40000000000000036,0.3500000000000001,0.9000000000000004,1.0,0.9500000000000002,0,0,0,,1
44,49,0.40000000000000036,0.5,0.4500000000000002,0.9000000000000004,1.0,0.9500000000000002,0,0,0,,1
45,49,0.5,0.6000000000000005,0.5500000000000003,0.9000000000000004,1.0,0.9500000000000002,0,0,0,,1
46,49,0.6000000000000005,0.7000000000000002,0.6500000000000004,0.9000000000000004,1.0,0.9500000000000002,5,0,5,1.0,0
47,49,0.7000000000000002,0.8000000000000007,0.7500000000000004,0.9000000000000004,1.0,0.9500000000000002,5,0,5,1.0,0
48,49,0.8000000000000007,0.9000000000000004,0.8500000000000005,0.9000000000000004,1.0,0.9500000000000002,7,3,10,0.7,0
49,49,0.9000000000000004,1.0,0.9500000000000002,0.9000000000000004,1.0,0.9500000000000002,2,3,5,0.4,0
50,49,1.0,1.1000000000000005,1.0500000000000003,0.9000000000000004,1.0,0.9500000000000002,3,0,3,1.0,1
51,49,1.1000000000000005,1.2000000000000002,1.1500000000000004,0.9000000000000004,1.0,0.9500000000000002,1,1,2,0.5,1
52,49,1.2000000000000002,1.3000000000000007,1.2500000000000004,0.9000000000000004,1.0,0.9500000000000002,2,1,3,0.6666666666666666,1
53,49,1.3000000000000007,1.4000000000000004,1.3500000000000005,0.9000000000000004,1.0,0.9500000000000002,0,0,0,,1
54,49,1.4000000000000004,1.5,1.4500000000000002,0.9000000000000004,1.0,0.9500000000000002,1,2,3,0.3333333333333333,1
55,49,1.5,1.6000000000000005,1.5500000000000003,0.9000000000000004,1.0,0.9500000000000002,0,3,3,0.0,1
56,49,1.6000000000000005,1.7000000000000002,1.6500000000000004,0.9000000000000004,1.0,0.9500000000000002,0,2,2,0.0,1
57,49,1.7000000000000002,1.8000000000000007,1.7500000000000004,0.9000000000000004,1.0,0.9500000000000002,0,0,0,,1
58,49,1.8000000000000007,1.9000000000000004,1.8500000000000005,0.9000000000000004,1.0,0.9500000000000002,0,0,0,,1
59,49,1.9000000000000004,2.0,1.9500000000000002,0.9000000000000004,1.0,0.9500000000000002,0,0,0,,1
60,49,2.0,2.1000000000000005,2.0500000000000003,0.9000000000000004,1.0,0.9500000000000002,0,0,0,,1
61,49,2.1000000000000005,2.2,2.1500000000000004,0.9000000000000004,1.0,0.9500000000000002,0,1,1,0.0,1
62,49,2.2,2.3000000000000007,2.2500000000000004,0.9000000000000004,1.0,0.9500000000000002,0,0,0,,1
63,49,2.3000000000000007,2.4000000000000004,2.3500000000000005,0.9000000000000004,1.0,0.9500000000000002,0,1,1,0.0,1
64,49,2.4000000000000004,2.5,2.45,0.9000000000000004,1.0,0.9500000000000002,0,0,0,,1
65,49,2.5,2.6000000000000005,2.5500000000000003,0.9000000000000004,1.0,0.9500000000000002,0,0,0,,1
66,49,2.6000000000000005,2.7,2.6500000000000004,0.9000000000000004,1.0,0.9500000000000002,0,0,0,,1
67,49,2.7,2.8000000000000007,2.7500000000000004,0.9000000000000004,1.0,0.9500000000000002,0,0,0,,1
68,49,2.8000000000000007,2.9000000000000004,2.8500000000000005,0.9000000000000004,1.0,0.9500000000000002,0,0,0,,1
69,49,2.9000000000000004,3.0,2.95,0.9000000000000004,1.0,0.9500000000000002,0,0,0,,1
70,49,3.0,3.1000000000000005,3.0500000000000003,0.9000000000000004,1.0,0.9500000000000002,0,0,0,,1
71,49,3.1000000000000005,3.2,3.1500000000000004,0.9000000000000004,1.0,0.9500000000000002,0,0,0,,1
72,49,3.2,3.3000000000000007,3.2500000000000004,0.9000000000000004,1.0,0.9500000000000002,0,0,0,,1
73,49,3.3000000000000007,3.4000000000000004,3.3500000000000005,0.9000000000000004,1.0,0.9500000000000002,0,0,0,,1
74,49,3.4000000000000004,3.5,3.45,0.9000000000000004,1.0,0.9500000000000002,0,0,0,,1
75,49,3.5,3.6000000000000005,3.5500000000000003,0.9000000000000004,1.0,0.9500000000000002,0,0,0,,1
76,49,3.6000000000000005,3.7,3.6500000000000004,0.9000000000000004,1.0,0.9500000000000002,0,0,0,,1
77,49,3.7,3.8000000000000007,3.7500000000000004,0.9000000000000004,1.0,0.9500000000000002,0,0,0,,1
78,49,3.8000000000000007,3.9000000000000004,3.8500000000000005,0.9000000000000004,1.0,0.9500000000000002,0,0,0,,1
79,49,3.9000000000000004,4.0,3.95,0.9000000000000004,1.0,0.9500000000000002,0,0,0,,1
0,50,-4.0,-3.9,-3.95,1.0,1.1000000000000005,1.0500000000000003,0,0,0,,1
1,50,-3.9,-3.8,-3.8499999999999996,1.0,1.1000000000000005,1.0500000000000003,0,0,0,,1
2,50,-3.8,-3.7,-3.75,1.0,1.1000000000000005,1.0500000000000003,0,0,0,,1
3,50,-3.7,-3.6,-3.6500000000000004,1.0,1.1000000000000005,1.0500000000000003,0,0,0,,1
4,50,-3.6,-3.5,-3.55,1.0,1.1000000000000005,1.0500000000000003,0,0,0,,1
5,50,-3.5,-3.4,-3.45,1.0,1.1000000000000005,1.0500000000000003,0,0,0,,1
6,50,-3.4,-3.3,-3.3499999999999996,1.0,1.1000000000000005,1.0500000000000003,0,0,0,,1
7,50,-3.3,-3.2,-3.25,1.0,1.1000000000000005,1.0500000000000003,0,0,0,,1
8,50,-3.2,-3.1,-3.1500000000000004,1.0,1.1000000000000005,1.0500000000000003,0,0,0,,1
9,50,-3.1,-3.0,-3.05,1.0,1.1000000000000005,1.0500000000000003,0,0,0,,1
10,50,-3.0,-2.9,-2.95,1.0,1.1000000000000005,1.0500000000000003,0,0,0,,1
11,50,-2.9,-2.8,-2.8499999999999996,1.0,1.1000000000000005,1.0500000000000003,0,0,0,,1
12,50,-2.8,-2.7,-2.75,1.0,1.1000000000000005,1.0500000000000003,0,0,0,,1
13,50,-2.7,-2.5999999999999996,-2.65,1.0,1.1000000000000005,1.0500000000000003,0,0,0,,1
14,50,-2.5999999999999996,-2.5,-2.55,1.0,1.1000000000000005,1.0500000000000003,0,0,0,,1
15,50,-2.5,-2.4,-2.45,1.0,1.1000000000000005,1.0500000000000003,0,0,0,,1
16,50,-2.4,-2.3,-2.3499999999999996,1.0,1.1000000000000005,1.0500000000000003,1,0,1,1.0,1
17,50,-2.3,-2.2,-2.25,1.0,1.1000000000000005,1.0500000000000003,0,0,0,,1
18,50,-2.2,-2.0999999999999996,-2.15,1.0,1.1000000000000005,1.0500000000000003,1,0,1,1.0,1
19,50,-2.0999999999999996,-2.0,-2.05,1.0,1.1000000000000005,1.0500000000000003,0,0,0,,1
20,50,-2.0,-1.9,-1.95,1.0,1.1000000000000005,1.0500000000000003,0,0,0,,1
21,50,-1.9,-1.7999999999999998,-1.8499999999999999,1.0,1.1000000000000005,1.0500000000000003,1,0,1,1.0,1
22,50,-1.7999999999999998,-1.6999999999999997,-1.7499999999999998,1.0,1.1000000000000005,1.0500000000000003,0,1,1,0.0,1
23,50,-1.6999999999999997,-1.5999999999999996,-1.6499999999999997,1.0,1.1000000000000005,1.0500000000000003,0,0,0,,1
24,50,-1.5999999999999996,-1.5,-1.5499999999999998,1.0,1.1000000000000005,1.0500000000000003,2,0,2,1.0,1
25,50,-1.5,-1.4,-1.45,1.0,1.1000000000000005,1.0500000000000003,4,0,4,1.0,1
26,50,-1.4,-1.2999999999999998,-1.3499999999999999,1.0,1.1000000000000005,1.0500000000000003,3,3,6,0.5,0
27,50,-1.2999999999999998,-1.1999999999999997,-1.2499999999999998,1.0,1.1000000000000005,1.0500000000000003,1,1,2,0.5,1
28,50,-1.1999999999999997,-1.0999999999999996,-1.1499999999999997,1.0,1.1000000000000005,1.0500000000000003,2,1,3,0.6666666666666666,1
29,50,-1.0999999999999996,-1.0,-1.0499999999999998,1.0,1.1000000000000005,1.0500000000000003,2,0,2,1.0,1
30,50,-1.0,-0.8999999999999999,-0.95,1.0,1.1000000000000005,1.0500000000000003,0,2,2,0.0,1
31,50,-0.8999999999999999,-0.7999999999999998,-0.8499999999999999,1.0,1.1000000000000005,1.0500000000000003,0,3,3,0.0,1
32,50,-0.7999999999999998,-0.6999999999999997,-0.7499999999999998,1.0,1.1000000000000005,1.0500000000000003,0,1,1,0.0,1
33,50,-0.6999999999999997,-0.5999999999999996,-0.6499999999999997,1.0,1.1000000000000005,1.0500000000000003,0,0,0,,1
34,50,-0.5999999999999996,-0.5,-0.5499999999999998,1.0,1.1000000000000005,1.0500000000000003,0,1,1,0.0,1
35,50,-0.5,-0.3999999999999999,-0.44999999999999996,1.0,1.1000000000000005,1.0500000000000003,0,2,2,0.0,1
36,50,-0.3999999999999999,-0.2999999999999998,-0.34999999999999987,1.0,1.1000000000000005,1.0500000000000003,0,2,2,0.0,1
37,50,-0.2999999999999998,-0.19999999999999973,-0.24999999999999978,1.0,1.1000000000000005,1.0500000000000003,0,0,0,,1
38,50,-0.19999999999999973,-0.09999999999999964,-0.1499999999999997,1.0,1.1000000000000005,1.0500000000000003,0,0,0,,1
39,50,-0.09999999999999964,0.0,-0.04999999999999982,1.0,1.1000000000000005,1.0500000000000003,0,0,0,,1
40,50,0.0,0.10000000000000053,0.050000000000000266,1.0,1.1000000000000005,1.0500000000000003,0,0,0,,1
41,50,0.10000000000000053,0.20000000000000018,0.15000000000000036,1.0,1.1000000000000005,1.0500000000000003,0,0,0,,1
42,50,0.20000000000000018,0.2999999999999998,0.25,1.0,1.1000000000000005,1.0500000000000003,0,0,0,,1
43,50,0.2999999999999998,0.40000000000000036,0.3500000000000001,1.0,1.1000000000000005,1.0500000000000003,0,0,0,,1
44,50,0.40000000000000036,0.5,0.4500000000000002,1.0,1.1000000000000005,1.0500000000000003,0,0,0,,1
45,50,0.5,0.6000000000000005,0.5500000000000003,1.0,1.1000000000000005,1.0500000000000003,0,1,1,0.0,1
46,50,0.6000000000000005,0.7000000000000002,0.6500000000000004,1.0,1.1000000000000005,1.0500000000000003,5,1,6,0.8333333333333334,0
47,50,0.7000000000000002,0.8000000000000007,0.7500000000000004,1.0,1.1000000000000005,1.0500000000000003,5,1,6,0.8333333333333334,0
48,50,0.8000000000000007,0.9000000000000004,0.8500000000000005,1.0,1.1000000000000005,1.0500000000000003,3,2,5,0.6,0
49,50,0.9000000000000004,1.0,0.9500000000000002,1.0,1.1000000000000005,1.0500000000000003,2,0,2,1.0,1
50,50,1.0,1.1000000000000005,1.0500000000000003,1.0,1.1000000000000005,1.0500000000000003,3,1,4,0.75,1
51,50,1.1000000000000005,1.2000000000000002,1.1500000000000004,1.0,1.1000000000000005,1.0500000000000003,1,1,2,0.5,1
52,50,1.2000000000000002,1.3000000000000007,1.2500000000000004,1.0,1.1000000000000005,1.0500000000000003,1,1,2,0.5,1
53,50,1.3000000000000007,1.4000000000000004,1.3500000000000005,1.0,1.1000000000000005,1.0500000000000003,0,1,1,0.0,1
54,50,1.4000000000000004,1.5,1.4500000000000002,1.0,1.1000000000000005,1.0500000000000003,0,1,1,0.0,1
55,50,1.5,1.6000000000000005,1.5500000000000003,1.0,1.1000000000000005,1.0500000000000003,1,2,3,0.3333333333333333,1
56,50,1.6000000000000005,1.7000000000000002,1.6500000000000004,1.0,1.1000000000000005,1.0500000000000003,0,1,1,0.0,1
57,50,1.7000000000000002,1.8000000000000007,1.7500000000000004,1.0,1.1000000000000005,1.0500000000000003,0,3,3,0.0,1
58,50,1.8000000000000007,1.9000000000000004,1.8500000000000005,1.0,1.1000000000000005,1.0500000000000003,0,2,2,0.0,1
59,50,1.9000000000000004,2.0,1.9500000000000002,1.0,1.1000000000000005,1.0500000000000003,0,2,2,0.0,1
60,50,2.0,2.1000000000000005,2.0500000000000003,1.0,1.1000000000000005,1.0500000000000003,0,3,3,0.0,1
61,50,2.1000000000000005,2.2,2.1500000000000004,1.0,1.1000000000000005,1.0500000000000003,0,1,1,0.0,1
62,50,2.2,2.3000000000000007,2.2500000000000004,1.0,1.1000000000000005,1.0500000000000003,0,2,2,0.0,1
63,50,2.3000000000000007,2.4000000000000004,2.3500000000000005,1.0,1.1000000000000005,1.0500000000000003,0,1,1,0.0,1
64,50,2.4000000000000004,2.5,2.45,1.0,1.1000000000000005,1.0500000000000003,0,0,0,,1
65,50,2.5,2.6000000000000005,2.5500000000000003,1.0,1.1000000000000005,1.0500000000000003,0,0,0,,1
66,50,2.6000000000000005,2.7,2.6500000000000004,1.0,1.1000000000000005,1.0500000000000003,0,0,0,,1
67,50,2.7,2.8000000000000007,2.7500000000000004,1.0,1.1000000000000005,1.0500000000000003,0,0,0,,1
68,50,2.8000000000000007,2.9000000000000004,2.8500000000000005,1.0,1.1000000000000005,1.0500000000000003,0,0,0,,1
69,50,2.9000000000000004,3.0,2.95,1.0,1.1000000000000005,1.0500000000000003,0,0,0,,1
70,50,3.0,3.1000000000000005,3.0500000000000003,1.0,1.1000000000000005,1.0500000000000003,0,0,0,,1
71,50,3.1000000000000005,3.2,3.1500000000000004,1.0,1.1000000000000005,1.0500000000000003,0,0,0,,1
72,50,3.2,3.3000000000000007,3.2500000000000004,1.0,1.1000000000000005,1.0500000000000003,0,0,0,,1
73,50,3.3000000000000007,3.4000000000000004,3.3500000000000005,1.0,1.1000000000000005,1.0500000000000003,0,0,0,,1
74,50,3.4000000000000004,3.5,3.45,1.0,1.1000000000000005,1.0500000000000003,0,0,0,,1
75,50,3.5,3.6000000000000005,3.5500000000000003,1.0,1.1000000000000005,1.0500000000000003,0,0,0,,1
76,50,3.6000000000000005,3.7,3.6500000000000004,1.0,1.1000000000000005,1.0500000000000003,0,0,0,,1
77,50,3.7,3.8000000000000007,3.7500000000000004,1.0,1.1000000000000005,1.0500000000000003,0,0,0,,1
78,50,3.8000000000000007,3.9000000000000004,3.8500000000000005,1.0,1.1000000000000005,1.0500000000000003,0,0,0,,1
79,50,3.9000000000000004,4.0,3.95,1.0,1.1000000000000005,1.0500000000000003,0,0,0,,1
0,51,-4.0,-3.9,-3.95,1.1000000000000005,1.2000000000000002,1.1500000000000004,0,0,0,,1
1,51,-3.9,-3.8,-3.8499999999999996,1.1000000000000005,1.2000000000000002,1.1500000000000004,0,0,0,,1
2,51,-3.8,-3.7,-3.75,1.1000000000000005,1.2000000000000002,1.1500000000000004,0,0,0,,1
3,51,-3.7,-3.6,-3.6500000000000004,1.1000000000000005,1.2000000000000002,1.1500000000000004,0,0,0,,1
4,51,-3.6,-3.5,-3.55,1.1000000000000005,1.2000000000000002,1.1500000000000004,0,0,0,,1
5,51,-3.5,-3.4,-3.45,1.1000000000000005,1.2000000000000002,1.1500000000000004,0,0,0,,1
6,51,-3.4,-3.3,-3.3499999999999996,1.1000000000000005,1.2000000000000002,1.1500000000000004,0,0,0,,1
7,51,-3.3,-3.2,-3.25,1.1000000000000005,1.2000000000000002,1.1500000000000004,0,0,0,,1
8,51,-3.2,-3.1,-3.1500000000000004,1.1000000000000005,1.2000000000000002,1.1500000000000004,0,0,0,,1
9,51,-3.1,-3.0,-3.05,1.1000000000000005,1.2000000000000002,1.1500000000000004,0,0,0,,1
10,51,-3.0,-2.9,-2.95,1.1000000000000005,1.2000000000000002,1.1500000000000004,0,0,0,,1
11,51,-2.9,-2.8,-2.8499999999999996,1.1000000000000005,1.2000000000000002,1.1500000000000004,0,0,0,,1
12,51,-2.8,-2.7,-2.75,1.1000000000000005,1.2000000000000002,1.1500000000000004,0,0,0,,1
13,51,-2.7,-2.5999999999999996,-2.65,1.1000000000000005,1.2000000000000002,1.1500000000000004,0,0,0,,1
14,51,-2.5999999999999996,-2.5,-2.55,1.1000000000000005,1.2000000000000002,1.1500000000000004,0,0,0,,1
15,51,-2.5,-2.4,-2.45,1.1000000000000005,1.2000000000000002,1.1500000000000004,0,0,0,,1
16,51,-2.4,-2.3,-2.3499999999999996,1.1000000000000005,1.2000000000000002,1.1500000000000004,0,0,0,,1
17,51,-2.3,-2.2,-2.25,1.1000000000000005,1.2000000000000002,1.1500000000000004,1,0,1,1.0,1
18,51,-2.2,-2.0999999999999996,-2.15,1.1000000000000005,1.2000000000000002,1.1500000000000004,1,0,1,1.0,1
19,51,-2.0999999999999996,-2.0,-2.05,1.1000000000000005,1.2000000000000002,1.1500000000000004,0,0,0,,1
20,51,-2.0,-1.9,-1.95,1.1000000000000005,1.2000000000000002,1.1500000000000004,0,0,0,,1
21,51,-1.9,-1.7999999999999998,-1.8499999999999999,1.1000000000000005,1.2000000000000002,1.1500000000000004,0,1,1,0.0,1
22,51,-1.7999999999999998,-1.6999999999999997,-1.7499999999999998,1.1000000000000005,1.2000000000000002,1.1500000000000004,1,0,1,1.0,1
23,51,-1.6999999999999997,-1.5999999999999996,-1.6499999999999997,1.1000000000000005,1.2000000000000002,1.1500000000000004,2,3,5,0.4,0
24,51,-1.5999999999999996,-1.5,-1.5499999999999998,1.1000000000000005,1.2000000000000002,1.1500000000000004,1,0,1,1.0,1
25,51,-1.5,-1.4,-1.45,1.1000000000000005,1.2000000000000002,1.1500000000000004,2,0,2,1.0,1
26,51,-1.4,-1.2999999999999998,-1.3499999999999999,1.1000000000000005,1.2000000000000002,1.1500000000000004,5,1,6,0.8333333333333334,0
27,51,-1.2999999999999998,-1.1999999999999997,-1.2499999999999998,1.1000000000000005,1.2000000000000002,1.1500000000000004,3,2,5,0.6,0
28,51,-1.1999999999999997,-1.0999999999999996,-1.1499999999999997,1.1000000000000005,1.2000000000000002,1.1500000000000004,0,2,2,0.0,1
29,51,-1.0999999999999996,-1.0,-1.0499999999999998,1.1000000000000005,1.2000000000000002,1.1500000000000004,0,1,1,0.0,1
30,51,-1.0,-0.8999999999999999,-0.95,1.1000000000000005,1.2000000000000002,1.1500000000000004,0,1,1,0.0,1
31,51,-0.8999999999999999,-0.7999999999999998,-0.8499999999999999,1.1000000000000005,1.2000000000000002,1.1500000000000004,0,2,2,0.0,1
32,51,-0.7999999999999998,-0.6999999999999997,-0.7499999999999998,1.1000000000000005,1.2000000000000002,1.1500000000000004,0,3,3,0.0,1
33,51,-0.6999999999999997,-0.5999999999999996,-0.6499999999999997,1.1000000000000005,1.2000000000000002,1.1500000000000004,0,0,0,,1
34,51,-0.5999999999999996,-0.5,-0.5499999999999998,1.1000000000000005,1.2000000000000002,1.1500000000000004,0,0,0,,1
35,51,-0.5,-0.3999999999999999,-0.44999999999999996,1.1000000000000005,1.2000000000000002,1.1500000000000004,0,0,0,,1
36,51,-0.3999999999999999,-0.2999999999999998,-0.34999999999999987,1.1000000000000005,1.2000000000000002,1.1500000000000004,0,3,3,0.0,1
37,51,-0.2999999999999998,-0.19999999999999973,-0.24999999999999978,1.1000000000000005,1.2000000000000002,1.1500000000000004,0,2,2,0.0,1
38,51,-0.19999999999999973,-0.09999999999999964,-0.1499999999999997,1.1000000000000005,1.2000000000000002,1.1500000000000004,0,0,0,,1
39,51,-0.09999999999999964,0.0,-0.04999999999999982,1.1000000000000005,1.2000000000000002,1.1500000000000004,0,1,1,0.0,1
40,51,0.0,0.10000000000000053,0.050000000000000266,1.1000000000000005,1.2000000000000002,1.1500000000000004,0,1,1,0.0,1
41,51,0.10000000000000053,0.20000000000000018,0.15000000000000036,1.1000000000000005,1.2000000000000002,1.1500000000000004,0,1,1,0.0,1
42,51,0.20000000000000018,0.2999999999999998,0.25,1.1000000000000005,1.2000000000000002,1.1500000000000004,0,1,1,0.0,1
43,51,0.2999999999999998,0.40000000000000036,0.3500000000000001,1.1000000000000005,1.2000000000000002,1.1500000000000004,0,3,3,0.0,1
44,51,0.40000000000000036,0.5,0.4500000000000002,1.1000000000000005,1.2000000000000002,1.1500000000000004,1,0,1,1.0,1
45,51,0.5,0.6000000000000005,0.5500000000000003,1.1000000000000005,1.2000000000000002,1.1500000000000004,1,1,2,0.5,1
46,51,0.6000000000000005,0.7000000000000002,0.6500000000000004,1.1000000000000005,1.2000000000000002,1.1500000000000004,4,0,4,1.0,1
47,51,0.7000000000000002,0.8000000000000007,0.7500000000000004,1.1000000000000005,1.2000000000000002,1.1500000000000004,6,1,7,0.8571428571428571,0
48,51,0.8000000000000007,0.9000000000000004,0.8500000000000005,1.1000000000000005,1.2000000000000002,1.1500000000000004,2,1,3,0.6666666666666666,1
49,51,0.9000000000000004,1.0,0.9500000000000002,1.1000000000000005,1.2000000000000002,1.1500000000000004,5,2,7,0.7142857142857143,0
50,51,1.0,1.1000000000000005,1.0500000000000003,1.1000000000000005,1.2000000000000002,1.1500000000000004,1,0,1,1.0,1
51,51,1.1000000000000005,1.2000000000000002,1.1500000000000004,1.1000000000000005,1.2000000000000002,1.1500000000000004,1,1,2,0.5,1
52,51,1.2000000000000002,1.3000000000000007,1.2500000000000004,1.1000000000000005,1.2000000000000002,1.1500000000000004,1,3,4,0.25,1
53,51,1.3000000000000007,1.4000000000000004,1.3500000000000005,1.1000000000000005,1.2000000000000002,1.1500000000000004,0,5,5,0.0,0
54,51,1.4000000000000004,1.5,1.4500000000000002,1.1000000000000005,1.2000000000000002,1.1500000000000004,0,1,1,0.0,1
55,51,1.5,1.6000000000000005,1.5500000000000003,1.1000000000000005,1.2000000000000002,1.1500000000000004,1,1,2,0.5,1
56,51,1.6000000000000005,1.7000000000000002,1.6500000000000004,1.1000000000000005,1.2000000000000002,1.1500000000000004,0,2,2,0.0,1
57,51,1.7000000000000002,1.8000000000000007,1.7500000000000004,1.1000000000000005,1.2000000000000002,1.1500000000000004,0,1,1,0.0,1
58,51,1.8000000000000007,1.9000000000000004,1.8500000000000005,1.1000000000000005,1.2000000000000002,1.1500000000000004,0,0,0,,1
59,51,1.9000000000000004,2.0,1.9500000000000002,1.1000000000000005,1.2000000000000002,1.1500000000000004,0,0,0,,1
60,51,2.0,2.1000000000000005,2.0500000000000003,1.1000000000000005,1.2000000000000002,1.1500000000000004,0,0,0,,1
61,51,2.1000000000000005,2.2,2.1500000000000004,1.1000000000000005,1.2000000000000002,1.1500000000000004,0,0,0,,1
62,51,2.2,2.3000000000000007,2.2500000000000004,1.1000000000000005,1.2000000000000002,1.1500000000000004,0,0,0,,1
63,51,2.3000000000000007,2.4000000000000004,2.3500000000000005,1.1000000000000005,1.2000000000000002,1.1500000000000004,0,0,0,,1
64,51,2.4000000000000004,2.5,2.45,1.1000000000000005,1.2000000000000002,1.1500000000000004,0,0,0,,1
65,51,2.5,2.6000000000000005,2.5500000000000003,1.1000000000000005,1.2000000000000002,1.1500000000000004,0,0,0,,1
66,51,2.6000000000000005,2.7,2.6500000000000004,1.1000000000000005,1.2000000000000002,1.1500000000000004,0,0,0,,1
67,51,2.7,2.8000000000000007,2.7500000000000004,1.1000000000000005,1.2000000000000002,1.1500000000000004,0,0,0,,1
68,51,2.8000000000000007,2.9000000000000004,2.8500000000000005,1.1000000000000005,1.2000000000000002,1.1500000000000004,0,0,0,,1
69,51,2.9000000000000004,3.0,2.95,1.1000000000000005,1.2000000000000002,1.1500000000000004,0,0,0,,1
70,51,3.0,3.1000000000000005,3.0500000000000003,1.1000000000000005,1.2000000000000002,1.1500000000000004,0,0,0,,1
71,51,3.1000000000000005,3.2,3.1500000000000004,1.1000000000000005,1.2000000000000002,1.1500000000000004,0,0,0,,1
72,51,3.2,3.3000000000000007,3.2500000000000004,1.1000000000000005,1.2000000000000002,1.1500000000000004,0,0,0,,1
73,51,3.3000000000000007,3.4000000000000004,3.3500000000000005,1.1000000000000005,1.2000000000000002,1.1500000000000004,0,0,0,,1
74,51,3.4000000000000004,3.5,3.45,1.1000000000000005,1.2000000000000002,1.1500000000000004,0,0,0,,1
75,51,3.5,3.6000000000000005,3.5500000000000003,1.1000000000000005,1.2000000000000002,1.1500000000000004,0,0,0,,1
76,51,3.6000000000000005,3.7,3.6500000000000004,1.1000000000000005,1.2000000000000002,1.1500000000000004,0,0,0,,1
77,51,3.7,3.8000000000000007,3.7500000000000004,1.1000000000000005,1.2000000000000002,1.1500000000000004,0,0,0,,1
78,51,3.8000000000000007,3.9000000000000004,3.8500000000000005,1.1000000000000005,1.2000000000000002,1.1500000000000004,0,0,0,,1
79,51,3.9000000000000004,4.0,3.95,1.1000000000000005,1.2000000000000002,1.1500000000000004,0,0,0,,1
0,52,-4.0,-3.9,-3.95,1.2000000000000002,1.3000000000000007,1.2500000000000004,0,0,0,,1
1,52,-3.9,-3.8,-3.8499999999999996,1.2000000000000002,1.3000000000000007,1.2500000000000004,0,0,0,,1
2,52,-3.8,-3.7,-3.75,1.2000000000000002,1.3000000000000007,1.2500000000000004,0,0,0,,1
3,52,-3.7,-3.6,-3.6500000000000004,1.2000000000000002,1.3000000000000007,1.2500000000000004,0,0,0,,1
4,52,-3.6,-3.5,-3.55,1.2000000000000002,1.3000000000000007,1.2500000000000004,0,0,0,,1
5,52,-3.5,-3.4,-3.45,1.2000000000000002,1.3000000000000007,1.2500000000000004,0,0,0,,1
6,52,-3.4,-3.3,-3.3499999999999996,1.2000000000000002,1.3000000000000007,1.2500000000000004,0,0,0,,1
7,52,-3.3,-3.2,-3.25,1.2000000000000002,1.3000000000000007,1.2500000000000004,0,0,0,,1
8,52,-3.2,-3.1,-3.1500000000000004,1.2000000000000002,1.3000000000000007,1.2500000000000004,0,0,0,,1
9,52,-3.1,-3.0,-3.05,1.2000000000000002,1.3000000000000007,1.2500000000000004,0,0,0,,1
10,52,-3.0,-2.9,-2.95,1.2000000000000002,1.3000000000000007,1.2500000000000004,0,0,0,,1
11,52,-2.9,-2.8,-2.8499999999999996,1.2000000000000002,1.3000000000000007,1.2500000000000004,0,1,1,0.0,1
12,52,-2.8,-2.7,-2.75,1.2000000000000002,1.3000000000000007,1.2500000000000004,0,1,1,0.0,1
13,52,-2.7,-2.5999999999999996,-2.65,1.2000000000000002,1.3000000000000007,1.2500000000000004,0,0,0,,1
14,52,-2.5999999999999996,-2.5,-2.55,1.2000000000000002,1.3000000000000007,1.2500000000000004,0,1,1,0.0,1
15,52,-2.5,-2.4,-2.45,1.2000000000000002,1.3000000000000007,1.2500000000000004,0,0,0,,1
16,52,-2.4,-2.3,-2.3499999999999996,1.2000000000000002,1.3000000000000007,1.2500000000000004,1,0,1,1.0,1
17,52,-2.3,-2.2,-2.25,1.2000000000000002,1.3000000000000007,1.2500000000000004,0,0,0,,1
18,52,-2.2,-2.0999999999999996,-2.15,1.2000000000000002,1.3000000000000007,1.2500000000000004,0,0,0,,1
19,52,-2.0999999999999996,-2.0,-2.05,1.2000000000000002,1.3000000000000007,1.2500000000000004,0,0,0,,1
20,52,-2.0,-1.9,-1.95,1.2000000000000002,1.3000000000000007,1.2500000000000004,0,0,0,,1
21,52,-1.9,-1.7999999999999998,-1.8499999999999999,1.2000000000000002,1.3000000000000007,1.2500000000000004,1,0,1,1.0,1
22,52,-1.7999999999999998,-1.6999999999999997,-1.7499999999999998,1.2000000000000002,1.3000000000000007,1.2500000000000004,3,1,4,0.75,1
23,52,-1.6999999999999997,-1.5999999999999996,-1.6499999999999997,1.2000000000000002,1.3000000000000007,1.2500000000000004,1,1,2,0.5,1
24,52,-1.5999999999999996,-1.5,-1.5499999999999998,1.2000000000000002,1.3000000000000007,1.2500000000000004,3,1,4,0.75,1
25,52,-1.5,-1.4,-1.45,1.2000000000000002,1.3000000000000007,1.2500000000000004,4,0,4,1.0,1
26,52,-1.4,-1.2999999999999998,-1.3499999999999999,1.2000000000000002,1.3000000000000007,1.2500000000000004,1,1,2,0.5,1
27,52,-1.2999999999999998,-1.1999999999999997,-1.2499999999999998,1.2000000000000002,1.3000000000000007,1.2500000000000004,1,1,2,0.5,1
28,52,-1.1999999999999997,-1.0999999999999996,-1.1499999999999997,1.2000000000000002,1.3000000000000007,1.2500000000000004,5,2,7,0.7142857142857143,0
29,52,-1.0999999999999996,-1.0,-1.0499999999999998,1.2000000000000002,1.3000000000000007,1.2500000000000004,0,2,2,0.0,1
30,52,-1.0,-0.8999999999999999,-0.95,1.2000000000000002,1.3000000000000007,1.2500000000000004,0,2,2,0.0,1
31,52,-0.8999999999999999,-0.7999999999999998,-0.8499999999999999,1.2000000000000002,1.3000000000000007,1.2500000000000004,0,3,3,0.0,1
32,52,-0.7999999999999998,-0.6999999999999997,-0.7499999999999998,1.2000000000000002,1.3000000000000007,1.2500000000000004,0,4,4,0.0,1
33,52,-0.6999999999999997,-0.5999999999999996,-0.6499999999999997,1.2000000000000002,1.3000000000000007,1.2500000000000004,0,4,4,0.0,1
34,52,-0.5999999999999996,-0.5,-0.5499999999999998,1.2000000000000002,1.3000000000000007,1.2500000000000004,0,2,2,0.0,1
35,52,-0.5,-0.3999999999999999,-0.44999999999999996,1.2000000000000002,1.3000000000000007,1.2500000000000004,0,2,2,0.0,1
36,52,-0.3999999999999999,-0.2999999999999998,-0.34999999999999987,1.2000000000000002,1.3000000000000007,1.2500000000000004,0,2,2,0.0,1
37,52,-0.2999999999999998,-0.19999999999999973,-0.24999999999999978,1.2000000000000002,1.3000000000000007,1.2500000000000004,0,3,3,0.0,1
38,52,-0.19999999999999973,-0.09999999999999964,-0.1499999999999997,1.2000000000000002,1.3000000000000007,1.2500000000000004,0,0,0,,1
39,52,-0.09999999999999964,0.0,-0.04999999999999982,1.2000000000000002,1.3000000000000007,1.2500000000000004,0,2,2,0.0,1
40,52,0.0,0.10000000000000053,0.050000000000000266,1.2000000000000002,1.3000000000000007,1.2500000000000004,0,2,2,0.0,1
41,52,0.10000000000000053,0.20000000000000018,0.15000000000000036,1.2000000000000002,1.3000000000000007,1.2500000000000004,0,0,0,,1
42,52,0.20000000000000018,0.2999999999999998,0.25,1.2000000000000002,1.3000000000000007,1.2500000000000004,0,2,2,0.0,1
43,52,0.2999999999999998,0.40000000000000036,0.3500000000000001,1.2000000000000002,1.3000000000000007,1.2500000000000004,1,2,3,0.3333333333333333,1
44,52,0.40000000000000036,0.5,0.4500000000000002,1.2000000000000002,1.3000000000000007,1.2500000000000004,0,0,0,,1
45,52,0.5,0.6000000000000005,0.5500000000000003,1.2000000000000002,1.3000000000000007,1.2500000000000004,0,0,0,,1
46,52,0.6000000000000005,0.7000000000000002,0.6500000000000004,1.2000000000000002,1.3000000000000007,1.2500000000000004,4,1,5,0.8,0
47,52,0.7000000000000002,0.8000000000000007,0.7500000000000004,1.2000000000000002,1.3000000000000007,1.2500000000000004,0,3,3,0.0,1
48,52,0.8000000000000007,0.9000000000000004,0.8500000000000005,1.2000000000000002,1.3000000000000007,1.2500000000000004,7,0,7,1.0,0
49,52,0.9000000000000004,1.0,0.9500000000000002,1.2000000000000002,1.3000000000000007,1.2500000000000004,3,1,4,0.75,1
50,52,1.0,1.1000000000000005,1.0500000000000003,1.2000000000000002,1.3000000000000007,1.2500000000000004,1,1,2,0.5,1
51,52,1.1000000000000005,1.2000000000000002,1.1500000000000004,1.2000000000000002,1.3000000000000007,1.2500000000000004,0,1,1,0.0,1
52,52,1.2000000000000002,1.3000000000000007,1.2500000000000004,1.2000000000000002,1.3000000000000007,1.2500000000000004,1,3,4,0.25,1
53,52,1.3000000000000007,1.4000000000000004,1.3500000000000005,1.2000000000000002,1.3000000000000007,1.2500000000000004,0,1,1,0.0,1
54,52,1.4000000000000004,1.5,1.4500000000000002,1.2000000000000002,1.3000000000000007,1.2500000000000004,0,1,1,0.0,1
55,52,1.5,1.6000000000000005,1.5500000000000003,1.2000000000000002,1.3000000000000007,1.2500000000000004,1,0,1,1.0,1
56,52,1.6000000000000005,1.7000000000000002,1.6500000000000004,1.2000000000000002,1.3000000000000007,1.2500000000000004,0,0,0,,1
57,52,1.7000000000000002,1.8000000000000007,1.7500000000000004,1.2000000000000002,1.3000000000000007,1.2500000000000004,0,0,0,,1
58,52,1.8000000000000007,1.9000000000000004,1.8500000000000005,1.2000000000000002,1.3000000000000007,1.2500000000000004,0,0,0,,1
59,52,1.9000000000000004,2.0,1.9500000000000002,1.2000000000000002,1.3000000000000007,1.2500000000000004,0,0,0,,1
60,52,2.0,2.1000000000000005,2.0500000000000003,1.2000000000000002,1.3000000000000007,1.2500000000000004,0,0,0,,1
61,52,2.1000000000000005,2.2,2.1500000000000004,1.2000000000000002,1.3000000000000007,1.2500000000000004,0,0,0,,1
62,52,2.2,2.3000000000000007,2.2500000000000004,1.2000000000000002,1.3000000000000007,1.2500000000000004,0,0,0,,1
63,52,2.3000000000000007,2.4000000000000004,2.3500000000000005,1.2000000000000002,1.3000000000000007,1.2500000000000004,0,0,0,,1
64,52,2.4000000000000004,2.5,2.45,1.2000000000000002,1.3000000000000007,1.2500000000000004,0,0,0,,1
65,52,2.5,2.6000000000000005,2.5500000000000003,1.2000000000000002,1.3000000000000007,1.2500000000000004,0,0,0,,1
66,52,2.6000000000000005,2.7,2.6500000000000004,1.2000000000000002,1.3000000000000007,1.2500000000000004,0,0,0,,1
67,52,2.7,2.8000000000000007,2.7500000000000004,1.2000000000000002,1.3000000000000007,1.2500000000000004,0,0,0,,1
68,52,2.8000000000000007,2.9000000000000004,2.8500000000000005,1.2000000000000002,1.3000000000000007,1.2500000000000004,0,0,0,,1
69,52,2.9000000000000004,3.0,2.95,1.2000000000000002,1.3000000000000007,1.2500000000000004,0,0,0,,1
70,52,3.0,3.1000000000000005,3.0500000000000003,1.2000000000000002,1.3000000000000007,1.2500000000000004,0,0,0,,1
71,52,3.1000000000000005,3.2,3.1500000000000004,1.2000000000000002,1.3000000000000007,1.2500000000000004,0,0,0,,1
72,52,3.2,3.3000000000000007,3.2500000000000004,1.2000000000000002,1.3000000000000007,1.2500000000000004,0,0,0,,1
73,52,3.3000000000000007,3.4000000000000004,3.3500000000000005,1.2000000000000002,1.3000000000000007,1.2500000000000004,0,0,0,,1
74,52,3.4000000000000004,3.5,3.45,1.2000000000000002,1.3000000000000007,1.2500000000000004,0,0,0,,1
75,52,3.5,3.6000000000000005,3.5500000000000003,1.2000000000000002,1.3000000000000007,1.2500000000000004,0,0,0,,1
76,52,3.6000000000000005,3.7,3.6500000000000004,1.2000000000000002,1.3000000000000007,1.2500000000000004,0,0,0,,1
77,52,3.7,3.8000000000000007,3.7500000000000004,1.2000000000000002,1.3000000000000007,1.2500000000000004,0,0,0,,1
78,52,3.8000000000000007,3.9000000000000004,3.8500000000000005,1.2000000000000002,1.3000000000000007,1.2500000000000004,0,0,0,,1
79,52,3.9000000000000004,4.0,3.95,1.2000000000000002,1.3000000000000007,1.2500000000000004,0,0,0,,1
0,53,-4.0,-3.9,-3.95,1.3000000000000007,1.4000000000000004,1.3500000000000005,0,0,0,,1
1,53,-3.9,-3.8,-3.8499999999999996,1.3000000000000007,1.4000000000000004,1.3500000000000005,0,0,0,,1
2,53,-3.8,-3.7,-3.75,1.3000000000000007,1.4000000000000004,1.3500000000000005,0,0,0,,1
3,53,-3.7,-3.6,-3.6500000000000004,1.3000000000000007,1.4000000000000004,1.3500000000000005,0,0,0,,1
4,53,-3.6,-3.5,-3.55,1.3000000000000007,1.4000000000000004,1.3500000000000005,0,0,0,,1
5,53,-3.5,-3.4,-3.45,1.3000000000000007,1.4000000000000004,1.3500000000000005,0,0,0,,1
6,53,-3.4,-3.3,-3.3499999999999996,1.3000000000000007,1.4000000000000004,1.3500000000000005,0,0,0,,1
7,53,-3.3,-3.2,-3.25,1.3000000000000007,1.4000000000000004,1.3500000000000005,0,0,0,,1
8,53,-3.2,-3.1,-3.1500000000000004,1.3000000000000007,1.4000000000000004,1.3500000000000005,0,0,0,,1
9,53,-3.1,-3.0,-3.05,1.3000000000000007,1.4000000000000004,1.3500000000000005,0,0,0,,1
10,53,-3.0,-2.9,-2.95,1.3000000000000007,1.4000000000000004,1.3500000000000005,0,0,0,,1
11,53,-2.9,-2.8,-2.8499999999999996,1.3000000000000007,1.4000000000000004,1.3500000000000005,0,0,0,,1
12,53,-2.8,-2.7,-2.75,1.3000000000000007,1.4000000000000004,1.3500000000000005,0,0,0,,1
13,53,-2.7,-2.5999999999999996,-2.65,1.3000000000000007,1.4000000000000004,1.3500000000000005,0,0,0,,1
14,53,-2.5999999999999996,-2.5,-2.55,1.3000000000000007,1.4000000000000004,1.3500000000000005,0,0,0,,1
15,53,-2.5,-2.4,-2.45,1.3000000000000007,1.4000000000000004,1.3500000000000005,0,0,0,,1
16,53,-2.4,-2.3,-2.3499999999999996,1.3000000000000007,1.4000000000000004,1.3500000000000005,0,1,1,0.0,1
17,53,-2.3,-2.2,-2.25,1.3000000000000007,1.4000000000000004,1.3500000000000005,0,0,0,,1
18,53,-2.2,-2.0999999999999996,-2.15,1.3000000000000007,1.4000000000000004,1.3500000000000005,0,1,1,0.0,1
19,53,-2.0999999999999996,-2.0,-2.05,1.3000000000000007,1.4000000000000004,1.3500000000000005,0,0,0,,1
20,53,-2.0,-1.9,-1.95,1.3000000000000007,1.4000000000000004,1.3500000000000005,1,0,1,1.0,1
21,53,-1.9,-1.7999999999999998,-1.8499999999999999,1.3000000000000007,1.4000000000000004,1.3500000000000005,0,0,0,,1
22,53,-1.7999999999999998,-1.6999999999999997,-1.7499999999999998,1.3000000000000007,1.4000000000000004,1.3500000000000005,0,1,1,0.0,1
23,53,-1.6999999999999997,-1.5999999999999996,-1.6499999999999997,1.3000000000000007,1.4000000000000004,1.3500000000000005,2,1,3,0.6666666666666666,1
24,53,-1.5999999999999996,-1.5,-1.5499999999999998,1.3000000000000007,1.4000000000000004,1.3500000000000005,0,2,2,0.0,1
25,53,-1.5,-1.4,-1.45,1.3000000000000007,1.4000000000000004,1.3500000000000005,1,1,2,0.5,1
26,53,-1.4,-1.2999999999999998,-1.3499999999999999,1.3000000000000007,1.4000000000000004,1.3500000000000005,0,2,2,0.0,1
27,53,-1.2999999999999998,-1.1999999999999997,-1.2499999999999998,1.3000000000000007,1.4000000000000004,1.3500000000000005,0,5,5,0.0,0
28,53,-1.1999999999999997,-1.0999999999999996,-1.1499999999999997,1.3000000000000007,1.4000000000000004,1.3500000000000005,0,2,2,0.0,1
29,53,-1.0999999999999996,-1.0,-1.0499999999999998,1.3000000000000007,1.4000000000000004,1.3500000000000005,0,3,3,0.0,1
30,53,-1.0,-0.8999999999999999,-0.95,1.3000000000000007,1.4000000000000004,1.3500000000000005,0,2,2,0.0,1
31,53,-0.8999999999999999,-0.7999999999999998,-0.8499999999999999,1.3000000000000007,1.4000000000000004,1.3500000000000005,0,1,1,0.0,1
32,53,-0.7999999999999998,-0.6999999999999997,-0.7499999999999998,1.3000000000000007,1.4000000000000004,1.3500000000000005,0,3,3,0.0,1
33,53,-0.6999999999999997,-0.5999999999999996,-0.6499999999999997,1.3000000000000007,1.4000000000000004,1.3500000000000005,0,2,2,0.0,1
34,53,-0.5999999999999996,-0.5,-0.5499999999999998,1.3000000000000007,1.4000000000000004,1.3500000000000005,0,1,1,0.0,1
35,53,-0.5,-0.3999999999999999,-0.44999999999999996,1.3000000000000007,1.4000000000000004,1.3500000000000005,0,1,1,0.0,1
36,53,-0.3999999999999999,-0.2999999999999998,-0.34999999999999987,1.3000000000000007,1.4000000000000004,1.3500000000000005,0,3,3,0.0,1
37,53,-0.2999999999999998,-0.19999999999999973,-0.24999999999999978,1.3000000000000007,1.4000000000000004,1.3500000000000005,0,4,4,0.0,1
38,53,-0.19999999999999973,-0.09999999999999964,-0.1499999999999997,1.3000000000000007,1.4000000000000004,1.3500000000000005,0,4,4,0.0,1
39,53,-0.09999999999999964,0.0,-0.04999999999999982,1.3000000000000007,1.4000000000000004,1.3500000000000005,1,3,4,0.25,1
40,53,0.0,0.10000000000000053,0.050000000000000266,1.3000000000000007,1.4000000000000004,1.3500000000000005,1,0,1,1.0,1
41,53,0.10000000000000053,0.20000000000000018,0.15000000000000036,1.3000000000000007,1.4000000000000004,1.3500000000000005,0,2,2,0.0,1
42,53,0.20000000000000018,0.2999999999999998,0.25,1.3000000000000007,1.4000000000000004,1.3500000000000005,1,0,1,1.0,1
43,53,0.2999999999999998,0.40000000000000036,0.3500000000000001,1.3000000000000007,1.4000000000000004,1.3500000000000005,0,2,2,0.0,1
44,53,0.40000000000000036,0.5,0.4500000000000002,1.3000000000000007,1.4000000000000004,1.3500000000000005,0,0,0,,1
45,53,0.5,0.6000000000000005,0.5500000000000003,1.3000000000000007,1.4000000000000004,1.3500000000000005,0,3,3,0.0,1
46,53,0.6000000000000005,0.7000000000000002,0.6500000000000004,1.3000000000000007,1.4000000000000004,1.3500000000000005,3,1,4,0.75,1
47,53,0.7000000000000002,0.8000000000000007,0.7500000000000004,1.3000000000000007,1.4000000000000004,1.3500000000000005,1,1,2,0.5,1
48,53,0.8000000000000007,0.9000000000000004,0.8500000000000005,1.3000000000000007,1.4000000000000004,1.3500000000000005,8,1,9,0.8888888888888888,0
49,53,0.9000000000000004,1.0,0.9500000000000002,1.3000000000000007,1.4000000000000004,1.3500000000000005,4,1,5,0.8,0
50,53,1.0,1.1000000000000005,1.0500000000000003,1.3000000000000007,1.4000000000000004,1.3500000000000005,3,3,6,0.5,0
51,53,1.1000000000000005,1.2000000000000002,1.1500000000000004,1.3000000000000007,1.4000000000000004,1.3500000000000005,2,3,5,0.4,0
52,53,1.2000000000000002,1.3000000000000007,1.2500000000000004,1.3000000000000007,1.4000000000000004,1.3500000000000005,2,1,3,0.6666666666666666,1
53,53,1.3000000000000007,1.4000000000000004,1.3500000000000005,1.3000000000000007,1.4000000000000004,1.3500000000000005,1,2,3,0.3333333333333333,1
54,53,1.4000000000000004,1.5,1.4500000000000002,1.3000000000000007,1.4000000000000004,1.3500000000000005,0,0,0,,1
55,53,1.5,1.6000000000000005,1.5500000000000003,1.3000000000000007,1.4000000000000004,1.3500000000000005,1,1,2,0.5,1
56,53,1.6000000000000005,1.7000000000000002,1.6500000000000004,1.3000000000000007,1.4000000000000004,1.3500000000000005,0,0,0,,1
57,53,1.7000000000000002,1.8000000000000007,1.7500000000000004,1.3000000000000007,1.4000000000000004,1.3500000000000005,0,1,1,0.0,1
58,53,1.8000000000000007,1.9000000000000004,1.8500000000000005,1.3000000000000007,1.4000000000000004,1.3500000000000005,0,1,1,0.0,1
59,53,1.9000000000000004,2.0,1.9500000000000002,1.3000000000000007,1.4000000000000004,1.3500000000000005,0,0,0,,1
60,53,2.0,2.1000000000000005,2.0500000000000003,1.3000000000000007,1.4000000000000004,1.3500000000000005,0,1,1,0.0,1
61,53,2.1000000000000005,2.2,2.1500000000000004,1.3000000000000007,1.4000000000000004,1.3500000000000005,0,0,0,,1
62,53,2.2,2.3000000000000007,2.2500000000000004,1.3000000000000007,1.4000000000000004,1.3500000000000005,0,0,0,,1
63,53,2.3000000000000007,2.4000000000000004,2.3500000000000005,1.3000000000000007,1.4000000000000004,1.3500000000000005,0,0,0,,1
64,53,2.4000000000000004,2.5,2.45,1.3000000000000007,1.4000000000000004,1.3500000000000005,0,0,0,,1
65,53,2.5,2.6000000000000005,2.5500000000000003,1.3000000000000007,1.4000000000000004,1.3500000000000005,0,0,0,,1
66,53,2.6000000000000005,2.7,2.6500000000000004,1.3000000000000007,1.4000000000000004,1.3500000000000005,0,0,0,,1
67,53,2.7,2.8000000000000007,2.7500000000000004,1.3000000000000007,1.4000000000000004,1.3500000000000005,0,0,0,,1
68,53,2.8000000000000007,2.9000000000000004,2.8500000000000005,1.3000000000000007,1.4000000000000004,1.3500000000000005,0,0,0,,1
69,53,2.9000000000000004,3.0,2.95,1.3000000000000007,1.4000000000000004,1.3500000000000005,0,0,0,,1
70,53,3.0,3.1000000000000005,3.0500000000000003,1.3000000000000007,1.4000000000000004,1.3500000000000005,0,0,0,,1
71,53,3.1000000000000005,3.2,3.1500000000000004,1.3000000000000007,1.4000000000000004,1.3500000000000005,0,0,0,,1
72,53,3.2,3.3000000000000007,3.2500000000000004,1.3000000000000007,1.4000000000000004,1.3500000000000005,0,0,0,,1
73,53,3.3000000000000007,3.4000000000000004,3.3500000000000005,1.3000000000000007,1.4000000000000004,1.3500000000000005,0,0,0,,1
74,53,3.4000000000000004,3.5,3.45,1.3000000000000007,1.4000000000000004,1.3500000000000005,0,0,0,,1
75,53,3.5,3.6000000000000005,3.5500000000000003,1.3000000000000007,1.4000000000000004,1.3500000000000005,0,0,0,,1
76,53,3.6000000000000005,3.7,3.6500000000000004,1.3000000000000007,1.4000000000000004,1.3500000000000005,0,0,0,,1
77,53,3.7,3.8000000000000007,3.7500000000000004,1.3000000000000007,1.4000000000000004,1.3500000000000005,0,0,0,,1
78,53,3.8000000000000007,3.9000000000000004,3.8500000000000005,1.3000000000000007,1.4000000000000004,1.3500000000000005,0,0,0,,1
79,53,3.9000000000000004,4.0,3.95,1.3000000000000007,1.4000000000000004,1.3500000000000005,0,0,0,,1
0,54,-4.0,-3.9,-3.95,1.4000000000000004,1.5,1.4500000000000002,0,0,0,,1
1,54,-3.9,-3.8,-3.8499999999999996,1.4000000000000004,1.5,1.4500000000000002,0,0,0,,1
2,54,-3.8,-3.7,-3.75,1.4000000000000004,1.5,1.4500000000000002,0,0,0,,1
3,54,-3.7,-3.6,-3.6500000000000004,1.4000000000000004,1.5,1.4500000000000002,0,0,0,,1
4,54,-3.6,-3.5,-3.55,1.4000000000000004,1.5,1.4500000000000002,0,0,0,,1
5,54,-3.5,-3.4,-3.45,1.4000000000000004,1.5,1.4500000000000002,0,0,0,,1
6,54,-3.4,-3.3,-3.3499999999999996,1.4000000000000004,1.5,1.4500000000000002,0,0,0,,1
7,54,-3.3,-3.2,-3.25,1.4000000000000004,1.5,1.4500000000000002,0,0,0,,1
8,54,-3.2,-3.1,-3.1500000000000004,1.4000000000000004,1.5,1.4500000000000002,0,0,0,,1
9,54,-3.1,-3.0,-3.05,1.4000000000000004,1.5,1.4500000000000002,0,0,0,,1
10,54,-3.0,-2.9,-2.95,1.4000000000000004,1.5,1.4500000000000002,0,0,0,,1
11,54,-2.9,-2.8,-2.8499999999999996,1.4000000000000004,1.5,1.4500000000000002,0,0,0,,1
12,54,-2.8,-2.7,-2.75,1.4000000000000004,1.5,1.4500000000000002,0,0,0,,1
13,54,-2.7,-2.5999999999999996,-2.65,1.4000000000000004,1.5,1.4500000000000002,0,0,0,,1
14,54,-2.5999999999999996,-2.5,-2.55,1.4000000000000004,1.5,1.4500000000000002,0,0,0,,1
15,54,-2.5,-2.4,-2.45,1.4000000000000004,1.5,1.4500000000000002,1,0,1,1.0,1
16,54,-2.4,-2.3,-2.3499999999999996,1.4000000000000004,1.5,1.4500000000000002,0,0,0,,1
17,54,-2.3,-2.2,-2.25,1.4000000000000004,1.5,1.4500000000000002,0,0,0,,1
18,54,-2.2,-2.0999999999999996,-2.15,1.4000000000000004,1.5,1.4500000000000002,1,0,1,1.0,1
19,54,-2.0999999999999996,-2.0,-2.05,1.4000000000000004,1.5,1.4500000000000002,0,0,0,,1
20,54,-2.0,-1.9,-1.95,1.4000000000000004,1.5,1.4500000000000002,0,1,1,0.0,1
21,54,-1.9,-1.7999999999999998,-1.8499999999999999,1.4000000000000004,1.5,1.4500000000000002,0,0,0,,1
22,54,-1.7999999999999998,-1.6999999999999997,-1.7499999999999998,1.4000000000000004,1.5,1.4500000000000002,0,0,0,,1
23,54,-1.6999999999999997,-1.5999999999999996,-1.6499999999999997,1.4000000000000004,1.5,1.4500000000000002,0,3,3,0.0,1
24,54,-1.5999999999999996,-1.5,-1.5499999999999998,1.4000000000000004,1.5,1.4500000000000002,0,3,3,0.0,1
25,54,-1.5,-1.4,-1.45,1.4000000000000004,1.5,1.4500000000000002,0,0,0,,1
26,54,-1.4,-1.2999999999999998,-1.3499999999999999,1.4000000000000004,1.5,1.4500000000000002,0,1,1,0.0,1
27,54,-1.2999999999999998,-1.1999999999999997,-1.2499999999999998,1.4000000000000004,1.5,1.4500000000000002,0,2,2,0.0,1
28,54,-1.1999999999999997,-1.0999999999999996,-1.1499999999999997,1.4000000000000004,1.5,1.4500000000000002,0,0,0,,1
29,54,-1.0999999999999996,-1.0,-1.0499999999999998,1.4000000000000004,1.5,1.4500000000000002,0,1,1,0.0,1
30,54,-1.0,-0.8999999999999999,-0.95,1.4000000000000004,1.5,1.4500000000000002,0,0,0,,1
31,54,-0.8999999999999999,-0.7999999999999998,-0.8499999999999999,1.4000000000000004,1.5,1.4500000000000002,0,1,1,0.0,1
32,54,-0.7999999999999998,-0.6999999999999997,-0.7499999999999998,1.4000000000000004,1.5,1.4500000000000002,0,4,4,0.0,1
33,54,-0.6999999999999997,-0.5999999999999996,-0.6499999999999997,1.4000000000000004,1.5,1.4500000000000002,0,5,5,0.0,0
34,54,-0.5999999999999996,-0.5,-0.5499999999999998,1.4000000000000004,1.5,1.4500000000000002,0,3,3,0.0,1
35,54,-0.5,-0.3999999999999999,-0.44999999999999996,1.4000000000000004,1.5,1.4500000000000002,0,3,3,0.0,1
36,54,-0.3999999999999999,-0.2999999999999998,-0.34999999999999987,1.4000000000000004,1.5,1.4500000000000002,0,1,1,0.0,1
37,54,-0.2999999999999998,-0.19999999999999973,-0.24999999999999978,1.4000000000000004,1.5,1.4500000000000002,1,1,2,0.5,1
38,54,-0.19999999999999973,-0.09999999999999964,-0.1499999999999997,1.4000000000000004,1.5,1.4500000000000002,2,0,2,1.0,1
39,54,-0.09999999999999964,0.0,-0.04999999999999982,1.4000000000000004,1.5,1.4500000000000002,0,1,1,0.0,1
40,54,0.0,0.10000000000000053,0.050000000000000266,1.4000000000000004,1.5,1.4500000000000002,0,0,0,,1
41,54,0.10000000000000053,0.20000000000000018,0.15000000000000036,1.4000000000000004,1.5,1.4500000000000002,0,0,0,,1
42,54,0.20000000000000018,0.2999999999999998,0.25,1.4000000000000004,1.5,1.4500000000000002,0,3,3,0.0,1
43,54,0.2999999999999998,0.40000000000000036,0.3500000000000001,1.4000000000000004,1.5,1.4500000000000002,0,0,0,,1
44,54,0.40000000000000036,0.5,0.4500000000000002,1.4000000000000004,1.5,1.4500000000000002,0,3,3,0.0,1
45,54,0.5,0.6000000000000005,0.5500000000000003,1.4000000000000004,1.5,1.4500000000000002,2,0,2,1.0,1
46,54,0.6000000000000005,0.7000000000000002,0.6500000000000004,1.4000000000000004,1.5,1.4500000000000002,2,4,6,0.3333333333333333,0
47,54,0.7000000000000002,0.8000000000000007,0.7500000000000004,1.4000000000000004,1.5,1.4500000000000002,3,1,4,0.75,1
48,54,0.8000000000000007,0.9000000000000004,0.8500000000000005,1.4000000000000004,1.5,1.4500000000000002,4,3,7,0.5714285714285714,0
49,54,0.9000000000000004,1.0,0.9500000000000002,1.4000000000000004,1.5,1.4500000000000002,1,3,4,0.25,1
50,54,1.0,1.1000000000000005,1.0500000000000003,1.4000000000000004,1.5,1.4500000000000002,1,1,2,0.5,1
51,54,1.1000000000000005,1.2000000000000002,1.1500000000000004,1.4000000000000004,1.5,1.4500000000000002,0,2,2,0.0,1
52,54,1.2000000000000002,1.3000000000000007,1.2500000000000004,1.4000000000000004,1.5,1.4500000000000002,1,1,2,0.5,1
53,54,1.3000000000000007,1.4000000000000004,1.3500000000000005,1.4000000000000004,1.5,1.4500000000000002,3,2,5,0.6,0
54,54,1.4000000000000004,1.5,1.4500000000000002,1.4000000000000004,1.5,1.4500000000000002,2,4,6,0.3333333333333333,0
55,54,1.5,1.6000000000000005,1.5500000000000003,1.4000000000000004,1.5,1.4500000000000002,3,3,6,0.5,0
56,54,1.6000000000000005,1.7000000000000002,1.6500000000000004,1.4000000000000004,1.5,1.4500000000000002,5,1,6,0.8333333333333334,0
57,54,1.7000000000000002,1.8000000000000007,1.7500000000000004,1.4000000000000004,1.5,1.4500000000000002,6,0,6,1.0,0
58,54,1.8000000000000007,1.9000000000000004,1.8500000000000005,1.4000000000000004,1.5,1.4500000000000002,0,2,2,0.0,1
59,54,1.9000000000000004,2.0,1.9500000000000002,1.4000000000000004,1.5,1.4500000000000002,0,0,0,,1
60,54,2.0,2.1000000000000005,2.0500000000000003,1.4000000000000004,1.5,1.4500000000000002,0,0,0,,1
61,54,2.1000000000000005,2.2,2.1500000000000004,1.4000000000000004,1.5,1.4500000000000002,0,0,0,,1
62,54,2.2,2.3000000000000007,2.2500000000000004,1.4000000000000004,1.5,1.4500000000000002,0,0,0,,1
63,54,2.3000000000000007,2.4000000000000004,2.3500000000000005,1.4000000000000004,1.5,1.4500000000000002,0,0,0,,1
64,54,2.4000000000000004,2.5,2.45,1.4000000000000004,1.5,1.4500000000000002,0,0,0,,1
65,54,2.5,2.6000000000000005,2.5500000000000003,1.4000000000000004,1.5,1.4500000000000002,0,0,0,,1
66,54,2.6000000000000005,2.7,2.6500000000000004,1.4000000000000004,1.5,1.4500000000000002,0,0,0,,1
67,54,2.7,2.8000000000000007,2.7500000000000004,1.4000000000000004,1.5,1.4500000000000002,0,0,0,,1
68,54,2.8000000000000007,2.9000000000000004,2.8500000000000005,1.4000000000000004,1.5,1.4500000000000002,0,0,0,,1
69,54,2.9000000000000004,3.0,2.95,1.4000000000000004,1.5,1.4500000000000002,0,0,0,,1
70,54,3.0,3.1000000000000005,3.0500000000000003,1.4000000000000004,1.5,1.4500000000000002,0,0,0,,1
71,54,3.1000000000000005,3.2,3.1500000000000004,1.4000000000000004,1.5,1.4500000000000002,0,0,0,,1
72,54,3.2,3.3000000000000007,3.2500000000000004,1.4000000000000004,1.5,1.4500000000000002,0,0,0,,1
73,54,3.3000000000000007,3.4000000000000004,3.3500000000000005,1.4000000000000004,1.5,1.4500000000000002,0,0,0,,1
74,54,3.4000000000000004,3.5,3.45,1.4000000000000004,1.5,1.4500000000000002,0,0,0,,1
75,54,3.5,3.6000000000000005,3.5500000000000003,1.4000000000000004,1.5,1.4500000000000002,0,0,0,,1
76,54,3.6000000000000005,3.7,3.6500000000000004,1.4000000000000004,1.5,1.4500000000000002,0,0,0,,1
77,54,3.7,3.8000000000000007,3.7500000000000004,1.4000000000000004,1.5,1.4500000000000002,0,0,0,,1
78,54,3.8000000000000007,3.9000000000000004,3.8500000000000005,1.4000000000000004,1.5,1.4500000000000002,0,0,0,,1
79,54,3.9000000000000004,4.0,3.95,1.4000000000000004,1.5,1.4500000000000002,0,0,0,,1
0,55,-4.0,-3.9,-3.95,1.5,1.6000000000000005,1.5500000000000003,0,0,0,,1
1,55,-3.9,-3.8,-3.8499999999999996,1.5,1.6000000000000005,1.5500000000000003,0,0,0,,1
2,55,-3.8,-3.7,-3.75,1.5,1.6000000000000005,1.5500000000000003,0,0,0,,1
3,55,-3.7,-3.6,-3.6500000000000004,1.5,1.6000000000000005,1.5500000000000003,0,0,0,,1
4,55,-3.6,-3.5,-3.55,1.5,1.6000000000000005,1.5500000000000003,0,0,0,,1
5,55,-3.5,-3.4,-3.45,1.5,1.6000000000000005,1.5500000000000003,0,0,0,,1
6,55,-3.4,-3.3,-3.3499999999999996,1.5,1.6000000000000005,1.5500000000000003,0,0,0,,1
7,55,-3.3,-3.2,-3.25,1.5,1.6000000000000005,1.5500000000000003,0,0,0,,1
8,55,-3.2,-3.1,-3.1500000000000004,1.5,1.6000000000000005,1.5500000000000003,0,0,0,,1
9,55,-3.1,-3.0,-3.05,1.5,1.6000000000000005,1.5500000000000003,0,0,0,,1
10,55,-3.0,-2.9,-2.95,1.5,1.6000000000000005,1.5500000000000003,0,0,0,,1
11,55,-2.9,-2.8,-2.8499999999999996,1.5,1.6000000000000005,1.5500000000000003,0,0,0,,1
12,55,-2.8,-2.7,-2.75,1.5,1.6000000000000005,1.5500000000000003,0,0,0,,1
13,55,-2.7,-2.5999999999999996,-2.65,1.5,1.6000000000000005,1.5500000000000003,0,0,0,,1
14,55,-2.5999999999999996,-2.5,-2.55,1.5,1.6000000000000005,1.5500000000000003,1,0,1,1.0,1
15,55,-2.5,-2.4,-2.45,1.5,1.6000000000000005,1.5500000000000003,0,0,0,,1
16,55,-2.4,-2.3,-2.3499999999999996,1.5,1.6000000000000005,1.5500000000000003,1,0,1,1.0,1
17,55,-2.3,-2.2,-2.25,1.5,1.6000000000000005,1.5500000000000003,1,0,1,1.0,1
18,55,-2.2,-2.0999999999999996,-2.15,1.5,1.6000000000000005,1.5500000000000003,0,0,0,,1
19,55,-2.0999999999999996,-2.0,-2.05,1.5,1.6000000000000005,1.5500000000000003,0,0,0,,1
20,55,-2.0,-1.9,-1.95,1.5,1.6000000000000005,1.5500000000000003,0,0,0,,1
21,55,-1.9,-1.7999999999999998,-1.8499999999999999,1.5,1.6000000000000005,1.5500000000000003,0,0,0,,1
22,55,-1.7999999999999998,-1.6999999999999997,-1.7499999999999998,1.5,1.6000000000000005,1.5500000000000003,0,1,1,0.0,1
23,55,-1.6999999999999997,-1.5999999999999996,-1.6499999999999997,1.5,1.6000000000000005,1.5500000000000003,0,0,0,,1
24,55,-1.5999999999999996,-1.5,-1.5499999999999998,1.5,1.6000000000000005,1.5500000000000003,0,0,0,,1
25,55,-1.5,-1.4,-1.45,1.5,1.6000000000000005,1.5500000000000003,0,2,2,0.0,1
26,55,-1.4,-1.2999999999999998,-1.3499999999999999,1.5,1.6000000000000005,1.5500000000000003,1,1,2,0.5,1
27,55,-1.2999999999999998,-1.1999999999999997,-1.2499999999999998,1.5,1.6000000000000005,1.5500000000000003,0,3,3,0.0,1
28,55,-1.1999999999999997,-1.0999999999999996,-1.1499999999999997,1.5,1.6000000000000005,1.5500000000000003,0,1,1,0.0,1
29,55,-1.0999999999999996,-1.0,-1.0499999999999998,1.5,1.6000000000000005,1.5500000000000003,0,3,3,0.0,1
30,55,-1.0,-0.8999999999999999,-0.95,1.5,1.6000000000000005,1.5500000000000003,0,5,5,0.0,0
31,55,-0.8999999999999999,-0.7999999999999998,-0.8499999999999999,1.5,1.6000000000000005,1.5500000000000003,0,5,5,0.0,0
32,55,-0.7999999999999998,-0.6999999999999997,-0.7499999999999998,1.5,1.6000000000000005,1.5500000000000003,0,2,2,0.0,1
33,55,-0.6999999999999997,-0.5999999999999996,-0.6499999999999997,1.5,1.6000000000000005,1.5500000000000003,0,3,3,0.0,1
34,55,-0.5999999999999996,-0.5,-0.5499999999999998,1.5,1.6000000000000005,1.5500000000000003,0,3,3,0.0,1
35,55,-0.5,-0.3999999999999999,-0.44999999999999996,1.5,1.6000000000000005,1.5500000000000003,0,3,3,0.0,1
36,55,-0.3999999999999999,-0.2999999999999998,-0.34999999999999987,1.5,1.6000000000000005,1.5500000000000003,2,3,5,0.4,0
37,55,-0.2999999999999998,-0.19999999999999973,-0.24999999999999978,1.5,1.6000000000000005,1.5500000000000003,1,2,3,0.3333333333333333,1
38,55,-0.19999999999999973,-0.09999999999999964,-0.1499999999999997,1.5,1.6000000000000005,1.5500000000000003,0,3,3,0.0,1
39,55,-0.09999999999999964,0.0,-0.04999999999999982,1.5,1.6000000000000005,1.5500000000000003,0,2,2,0.0,1
40,55,0.0,0.10000000000000053,0.050000000000000266,1.5,1.6000000000000005,1.5500000000000003,0,2,2,0.0,1
41,55,0.10000000000000053,0.20000000000000018,0.15000000000000036,1.5,1.6000000000000005,1.5500000000000003,0,6,6,0.0,0
42,55,0.20000000000000018,0.2999999999999998,0.25,1.5,1.6000000000000005,1.5500000000000003,0,2,2,0.0,1
43,55,0.2999999999999998,0.40000000000000036,0.3500000000000001,1.5,1.6000000000000005,1.5500000000000003,0,6,6,0.0,0
44,55,0.40000000000000036,0.5,0.4500000000000002,1.5,1.6000000000000005,1.5500000000000003,0,6,6,0.0,0
45,55,0.5,0.6000000000000005,0.5500000000000003,1.5,1.6000000000000005,1.5500000000000003,2,3,5,0.4,0
46,55,0.6000000000000005,0.7000000000000002,0.6500000000000004,1.5,1.6000000000000005,1.5500000000000003,2,1,3,0.6666666666666666,1
47,55,0.7000000000000002,0.8000000000000007,0.7500000000000004,1.5,1.6000000000000005,1.5500000000000003,0,3,3,0.0,1
48,55,0.8000000000000007,0.9000000000000004,0.8500000000000005,1.5,1.6000000000000005,1.5500000000000003,6,1,7,0.8571428571428571,0
49,55,0.9000000000000004,1.0,0.9500000000000002,1.5,1.6000000000000005,1.5500000000000003,1,1,2,0.5,1
50,55,1.0,1.1000000000000005,1.0500000000000003,1.5,1.6000000000000005,1.5500000000000003,0,2,2,0.0,1
51,55,1.1000000000000005,1.2000000000000002,1.1500000000000004,1.5,1.6000000000000005,1.5500000000000003,1,0,1,1.0,1
52,55,1.2000000000000002,1.3000000000000007,1.2500000000000004,1.5,1.6000000000000005,1.5500000000000003,2,0,2,1.0,1
53,55,1.3000000000000007,1.4000000000000004,1.3500000000000005,1.5,1.6000000000000005,1.5500000000000003,1,0,1,1.0,1
54,55,1.4000000000000004,1.5,1.4500000000000002,1.5,1.6000000000000005,1.5500000000000003,0,0,0,,1
55,55,1.5,1.6000000000000005,1.5500000000000003,1.5,1.6000000000000005,1.5500000000000003,2,0,2,1.0,1
56,55,1.6000000000000005,1.7000000000000002,1.6500000000000004,1.5,1.6000000000000005,1.5500000000000003,2,3,5,0.4,0
57,55,1.7000000000000002,1.8000000000000007,1.7500000000000004,1.5,1.6000000000000005,1.5500000000000003,0,1,1,0.0,1
58,55,1.8000000000000007,1.9000000000000004,1.8500000000000005,1.5,1.6000000000000005,1.5500000000000003,0,0,0,,1
59,55,1.9000000000000004,2.0,1.9500000000000002,1.5,1.6000000000000005,1.5500000000000003,0,0,0,,1
60,55,2.0,2.1000000000000005,2.0500000000000003,1.5,1.6000000000000005,1.5500000000000003,0,0,0,,1
61,55,2.1000000000000005,2.2,2.1500000000000004,1.5,1.6000000000000005,1.5500000000000003,0,0,0,,1
62,55,2.2,2.3000000000000007,2.2500000000000004,1.5,1.6000000000000005,1.5500000000000003,0,0,0,,1
63,55,2.3000000000000007,2.4000000000000004,2.3500000000000005,1.5,1.6000000000000005,1.5500000000000003,0,0,0,,1
64,55,2.4000000000000004,2.5,2.45,1.5,1.6000000000000005,1.5500000000000003,0,0,0,,1
65,55,2.5,2.6000000000000005,2.5500000000000003,1.5,1.6000000000000005,1.5500000000000003,0,0,0,,1
66,55,2.6000000000000005,2.7,2.6500000000000004,1.5,1.6000000000000005,1.5500000000000003,0,0,0,,1
67,55,2.7,2.8000000000000007,2.7500000000000004,1.5,1.6000000000000005,1.5500000000000003,0,0,0,,1
68,55,2.8000000000000007,2.9000000000000004,2.8500000000000005,1.5,1.6000000000000005,1.5500000000000003,0,0,0,,1
69,55,2.9000000000000004,3.0,2.95,1.5,1.6000000000000005,1.5500000000000003,0,0,0,,1
70,55,3.0,3.1000000000000005,3.0500000000000003,1.5,1.6000000000000005,1.5500000000000003,0,0,0,,1
71,55,3.1000000000000005,3.2,3.1500000000000004,1.5,1.6000000000000005,1.5500000000000003,0,0,0,,1
72,55,3.2,3.3000000000000007,3.2500000000000004,1.5,1.6000000000000005,1.5500000000000003,0,0,0,,1
73,55,3.3000000000000007,3.4000000000000004,3.3500000000000005,1.5,1.6000000000000005,1.5500000000000003,0,0,0,,1
74,55,3.4000000000000004,3.5,3.45,1.5,1.6000000000000005,1.5500000000000003,0,0,0,,1
75,55,3.5,3.6000000000000005,3.5500000000000003,1.5,1.6000000000000005,1.5500000000000003,0,0,0,,1
76,55,3.6000000000000005,3.7,3.6500000000000004,1.5,1.6000000000000005,1.5500000000000003,0,0,0,,1
77,55,3.7,3.8000000000000007,3.7500000000000004,1.5,1.6000000000000005,1.5500000000000003,0,0,0,,1
78,55,3.8000000000000007,3.9000000000000004,3.8500000000000005,1.5,1.6000000000000005,1.5500000000000003,0,0,0,,1
79,55,3.9000000000000004,4.0,3.95,1.5,1.6000000000000005,1.5500000000000003,0,0,0,,1
0,56,-4.0,-3.9,-3.95,1.6000000000000005,1.7000000000000002,1.6500000000000004,0,0,0,,1
1,56,-3.9,-3.8,-3.8499999999999996,1.6000000000000005,1.7000000000000002,1.6500000000000004,0,0,0,,1
2,56,-3.8,-3.7,-3.75,1.6000000000000005,1.7000000000000002,1.6500000000000004,0,0,0,,1
3,56,-3.7,-3.6,-3.6500000000000004,1.6000000000000005,1.7000000000000002,1.6500000000000004,0,0,0,,1
4,56,-3.6,-3.5,-3.55,1.6000000000000005,1.7000000000000002,1.6500000000000004,0,0,0,,1
5,56,-3.5,-3.4,-3.45,1.6000000000000005,1.7000000000000002,1.6500000000000004,0,0,0,,1
6,56,-3.4,-3.3,-3.3499999999999996,1.6000000000000005,1.7000000000000002,1.6500000000000004,0,0,0,,1
7,56,-3.3,-3.2,-3.25,1.6000000000000005,1.7000000000000002,1.6500000000000004,0,0,0,,1
8,56,-3.2,-3.1,-3.1500000000000004,1.6000000000000005,1.7000000000000002,1.6500000000000004,0,0,0,,1
9,56,-3.1,-3.0,-3.05,1.6000000000000005,1.7000000000000002,1.6500000000000004,0,0,0,,1
10,56,-3.0,-2.9,-2.95,1.6000000000000005,1.7000000000000002,1.6500000000000004,0,0,0,,1
11,56,-2.9,-2.8,-2.8499999999999996,1.6000000000000005,1.7000000000000002,1.6500000000000004,0,0,0,,1
12,56,-2.8,-2.7,-2.75,1.6000000000000005,1.7000000000000002,1.6500000000000004,0,0,0,,1
13,56,-2.7,-2.5999999999999996,-2.65,1.6000000000000005,1.7000000000000002,1.6500000000000004,1,0,1,1.0,1
14,56,-2.5999999999999996,-2.5,-2.55,1.6000000000000005,1.7000000000000002,1.6500000000000004,0,0,0,,1
15,56,-2.5,-2.4,-2.45,1.6000000000000005,1.7000000000000002,1.6500000000000004,0,0,0,,1
16,56,-2.4,-2.3,-2.3499999999999996,1.6000000000000005,1.7000000000000002,1.6500000000000004,0,0,0,,1
17,56,-2.3,-2.2,-2.25,1.6000000000000005,1.7000000000000002,1.6500000000000004,0,0,0,,1
18,56,-2.2,-2.0999999999999996,-2.15,1.6000000000000005,1.7000000000000002,1.6500000000000004,0,0,0,,1
19,56,-2.0999999999999996,-2.0,-2.05,1.6000000000000005,1.7000000000000002,1.6500000000000004,0,0,0,,1
20,56,-2.0,-1.9,-1.95,1.6000000000000005,1.7000000000000002,1.6500000000000004,0,0,0,,1
21,56,-1.9,-1.7999999999999998,-1.8499999999999999,1.6000000000000005,1.7000000000000002,1.6500000000000004,0,0,0,,1
22,56,-1.7999999999999998,-1.6999999999999997,-1.7499999999999998,1.6000000000000005,1.7000000000000002,1.6500000000000004,0,0,0,,1
23,56,-1.6999999999999997,-1.5999999999999996,-1.6499999999999997,1.6000000000000005,1.7000000000000002,1.6500000000000004,0,0,0,,1
24,56,-1.5999999999999996,-1.5,-1.5499999999999998,1.6000000000000005,1.7000000000000002,1.6500000000000004,0,2,2,0.0,1
25,56,-1.5,-1.4,-1.45,1.6000000000000005,1.7000000000000002,1.6500000000000004,0,0,0,,1
26,56,-1.4,-1.2999999999999998,-1.3499999999999999,1.6000000000000005,1.7000000000000002,1.6500000000000004,0,7,7,0.0,0
27,56,-1.2999999999999998,-1.1999999999999997,-1.2499999999999998,1.6000000000000005,1.7000000000000002,1.6500000000000004,1,4,5,0.2,0
28,56,-1.1999999999999997,-1.0999999999999996,-1.1499999999999997,1.6000000000000005,1.7000000000000002,1.6500000000000004,0,7,7,0.0,0
29,56,-1.0999999999999996,-1.0,-1.0499999999999998,1.6000000000000005,1.7000000000000002,1.6500000000000004,0,4,4,0.0,1
30,56,-1.0,-0.8999999999999999,-0.95,1.6000000000000005,1.7000000000000002,1.6500000000000004,0,2,2,0.0,1
31,56,-0.8999999999999999,-0.7999999999999998,-0.8499999999999999,1.6000000000000005,1.7000000000000002,1.6500000000000004,0,0,0,,1
32,56,-0.7999999999999998,-0.6999999999999997,-0.7499999999999998,1.6000000000000005,1.7000000000000002,1.6500000000000004,0,5,5,0.0,0
33,56,-0.6999999999999997,-0.5999999999999996,-0.6499999999999997,1.6000000000000005,1.7000000000000002,1.6500000000000004,0,3,3,0.0,1
34,56,-0.5999999999999996,-0.5,-0.5499999999999998,1.6000000000000005,1.7000000000000002,1.6500000000000004,0,3,3,0.0,1
35,56,-0.5,-0.3999999999999999,-0.44999999999999996,1.6000000000000005,1.7000000000000002,1.6500000000000004,0,3,3,0.0,1
36,56,-0.3999999999999999,-0.2999999999999998,-0.34999999999999987,1.6000000000000005,1.7000000000000002,1.6500000000000004,2,3,5,0.4,0
37,56,-0.2999999999999998,-0.19999999999999973,-0.24999999999999978,1.6000000000000005,1.7000000000000002,1.6500000000000004,0,7,7,0.0,0
38,56,-0.19999999999999973,-0.09999999999999964,-0.1499999999999997,1.6000000000000005,1.7000000000000002,1.6500000000000004,0,1,1,0.0,1
39,56,-0.09999999999999964,0.0,-0.04999999999999982,1.6000000000000005,1.7000000000000002,1.6500000000000004,0,5,5,0.0,0
40,56,0.0,0.10000000000000053,0.050000000000000266,1.6000000000000005,1.7000000000000002,1.6500000000000004,0,2,2,0.0,1
41,56,0.10000000000000053,0.20000000000000018,0.15000000000000036,1.6000000000000005,1.7000000000000002,1.6500000000000004,0,3,3,0.0,1
42,56,0.20000000000000018,0.2999999999999998,0.25,1.6000000000000005,1.7000000000000002,1.6500000000000004,0,4,4,0.0,1
43,56,0.2999999999999998,0.40000000000000036,0.3500000000000001,1.6000000000000005,1.7000000000000002,1.6500000000000004,0,0,0,,1
44,56,0.40000000000000036,0.5,0.4500000000000002,1.6000000000000005,1.7000000000000002,1.6500000000000004,1,1,2,0.5,1
45,56,0.5,0.6000000000000005,0.5500000000000003,1.6000000000000005,1.7000000000000002,1.6500000000000004,2,0,2,1.0,1
46,56,0.6000000000000005,0.7000000000000002,0.6500000000000004,1.6000000000000005,1.7000000000000002,1.6500000000000004,1,1,2,0.5,1
47,56,0.7000000000000002,0.8000000000000007,0.7500000000000004,1.6000000000000005,1.7000000000000002,1.6500000000000004,0,0,0,,1
48,56,0.8000000000000007,0.9000000000000004,0.8500000000000005,1.6000000000000005,1.7000000000000002,1.6500000000000004,2,1,3,0.6666666666666666,1
49,56,0.9000000000000004,1.0,0.9500000000000002,1.6000000000000005,1.7000000000000002,1.6500000000000004,2,1,3,0.6666666666666666,1
50,56,1.0,1.1000000000000005,1.0500000000000003,1.6000000000000005,1.7000000000000002,1.6500000000000004,1,0,1,1.0,1
51,56,1.1000000000000005,1.2000000000000002,1.1500000000000004,1.6000000000000005,1.7000000000000002,1.6500000000000004,2,0,2,1.0,1
52,56,1.2000000000000002,1.3000000000000007,1.2500000000000004,1.6000000000000005,1.7000000000000002,1.6500000000000004,1,0,1,1.0,1
53,56,1.3000000000000007,1.4000000000000004,1.3500000000000005,1.6000000000000005,1.7000000000000002,1.6500000000000004,0,0,0,,1
54,56,1.4000000000000004,1.5,1.4500000000000002,1.6000000000000005,1.7000000000000002,1.6500000000000004,1,0,1,1.0,1
55,56,1.5,1.6000000000000005,1.5500000000000003,1.6000000000000005,1.7000000000000002,1.6500000000000004,0,0,0,,1
56,56,1.6000000000000005,1.7000000000000002,1.6500000000000004,1.6000000000000005,1.7000000000000002,1.6500000000000004,0,0,0,,1
57,56,1.7000000000000002,1.8000000000000007,1.7500000000000004,1.6000000000000005,1.7000000000000002,1.6500000000000004,0,1,1,0.0,1
58,56,1.8000000000000007,1.9000000000000004,1.8500000000000005,1.6000000000000005,1.7000000000000002,1.6500000000000004,0,1,1,0.0,1
59,56,1.9000000000000004,2.0,1.9500000000000002,1.6000000000000005,1.7000000000000002,1.6500000000000004,0,0,0,,1
60,56,2.0,2.1000000000000005,2.0500000000000003,1.6000000000000005,1.7000000000000002,1.6500000000000004,0,0,0,,1
61,56,2.1000000000000005,2.2,2.1500000000000004,1.6000000000000005,1.7000000000000002,1.6500000000000004,0,0,0,,1
62,56,2.2,2.3000000000000007,2.2500000000000004,1.6000000000000005,1.7000000000000002,1.6500000000000004,0,0,0,,1
63,56,2.3000000000000007,2.4000000000000004,2.3500000000000005,1.6000000000000005,1.7000000000000002,1.6500000000000004,0,0,0,,1
64,56,2.4000000000000004,2.5,2.45,1.6000000000000005,1.7000000000000002,1.6500000000000004,0,0,0,,1
65,56,2.5,2.6000000000000005,2.5500000000000003,1.6000000000000005,1.7000000000000002,1.6500000000000004,0,0,0,,1
66,56,2.6000000000000005,2.7,2.6500000000000004,1.6000000000000005,1.7000000000000002,1.6500000000000004,0,0,0,,1
67,56,2.7,2.8000000000000007,2.7500000000000004,1.6000000000000005,1.7000000000000002,1.6500000000000004,0,0,0,,1
68,56,2.8000000000000007,2.9000000000000004,2.8500000000000005,1.6000000000000005,1.7000000000000002,1.6500000000000004,0,0,0,,1
69,56,2.9000000000000004,3.0,2.95,1.6000000000000005,1.7000000000000002,1.6500000000000004,0,0,0,,1
70,56,3.0,3.1000000000000005,3.0500000000000003,1.6000000000000005,1.7000000000000002,1.6500000000000004,0,0,0,,1
71,56,3.1000000000000005,3.2,3.1500000000000004,1.6000000000000005,1.7000000000000002,1.6500000000000004,0,0,0,,1
72,56,3.2,3.3000000000000007,3.2500000000000004,1.6000000000000005,1.7000000000000002,1.6500000000000004,0,0,0,,1
73,56,3.3000000000000007,3.4000000000000004,3.3500000000000005,1.6000000000000005,1.7000000000000002,1.6500000000000004,0,0,0,,1
74,56,3.4000000000000004,3.5,3.45,1.6000000000000005,1.7000000000000002,1.6500000000000004,0,0,0,,1
75,56,3.5,3.6000000000000005,3.5500000000000003,1.6000000000000005,1.7000000000000002,1.6500000000000004,0,0,0,,1
76,56,3.6000000000000005,3.7,3.6500000000000004,1.6000000000000005,1.7000000000000002,1.6500000000000004,0,0,0,,1
77,56,3.7,3.8000000000000007,3.7500000000000004,1.6000000000000005,1.7000000000000002,1.6500000000000004,0,0,0,,1
78,56,3.8000000000000007,3.9000000000000004,3.8500000000000005,1.6000000000000005,1.7000000000000002,1.6500000000000004,0,0,0,,1
79,56,3.9000000000000004,4.0,3.95,1.6000000000000005,1.7000000000000002,1.6500000000000004,0,0,0,,1
0,57,-4.0,-3.9,-3.95,1.7000000000000002,1.8000000000000007,1.7500000000000004,0,0,0,,1
1,57,-3.9,-3.8,-3.8499999999999996,1.7000000000000002,1.8000000000000007,1.7500000000000004,0,0,0,,1
2,57,-3.8,-3.7,-3.75,1.7000000000000002,1.8000000000000007,1.7500000000000004,0,0,0,,1
3,57,-3.7,-3.6,-3.6500000000000004,1.7000000000000002,1.8000000000000007,1.7500000000000004,0,0,0,,1
4,57,-3.6,-3.5,-3.55,1.7000000000000002,1.8000000000000007,1.7500000000000004,0,0,0,,1
5,57,-3.5,-3.4,-3.45,1.7000000000000002,1.8000000000000007,1.7500000000000004,0,0,0,,1
6,57,-3.4,-3.3,-3.3499999999999996,1.7000000000000002,1.8000000000000007,1.7500000000000004,0,0,0,,1
7,57,-3.3,-3.2,-3.25,1.7000000000000002,1.8000000000000007,1.7500000000000004,0,0,0,,1
8,57,-3.2,-3.1,-3.1500000000000004,1.7000000000000002,1.8000000000000007,1.7500000000000004,0,0,0,,1
9,57,-3.1,-3.0,-3.05,1.7000000000000002,1.8000000000000007,1.7500000000000004,0,0,0,,1
10,57,-3.0,-2.9,-2.95,1.7000000000000002,1.8000000000000007,1.7500000000000004,0,0,0,,1
11,57,-2.9,-2.8,-2.8499999999999996,1.7000000000000002,1.8000000000000007,1.7500000000000004,0,0,0,,1
12,57,-2.8,-2.7,-2.75,1.7000000000000002,1.8000000000000007,1.7500000000000004,0,0,0,,1
13,57,-2.7,-2.5999999999999996,-2.65,1.7000000000000002,1.8000000000000007,1.7500000000000004,0,0,0,,1
14,57,-2.5999999999999996,-2.5,-2.55,1.7000000000000002,1.8000000000000007,1.7500000000000004,0,0,0,,1
15,57,-2.5,-2.4,-2.45,1.7000000000000002,1.8000000000000007,1.7500000000000004,0,0,0,,1
16,57,-2.4,-2.3,-2.3499999999999996,1.7000000000000002,1.8000000000000007,1.7500000000000004,0,0,0,,1
17,57,-2.3,-2.2,-2.25,1.7000000000000002,1.8000000000000007,1.7500000000000004,0,0,0,,1
18,57,-2.2,-2.0999999999999996,-2.15,1.7000000000000002,1.8000000000000007,1.7500000000000004,0,0,0,,1
19,57,-2.0999999999999996,-2.0,-2.05,1.7000000000000002,1.8000000000000007,1.7500000000000004,0,1,1,0.0,1
20,57,-2.0,-1.9,-1.95,1.7000000000000002,1.8000000000000007,1.7500000000000004,0,0,0,,1
21,57,-1.9,-1.7999999999999998,-1.8499999999999999,1.7000000000000002,1.8000000000000007,1.7500000000000004,0,1,1,0.0,1
22,57,-1.7999999999999998,-1.6999999999999997,-1.7499999999999998,1.7000000000000002,1.8000000000000007,1.7500000000000004,0,1,1,0.0,1
23,57,-1.6999999999999997,-1.5999999999999996,-1.6499999999999997,1.7000000000000002,1.8000000000000007,1.7500000000000004,0,2,2,0.0,1
24,57,-1.5999999999999996,-1.5,-1.5499999999999998,1.7000000000000002,1.8000000000000007,1.7500000000000004,0,3,3,0.0,1
25,57,-1.5,-1.4,-1.45,1.7000000000000002,1.8000000000000007,1.7500000000000004,0,3,3,0.0,1
26,57,-1.4,-1.2999999999999998,-1.3499999999999999,1.7000000000000002,1.8000000000000007,1.7500000000000004,0,3,3,0.0,1
27,57,-1.2999999999999998,-1.1999999999999997,-1.2499999999999998,1.7000000000000002,1.8000000000000007,1.7500000000000004,0,4,4,0.0,1
28,57,-1.1999999999999997,-1.0999999999999996,-1.1499999999999997,1.7000000000000002,1.8000000000000007,1.7500000000000004,0,1,1,0.0,1
29,57,-1.0999999999999996,-1.0,-1.0499999999999998,1.7000000000000002,1.8000000000000007,1.7500000000000004,0,2,2,0.0,1
30,57,-1.0,-0.8999999999999999,-0.95,1.7000000000000002,1.8000000000000007,1.7500000000000004,0,2,2,0.0,1
31,57,-0.8999999999999999,-0.7999999999999998,-0.8499999999999999,1.7000000000000002,1.8000000000000007,1.7500000000000004,0,0,0,,1
32,57,-0.7999999999999998,-0.6999999999999997,-0.7499999999999998,1.7000000000000002,1.8000000000000007,1.7500000000000004,0,0,0,,1
33,57,-0.6999999999999997,-0.5999999999999996,-0.6499999999999997,1.7000000000000002,1.8000000000000007,1.7500000000000004,0,1,1,0.0,1
34,57,-0.5999999999999996,-0.5,-0.5499999999999998,1.7000000000000002,1.8000000000000007,1.7500000000000004,0,1,1,0.0,1
35,57,-0.5,-0.3999999999999999,-0.44999999999999996,1.7000000000000002,1.8000000000000007,1.7500000000000004,1,1,2,0.5,1
36,57,-0.3999999999999999,-0.2999999999999998,-0.34999999999999987,1.7000000000000002,1.8000000000000007,1.7500000000000004,1,1,2,0.5,1
37,57,-0.2999999999999998,-0.19999999999999973,-0.24999999999999978,1.7000000000000002,1.8000000000000007,1.7500000000000004,0,1,1,0.0,1
38,57,-0.19999999999999973,-0.09999999999999964,-0.1499999999999997,1.7000000000000002,1.8000000000000007,1.7500000000000004,0,3,3,0.0,1
39,57,-0.09999999999999964,0.0,-0.04999999999999982,1.7000000000000002,1.8000000000000007,1.7500000000000004,0,0,0,,1
40,57,0.0,0.10000000000000053,0.050000000000000266,1.7000000000000002,1.8000000000000007,1.7500000000000004,0,2,2,0.0,1
41,57,0.10000000000000053,0.20000000000000018,0.15000000000000036,1.7000000000000002,1.8000000000000007,1.7500000000000004,0,4,4,0.0,1
42,57,0.20000000000000018,0.2999999999999998,0.25,1.7000000000000002,1.8000000000000007,1.7500000000000004,0,1,1,0.0,1
43,57,0.2999999999999998,0.40000000000000036,0.3500000000000001,1.7000000000000002,1.8000000000000007,1.7500000000000004,1,2,3,0.3333333333333333,1
44,57,0.40000000000000036,0.5,0.4500000000000002,1.7000000000000002,1.8000000000000007,1.7500000000000004,2,0,2,1.0,1
45,57,0.5,0.6000000000000005,0.5500000000000003,1.7000000000000002,1.8000000000000007,1.7500000000000004,2,1,3,0.6666666666666666,1
46,57,0.6000000000000005,0.7000000000000002,0.6500000000000004,1.7000000000000002,1.8000000000000007,1.7500000000000004,0,1,1,0.0,1
47,57,0.7000000000000002,0.8000000000000007,0.7500000000000004,1.7000000000000002,1.8000000000000007,1.7500000000000004,0,0,0,,1
48,57,0.8000000000000007,0.9000000000000004,0.8500000000000005,1.7000000000000002,1.8000000000000007,1.7500000000000004,2,1,3,0.6666666666666666,1
49,57,0.9000000000000004,1.0,0.9500000000000002,1.7000000000000002,1.8000000000000007,1.7500000000000004,2,0,2,1.0,1
50,57,1.0,1.1000000000000005,1.0500000000000003,1.7000000000000002,1.8000000000000007,1.7500000000000004,0,0,0,,1
51,57,1.1000000000000005,1.2000000000000002,1.1500000000000004,1.7000000000000002,1.8000000000000007,1.7500000000000004,2,0,2,1.0,1
52,57,1.2000000000000002,1.3000000000000007,1.2500000000000004,1.7000000000000002,1.8000000000000007,1.7500000000000004,1,0,1,1.0,1
53,57,1.3000000000000007,1.4000000000000004,1.3500000000000005,1.7000000000000002,1.8000000000000007,1.7500000000000004,1,0,1,1.0,1
54,57,1.4000000000000004,1.5,1.4500000000000002,1.7000000000000002,1.8000000000000007,1.7500000000000004,0,0,0,,1
55,57,1.5,1.6000000000000005,1.5500000000000003,1.7000000000000002,1.8000000000000007,1.7500000000000004,0,0,0,,1
56,57,1.6000000000000005,1.7000000000000002,1.6500000000000004,1.7000000000000002,1.8000000000000007,1.7500000000000004,0,0,0,,1
57,57,1.7000000000000002,1.8000000000000007,1.7500000000000004,1.7000000000000002,1.8000000000000007,1.7500000000000004,0,0,0,,1
58,57,1.8000000000000007,1.9000000000000004,1.8500000000000005,1.7000000000000002,1.8000000000000007,1.7500000000000004,0,0,0,,1
59,57,1.9000000000000004,2.0,1.9500000000000002,1.7000000000000002,1.8000000000000007,1.7500000000000004,0,0,0,,1
60,57,2.0,2.1000000000000005,2.0500000000000003,1.7000000000000002,1.8000000000000007,1.7500000000000004,0,0,0,,1
61,57,2.1000000000000005,2.2,2.1500000000000004,1.7000000000000002,1.8000000000000007,1.7500000000000004,0,0,0,,1
62,57,2.2,2.3000000000000007,2.2500000000000004,1.7000000000000002,1.8000000000000007,1.7500000000000004,0,0,0,,1
63,57,2.3000000000000007,2.4000000000000004,2.3500000000000005,1.7000000000000002,1.8000000000000007,1.7500000000000004,0,0,0,,1
64,57,2.4000000000000004,2.5,2.45,1.7000000000000002,1.8000000000000007,1.7500000000000004,0,0,0,,1
65,57,2.5,2.6000000000000005,2.5500000000000003,1.7000000000000002,1.8000000000000007,1.7500000000000004,0,0,0,,1
66,57,2.6000000000000005,2.7,2.6500000000000004,1.7000000000000002,1.8000000000000007,1.7500000000000004,0,0,0,,1
67,57,2.7,2.8000000000000007,2.7500000000000004,1.7000000000000002,1.8000000000000007,1.7500000000000004,0,0,0,,1
68,57,2.8000000000000007,2.9000000000000004,2.8500000000000005,1.7000000000000002,1.8000000000000007,1.7500000000000004,0,0,0,,1
69,57,2.9000000000000004,3.0,2.95,1.7000000000000002,1.8000000000000007,1.7500000000000004,0,0,0,,1
70,57,3.0,3.1000000000000005,3.0500000000000003,1.7000000000000002,1.8000000000000007,1.7500000000000004,0,0,0,,1
71,57,3.1000000000000005,3.2,3.1500000000000004,1.7000000000000002,1.8000000000000007,1.7500000000000004,0,0,0,,1
72,57,3.2,3.3000000000000007,3.2500000000000004,1.7000000000000002,1.8000000000000007,1.7500000000000004,0,0,0,,1
73,57,3.3000000000000007,3.4000000000000004,3.3500000000000005,1.7000000000000002,1.8000000000000007,1.7500000000000004,0,0,0,,1
74,57,3.4000000000000004,3.5,3.45,1.7000000000000002,1.8000000000000007,1.7500000000000004,0,0,0,,1
75,57,3.5,3.6000000000000005,3.5500000000000003,1.7000000000000002,1.8000000000000007,1.7500000000000004,0,0,0,,1
76,57,3.6000000000000005,3.7,3.6500000000000004,1.7000000000000002,1.8000000000000007,1.7500000000000004,0,0,0,,1
77,57,3.7,3.8000000000000007,3.7500000000000004,1.7000000000000002,1.8000000000000007,1.7500000000000004,0,0,0,,1
78,57,3.8000000000000007,3.9000000000000004,3.8500000000000005,1.7000000000000002,1.8000000000000007,1.7500000000000004,0,0,0,,1
79,57,3.9000000000000004,4.0,3.95,1.7000000000000002,1.8000000000000007,1.7500000000000004,0,0,0,,1
0,58,-4.0,-3.9,-3.95,1.8000000000000007,1.9000000000000004,1.8500000000000005,0,0,0,,1
1,58,-3.9,-3.8,-3.8499999999999996,1.8000000000000007,1.9000000000000004,1.8500000000000005,0,0,0,,1
2,58,-3.8,-3.7,-3.75,1.8000000000000007,1.9000000000000004,1.8500000000000005,0,0,0,,1
3,58,-3.7,-3.6,-3.6500000000000004,1.8000000000000007,1.9000000000000004,1.8500000000000005,0,0,0,,1
4,58,-3.6,-3.5,-3.55,1.8000000000000007,1.9000000000000004,1.8500000000000005,0,0,0,,1
5,58,-3.5,-3.4,-3.45,1.8000000000000007,1.9000000000000004,1.8500000000000005,0,0,0,,1
6,58,-3.4,-3.3,-3.3499999999999996,1.8000000000000007,1.9000000000000004,1.8500000000000005,0,0,0,,1
7,58,-3.3,-3.2,-3.25,1.8000000000000007,1.9000000000000004,1.8500000000000005,0,0,0,,1
8,58,-3.2,-3.1,-3.1500000000000004,1.8000000000000007,1.9000000000000004,1.8500000000000005,0,0,0,,1
9,58,-3.1,-3.0,-3.05,1.8000000000000007,1.9000000000000004,1.8500000000000005,0,0,0,,1
10,58,-3.0,-2.9,-2.95,1.8000000000000007,1.9000000000000004,1.8500000000000005,0,0,0,,1
11,58,-2.9,-2.8,-2.8499999999999996,1.8000000000000007,1.9000000000000004,1.8500000000000005,0,0,0,,1
12,58,-2.8,-2.7,-2.75,1.8000000000000007,1.9000000000000004,1.8500000000000005,0,0,0,,1
13,58,-2.7,-2.5999999999999996,-2.65,1.8000000000000007,1.9000000000000004,1.8500000000000005,0,0,0,,1
14,58,-2.5999999999999996,-2.5,-2.55,1.8000000000000007,1.9000000000000004,1.8500000000000005,0,1,1,0.0,1
15,58,-2.5,-2.4,-2.45,1.8000000000000007,1.9000000000000004,1.8500000000000005,0,2,2,0.0,1
16,58,-2.4,-2.3,-2.3499999999999996,1.8000000000000007,1.9000000000000004,1.8500000000000005,0,0,0,,1
17,58,-2.3,-2.2,-2.25,1.8000000000000007,1.9000000000000004,1.8500000000000005,0,2,2,0.0,1
18,58,-2.2,-2.0999999999999996,-2.15,1.8000000000000007,1.9000000000000004,1.8500000000000005,0,0,0,,1
19,58,-2.0999999999999996,-2.0,-2.05,1.8000000000000007,1.9000000000000004,1.8500000000000005,0,1,1,0.0,1
20,58,-2.0,-1.9,-1.95,1.8000000000000007,1.9000000000000004,1.8500000000000005,0,0,0,,1
21,58,-1.9,-1.7999999999999998,-1.8499999999999999,1.8000000000000007,1.9000000000000004,1.8500000000000005,0,1,1,0.0,1
22,58,-1.7999999999999998,-1.6999999999999997,-1.7499999999999998,1.8000000000000007,1.9000000000000004,1.8500000000000005,0,0,0,,1
23,58,-1.6999999999999997,-1.5999999999999996,-1.6499999999999997,1.8000000000000007,1.9000000000000004,1.8500000000000005,0,1,1,0.0,1
24,58,-1.5999999999999996,-1.5,-1.5499999999999998,1.8000000000000007,1.9000000000000004,1.8500000000000005,0,2,2,0.0,1
25,58,-1.5,-1.4,-1.45,1.8000000000000007,1.9000000000000004,1.8500000000000005,0,1,1,0.0,1
26,58,-1.4,-1.2999999999999998,-1.3499999999999999,1.8000000000000007,1.9000000000000004,1.8500000000000005,0,1,1,0.0,1
27,58,-1.2999999999999998,-1.1999999999999997,-1.2499999999999998,1.8000000000000007,1.9000000000000004,1.8500000000000005,0,1,1,0.0,1
28,58,-1.1999999999999997,-1.0999999999999996,-1.1499999999999997,1.8000000000000007,1.9000000000000004,1.8500000000000005,0,0,0,,1
29,58,-1.0999999999999996,-1.0,-1.0499999999999998,1.8000000000000007,1.9000000000000004,1.8500000000000005,0,0,0,,1
30,58,-1.0,-0.8999999999999999,-0.95,1.8000000000000007,1.9000000000000004,1.8500000000000005,0,1,1,0.0,1
31,58,-0.8999999999999999,-0.7999999999999998,-0.8499999999999999,1.8000000000000007,1.9000000000000004,1.8500000000000005,0,0,0,,1
32,58,-0.7999999999999998,-0.6999999999999997,-0.7499999999999998,1.8000000000000007,1.9000000000000004,1.8500000000000005,0,0,0,,1
33,58,-0.6999999999999997,-0.5999999999999996,-0.6499999999999997,1.8000000000000007,1.9000000000000004,1.8500000000000005,0,1,1,0.0,1
34,58,-0.5999999999999996,-0.5,-0.5499999999999998,1.8000000000000007,1.9000000000000004,1.8500000000000005,1,1,2,0.5,1
35,58,-0.5,-0.3999999999999999,-0.44999999999999996,1.8000000000000007,1.9000000000000004,1.8500000000000005,1,1,2,0.5,1
36,58,-0.3999999999999999,-0.2999999999999998,-0.34999999999999987,1.8000000000000007,1.9000000000000004,1.8500000000000005,0,0,0,,1
37,58,-0.2999999999999998,-0.19999999999999973,-0.24999999999999978,1.8000000000000007,1.9000000000000004,1.8500000000000005,0,1,1,0.0,1
38,58,-0.19999999999999973,-0.09999999999999964,-0.1499999999999997,1.8000000000000007,1.9000000000000004,1.8500000000000005,0,3,3,0.0,1
39,58,-0.09999999999999964,0.0,-0.04999999999999982,1.8000000000000007,1.9000000000000004,1.8500000000000005,0,5,5,0.0,0
40,58,0.0,0.10000000000000053,0.050000000000000266,1.8000000000000007,1.9000000000000004,1.8500000000000005,1,2,3,0.3333333333333333,1
41,58,0.10000000000000053,0.20000000000000018,0.15000000000000036,1.8000000000000007,1.9000000000000004,1.8500000000000005,0,2,2,0.0,1
42,58,0.20000000000000018,0.2999999999999998,0.25,1.8000000000000007,1.9000000000000004,1.8500000000000005,1,1,2,0.5,1
43,58,0.2999999999999998,0.40000000000000036,0.3500000000000001,1.8000000000000007,1.9000000000000004,1.8500000000000005,2,0,2,1.0,1
44,58,0.40000000000000036,0.5,0.4500000000000002,1.8000000000000007,1.9000000000000004,1.8500000000000005,0,0,0,,1
45,58,0.5,0.6000000000000005,0.5500000000000003,1.8000000000000007,1.9000000000000004,1.8500000000000005,1,0,1,1.0,1
46,58,0.6000000000000005,0.7000000000000002,0.6500000000000004,1.8000000000000007,1.9000000000000004,1.8500000000000005,0,0,0,,1
47,58,0.7000000000000002,0.8000000000000007,0.7500000000000004,1.8000000000000007,1.9000000000000004,1.8500000000000005,1,1,2,0.5,1
48,58,0.8000000000000007,0.9000000000000004,0.8500000000000005,1.8000000000000007,1.9000000000000004,1.8500000000000005,4,0,4,1.0,1
49,58,0.9000000000000004,1.0,0.9500000000000002,1.8000000000000007,1.9000000000000004,1.8500000000000005,4,0,4,1.0,1
50,58,1.0,1.1000000000000005,1.0500000000000003,1.8000000000000007,1.9000000000000004,1.8500000000000005,1,0,1,1.0,1
51,58,1.1000000000000005,1.2000000000000002,1.1500000000000004,1.8000000000000007,1.9000000000000004,1.8500000000000005,0,0,0,,1
52,58,1.2000000000000002,1.3000000000000007,1.2500000000000004,1.8000000000000007,1.9000000000000004,1.8500000000000005,0,0,0,,1
53,58,1.3000000000000007,1.4000000000000004,1.3500000000000005,1.8000000000000007,1.9000000000000004,1.8500000000000005,0,0,0,,1
54,58,1.4000000000000004,1.5,1.4500000000000002,1.8000000000000007,1.9000000000000004,1.8500000000000005,0,0,0,,1
55,58,1.5,1.6000000000000005,1.5500000000000003,1.8000000000000007,1.9000000000000004,1.8500000000000005,0,0,0,,1
56,58,1.6000000000000005,1.7000000000000002,1.6500000000000004,1.8000000000000007,1.9000000000000004,1.8500000000000005,0,0,0,,1
57,58,1.7000000000000002,1.8000000000000007,1.7500000000000004,1.8000000000000007,1.9000000000000004,1.8500000000000005,0,0,0,,1
58,58,1.8000000000000007,1.9000000000000004,1.8500000000000005,1.8000000000000007,1.9000000000000004,1.8500000000000005,0,0,0,,1
59,58,1.9000000000000004,2.0,1.9500000000000002,1.8000000000000007,1.9000000000000004,1.8500000000000005,0,0,0,,1
60,58,2.0,2.1000000000000005,2.0500000000000003,1.8000000000000007,1.9000000000000004,1.8500000000000005,0,0,0,,1
61,58,2.1000000000000005,2.2,2.1500000000000004,1.8000000000000007,1.9000000000000004,1.8500000000000005,0,0,0,,1
62,58,2.2,2.3000000000000007,2.2500000000000004,1.8000000000000007,1.9000000000000004,1.8500000000000005,0,0,0,,1
63,58,2.3000000000000007,2.4000000000000004,2.3500000000000005,1.8000000000000007,1.9000000000000004,1.8500000000000005,0,0,0,,1
64,58,2.4000000000000004,2.5,2.45,1.8000000000000007,1.9000000000000004,1.8500000000000005,0,0,0,,1
65,58,2.5,2.6000000000000005,2.5500000000000003,1.8000000000000007,1.9000000000000004,1.8500000000000005,0,0,0,,1
66,58,2.6000000000000005,2.7,2.6500000000000004,1.8000000000000007,1.9000000000000004,1.8500000000000005,0,0,0,,1
67,58,2.7,2.8000000000000007,2.7500000000000004,1.8000000000000007,1.9000000000000004,1.8500000000000005,0,0,0,,1
68,58,2.8000000000000007,2.9000000000000004,2.8500000000000005,1.8000000000000007,1.9000000000000004,1.8500000000000005,0,0,0,,1
69,58,2.9000000000000004,3.0,2.95,1.8000000000000007,1.9000000000000004,1.8500000000000005,0,0,0,,1
70,58,3.0,3.1000000000000005,3.0500000000000003,1.8000000000000007,1.9000000000000004,1.8500000000000005,0,0,0,,1
71,58,3.1000000000000005,3.2,3.1500000000000004,1.8000000000000007,1.9000000000000004,1.8500000000000005,0,0,0,,1
72,58,3.2,3.3000000000000007,3.2500000000000004,1.8000000000000007,1.9000000000000004,1.8500000000000005,0,0,0,,1
73,58,3.3000000000000007,3.4000000000000004,3.3500000000000005,1.8000000000000007,1.9000000000000004,1.8500000000000005,0,0,0,,1
74,58,3.4000000000000004,3.5,3.45,1.8000000000000007,1.9000000000000004,1.8500000000000005,0,0,0,,1
75,58,3.5,3.6000000000000005,3.5500000000000003,1.8000000000000007,1.9000000000000004,1.8500000000000005,0,0,0,,1
76,58,3.6000000000000005,3.7,3.6500000000000004,1.8000000000000007,1.9000000000000004,1.8500000000000005,0,0,0,,1
77,58,3.7,3.8000000000000007,3.7500000000000004,1.8000000000000007,1.9000000000000004,1.8500000000000005,0,0,0,,1
78,58,3.8000000000000007,3.9000000000000004,3.8500000000000005,1.8000000000000007,1.9000000000000004,1.8500000000000005,0,0,0,,1
79,58,3.9000000000000004,4.0,3.95,1.8000000000000007,1.9000000000000004,1.8500000000000005,0,0,0,,1
0,59,-4.0,-3.9,-3.95,1.9000000000000004,2.0,1.9500000000000002,0,0,0,,1
1,59,-3.9,-3.8,-3.8499999999999996,1.9000000000000004,2.0,1.9500000000000002,0,0,0,,1
2,59,-3.8,-3.7,-3.75,1.9000000000000004,2.0,1.9500000000000002,0,0,0,,1
3,59,-3.7,-3.6,-3.6500000000000004,1.9000000000000004,2.0,1.9500000000000002,0,0,0,,1
4,59,-3.6,-3.5,-3.55,1.9000000000000004,2.0,1.9500000000000002,0,0,0,,1
5,59,-3.5,-3.4,-3.45,1.9000000000000004,2.0,1.9500000000000002,0,0,0,,1
6,59,-3.4,-3.3,-3.3499999999999996,1.9000000000000004,2.0,1.9500000000000002,0,0,0,,1
7,59,-3.3,-3.2,-3.25,1.9000000000000004,2.0,1.9500000000000002,0,0,0,,1
8,59,-3.2,-3.1,-3.1500000000000004,1.9000000000000004,2.0,1.9500000000000002,0,0,0,,1
9,59,-3.1,-3.0,-3.05,1.9000000000000004,2.0,1.9500000000000002,0,0,0,,1
10,59,-3.0,-2.9,-2.95,1.9000000000000004,2.0,1.9500000000000002,0,1,1,0.0,1
11,59,-2.9,-2.8,-2.8499999999999996,1.9000000000000004,2.0,1.9500000000000002,0,0,0,,1
12,59,-2.8,-2.7,-2.75,1.9000000000000004,2.0,1.9500000000000002,0,2,2,0.0,1
13,59,-2.7,-2.5999999999999996,-2.65,1.9000000000000004,2.0,1.9500000000000002,0,0,0,,1
14,59,-2.5999999999999996,-2.5,-2.55,1.9000000000000004,2.0,1.9500000000000002,0,1,1,0.0,1
15,59,-2.5,-2.4,-2.45,1.9000000000000004,2.0,1.9500000000000002,0,0,0,,1
16,59,-2.4,-2.3,-2.3499999999999996,1.9000000000000004,2.0,1.9500000000000002,0,0,0,,1
17,59,-2.3,-2.2,-2.25,1.9000000000000004,2.0,1.9500000000000002,0,0,0,,1
18,59,-2.2,-2.0999999999999996,-2.15,1.9000000000000004,2.0,1.9500000000000002,0,0,0,,1
19,59,-2.0999999999999996,-2.0,-2.05,1.9000000000000004,2.0,1.9500000000000002,0,0,0,,1
20,59,-2.0,-1.9,-1.95,1.9000000000000004,2.0,1.9500000000000002,0,1,1,0.0,1
21,59,-1.9,-1.7999999999999998,-1.8499999999999999,1.9000000000000004,2.0,1.9500000000000002,0,1,1,0.0,1
22,59,-1.7999999999999998,-1.6999999999999997,-1.7499999999999998,1.9000000000000004,2.0,1.9500000000000002,0,0,0,,1
23,59,-1.6999999999999997,-1.5999999999999996,-1.6499999999999997,1.9000000000000004,2.0,1.9500000000000002,0,1,1,0.0,1
24,59,-1.5999999999999996,-1.5,-1.5499999999999998,1.9000000000000004,2.0,1.9500000000000002,0,4,4,0.0,1
25,59,-1.5,-1.4,-1.45,1.9000000000000004,2.0,1.9500000000000002,0,1,1,0.0,1
26,59,-1.4,-1.2999999999999998,-1.3499999999999999,1.9000000000000004,2.0,1.9500000000000002,0,0,0,,1
27,59,-1.2999999999999998,-1.1999999999999997,-1.2499999999999998,1.9000000000000004,2.0,1.9500000000000002,0,2,2,0.0,1
28,59,-1.1999999999999997,-1.0999999999999996,-1.1499999999999997,1.9000000000000004,2.0,1.9500000000000002,0,1,1,0.0,1
29,59,-1.0999999999999996,-1.0,-1.0499999999999998,1.9000000000000004,2.0,1.9500000000000002,0,0,0,,1
30,59,-1.0,-0.8999999999999999,-0.95,1.9000000000000004,2.0,1.9500000000000002,0,3,3,0.0,1
31,59,-0.8999999999999999,-0.7999999999999998,-0.8499999999999999,1.9000000000000004,2.0,1.9500000000000002,0,1,1,0.0,1
32,59,-0.7999999999999998,-0.6999999999999997,-0.7499999999999998,1.9000000000000004,2.0,1.9500000000000002,0,1,1,0.0,1
33,59,-0.6999999999999997,-0.5999999999999996,-0.6499999999999997,1.9000000000000004,2.0,1.9500000000000002,2,3,5,0.4,0
34,59,-0.5999999999999996,-0.5,-0.5499999999999998,1.9000000000000004,2.0,1.9500000000000002,0,2,2,0.0,1
35,59,-0.5,-0.3999999999999999,-0.44999999999999996,1.9000000000000004,2.0,1.9500000000000002,0,4,4,0.0,1
36,59,-0.3999999999999999,-0.2999999999999998,-0.34999999999999987,1.9000000000000004,2.0,1.9500000000000002,0,1,1,0.0,1
37,59,-0.2999999999999998,-0.19999999999999973,-0.24999999999999978,1.9000000000000004,2.0,1.9500000000000002,0,4,4,0.0,1
38,59,-0.19999999999999973,-0.09999999999999964,-0.1499999999999997,1.9000000000000004,2.0,1.9500000000000002,0,5,5,0.0,0
39,59,-0.09999999999999964,0.0,-0.04999999999999982,1.9000000000000004,2.0,1.9500000000000002,1,0,1,1.0,1
40,59,0.0,0.10000000000000053,0.050000000000000266,1.9000000000000004,2.0,1.9500000000000002,0,0,0,,1
41,59,0.10000000000000053,0.20000000000000018,0.15000000000000036,1.9000000000000004,2.0,1.9500000000000002,0,1,1,0.0,1
42,59,0.20000000000000018,0.2999999999999998,0.25,1.9000000000000004,2.0,1.9500000000000002,2,1,3,0.6666666666666666,1
43,59,0.2999999999999998,0.40000000000000036,0.3500000000000001,1.9000000000000004,2.0,1.9500000000000002,0,0,0,,1
44,59,0.40000000000000036,0.5,0.4500000000000002,1.9000000000000004,2.0,1.9500000000000002,0,0,0,,1
45,59,0.5,0.6000000000000005,0.5500000000000003,1.9000000000000004,2.0,1.9500000000000002,1,0,1,1.0,1
46,59,0.6000000000000005,0.7000000000000002,0.6500000000000004,1.9000000000000004,2.0,1.9500000000000002,1,0,1,1.0,1
47,59,0.7000000000000002,0.8000000000000007,0.7500000000000004,1.9000000000000004,2.0,1.9500000000000002,0,1,1,0.0,1
48,59,0.8000000000000007,0.9000000000000004,0.8500000000000005,1.9000000000000004,2.0,1.9500000000000002,1,0,1,1.0,1
49,59,0.9000000000000004,1.0,0.9500000000000002,1.9000000000000004,2.0,1.9500000000000002,0,0,0,,1
50,59,1.0,1.1000000000000005,1.0500000000000003,1.9000000000000004,2.0,1.9500000000000002,1,0,1,1.0,1
51,59,1.1000000000000005,1.2000000000000002,1.1500000000000004,1.9000000000000004,2.0,1.9500000000000002,3,0,3,1.0,1
52,59,1.2000000000000002,1.3000000000000007,1.2500000000000004,1.9000000000000004,2.0,1.9500000000000002,0,0,0,,1
53,59,1.3000000000000007,1.4000000000000004,1.3500000000000005,1.9000000000000004,2.0,1.9500000000000002,0,0,0,,1
54,59,1.4000000000000004,1.5,1.4500000000000002,1.9000000000000004,2.0,1.9500000000000002,0,0,0,,1
55,59,1.5,1.6000000000000005,1.5500000000000003,1.9000000000000004,2.0,1.9500000000000002,0,0,0,,1
56,59,1.6000000000000005,1.7000000000000002,1.6500000000000004,1.9000000000000004,2.0,1.9500000000000002,0,0,0,,1
57,59,1.7000000000000002,1.8000000000000007,1.7500000000000004,1.9000000000000004,2.0,1.9500000000000002,0,0,0,,1
58,59,1.8000000000000007,1.9000000000000004,1.8500000000000005,1.9000000000000004,2.0,1.9500000000000002,0,0,0,,1
59,59,1.9000000000000004,2.0,1.9500000000000002,1.9000000000000004,2.0,1.9500000000000002,0,0,0,,1
60,59,2.0,2.1000000000000005,2.0500000000000003,1.9000000000000004,2.0,1.9500000000000002,0,0,0,,1
61,59,2.1000000000000005,2.2,2.1500000000000004,1.9000000000000004,2.0,1.9500000000000002,0,0,0,,1
62,59,2.2,2.3000000000000007,2.2500000000000004,1.9000000000000004,2.0,1.9500000000000002,0,0,0,,1
63,59,2.3000000000000007,2.4000000000000004,2.3500000000000005,1.9000000000000004,2.0,1.9500000000000002,0,0,0,,1
64,59,2.4000000000000004,2.5,2.45,1.9000000000000004,2.0,1.9500000000000002,0,0,0,,1
65,59,2.5,2.6000000000000005,2.5500000000000003,1.9000000000000004,2.0,1.9500000000000002,0,0,0,,1
66,59,2.6000000000000005,2.7,2.6500000000000004,1.9000000000000004,2.0,1.9500000000000002,0,0,0,,1
67,59,2.7,2.8000000000000007,2.7500000000000004,1.9000000000000004,2.0,1.9500000000000002,0,0,0,,1
68,59,2.8000000000000007,2.9000000000000004,2.8500000000000005,1.9000000000000004,2.0,1.9500000000000002,0,0,0,,1
69,59,2.9000000000000004,3.0,2.95,1.9000000000000004,2.0,1.9500000000000002,0,0,0,,1
70,59,3.0,3.1000000000000005,3.0500000000000003,1.9000000000000004,2.0,1.9500000000000002,0,0,0,,1
71,59,3.1000000000000005,3.2,3.1500000000000004,1.9000000000000004,2.0,1.9500000000000002,0,0,0,,1
72,59,3.2,3.3000000000000007,3.2500000000000004,1.9000000000000004,2.0,1.9500000000000002,0,0,0,,1
73,59,3.3000000000000007,3.4000000000000004,3.3500000000000005,1.9000000000000004,2.0,1.9500000000000002,0,0,0,,1
74,59,3.4000000000000004,3.5,3.45,1.9000000000000004,2.0,1.9500000000000002,0,0,0,,1
75,59,3.5,3.6000000000000005,3.5500000000000003,1.9000000000000004,2.0,1.9500000000000002,0,0,0,,1
76,59,3.6000000000000005,3.7,3.6500000000000004,1.9000000000000004,2.0,1.9500000000000002,0,0,0,,1
77,59,3.7,3.8000000000000007,3.7500000000000004,1.9000000000000004,2.0,1.9500000000000002,0,0,0,,1
78,59,3.8000000000000007,3.9000000000000004,3.8500000000000005,1.9000000000000004,2.0,1.9500000000000002,0,0,0,,1
79,59,3.9000000000000004,4.0,3.95,1.9000000000000004,2.0,1.9500000000000002,0,0,0,,1
0,60,-4.0,-3.9,-3.95,2.0,2.1000000000000005,2.0500000000000003,0,0,0,,1
1,60,-3.9,-3.8,-3.8499999999999996,2.0,2.1000000000000005,2.0500000000000003,0,0,0,,1
2,60,-3.8,-3.7,-3.75,2.0,2.1000000000000005,2.0500000000000003,0,0,0,,1
3,60,-3.7,-3.6,-3.6500000000000004,2.0,2.1000000000000005,2.0500000000000003,0,0,0,,1
4,60,-3.6,-3.5,-3.55,2.0,2.1000000000000005,2.0500000000000003,0,0,0,,1
5,60,-3.5,-3.4,-3.45,2.0,2.1000000000000005,2.0500000000000003,0,0,0,,1
6,60,-3.4,-3.3,-3.3499999999999996,2.0,2.1000000000000005,2.0500000000000003,0,0,0,,1
7,60,-3.3,-3.2,-3.25,2.0,2.1000000000000005,2.0500000000000003,0,0,0,,1
8,60,-3.2,-3.1,-3.1500000000000004,2.0,2.1000000000000005,2.0500000000000003,0,0,0,,1
9,60,-3.1,-3.0,-3.05,2.0,2.1000000000000005,2.0500000000000003,0,0,0,,1
10,60,-3.0,-2.9,-2.95,2.0,2.1000000000000005,2.0500000000000003,0,0,0,,1
11,60,-2.9,-2.8,-2.8499999999999996,2.0,2.1000000000000005,2.0500000000000003,0,0,0,,1
12,60,-2.8,-2.7,-2.75,2.0,2.1000000000000005,2.0500000000000003,0,0,0,,1
13,60,-2.7,-2.5999999999999996,-2.65,2.0,2.1000000000000005,2.0500000000000003,0,0,0,,1
14,60,-2.5999999999999996,-2.5,-2.55,2.0,2.1000000000000005,2.0500000000000003,0,0,0,,1
15,60,-2.5,-2.4,-2.45,2.0,2.1000000000000005,2.0500000000000003,0,0,0,,1
16,60,-2.4,-2.3,-2.3499999999999996,2.0,2.1000000000000005,2.0500000000000003,0,0,0,,1
17,60,-2.3,-2.2,-2.25,2.0,2.1000000000000005,2.0500000000000003,0,0,0,,1
18,60,-2.2,-2.0999999999999996,-2.15,2.0,2.1000000000000005,2.0500000000000003,0,0,0,,1
19,60,-2.0999999999999996,-2.0,-2.05,2.0,2.1000000000000005,2.0500000000000003,0,0,0,,1
20,60,-2.0,-1.9,-1.95,2.0,2.1000000000000005,2.0500000000000003,0,0,0,,1
21,60,-1.9,-1.7999999999999998,-1.8499999999999999,2.0,2.1000000000000005,2.0500000000000003,0,0,0,,1
22,60,-1.7999999999999998,-1.6999999999999997,-1.7499999999999998,2.0,2.1000000000000005,2.0500000000000003,0,1,1,0.0,1
23,60,-1.6999999999999997,-1.5999999999999996,-1.6499999999999997,2.0,2.1000000000000005,2.0500000000000003,0,2,2,0.0,1
24,60,-1.5999999999999996,-1.5,-1.5499999999999998,2.0,2.1000000000000005,2.0500000000000003,0,0,0,,1
25,60,-1.5,-1.4,-1.45,2.0,2.1000000000000005,2.0500000000000003,0,1,1,0.0,1
26,60,-1.4,-1.2999999999999998,-1.3499999999999999,2.0,2.1000000000000005,2.0500000000000003,0,0,0,,1
27,60,-1.2999999999999998,-1.1999999999999997,-1.2499999999999998,2.0,2.1000000000000005,2.0500000000000003,0,1,1,0.0,1
28,60,-1.1999999999999997,-1.0999999999999996,-1.1499999999999997,2.0,2.1000000000000005,2.0500000000000003,0,1,1,0.0,1
29,60,-1.0999999999999996,-1.0,-1.0499999999999998,2.0,2.1000000000000005,2.0500000000000003,0,0,0,,1
30,60,-1.0,-0.8999999999999999,-0.95,2.0,2.1000000000000005,2.0500000000000003,0,1,1,0.0,1
31,60,-0.8999999999999999,-0.7999999999999998,-0.8499999999999999,2.0,2.1000000000000005,2.0500000000000003,0,0,0,,1
32,60,-0.7999999999999998,-0.6999999999999997,-0.7499999999999998,2.0,2.1000000000000005,2.0500000000000003,0,0,0,,1
33,60,-0.6999999999999997,-0.5999999999999996,-0.6499999999999997,2.0,2.1000000000000005,2.0500000000000003,0,0,0,,1
34,60,-0.5999999999999996,-0.5,-0.5499999999999998,2.0,2.1000000000000005,2.0500000000000003,0,1,1,0.0,1
35,60,-0.5,-0.3999999999999999,-0.44999999999999996,2.0,2.1000000000000005,2.0500000000000003,0,1,1,0.0,1
36,60,-0.3999999999999999,-0.2999999999999998,-0.34999999999999987,2.0,2.1000000000000005,2.0500000000000003,0,0,0,,1
37,60,-0.2999999999999998,-0.19999999999999973,-0.24999999999999978,2.0,2.1000000000000005,2.0500000000000003,0,2,2,0.0,1
38,60,-0.19999999999999973,-0.09999999999999964,-0.1499999999999997,2.0,2.1000000000000005,2.0500000000000003,1,2,3,0.3333333333333333,1
39,60,-0.09999999999999964,0.0,-0.04999999999999982,2.0,2.1000000000000005,2.0500000000000003,0,1,1,0.0,1
40,60,0.0,0.10000000000000053,0.050000000000000266,2.0,2.1000000000000005,2.0500000000000003,1,0,1,1.0,1
41,60,0.10000000000000053,0.20000000000000018,0.15000000000000036,2.0,2.1000000000000005,2.0500000000000003,1,0,1,1.0,1
42,60,0.20000000000000018,0.2999999999999998,0.25,2.0,2.1000000000000005,2.0500000000000003,1,2,3,0.3333333333333333,1
43,60,0.2999999999999998,0.40000000000000036,0.3500000000000001,2.0,2.1000000000000005,2.0500000000000003,0,0,0,,1
44,60,0.40000000000000036,0.5,0.4500000000000002,2.0,2.1000000000000005,2.0500000000000003,0,0,0,,1
45,60,0.5,0.6000000000000005,0.5500000000000003,2.0,2.1000000000000005,2.0500000000000003,0,0,0,,1
46,60,0.6000000000000005,0.7000000000000002,0.6500000000000004,2.0,2.1000000000000005,2.0500000000000003,2,0,2,1.0,1
47,60,0.7000000000000002,0.8000000000000007,0.7500000000000004,2.0,2.1000000000000005,2.0500000000000003,1,0,1,1.0,1
48,60,0.8000000000000007,0.9000000000000004,0.8500000000000005,2.0,2.1000000000000005,2.0500000000000003,0,0,0,,1
49,60,0.9000000000000004,1.0,0.9500000000000002,2.0,2.1000000000000005,2.0500000000000003,0,0,0,,1
50,60,1.0,1.1000000000000005,1.0500000000000003,2.0,2.1000000000000005,2.0500000000000003,1,0,1,1.0,1
51,60,1.1000000000000005,1.2000000000000002,1.1500000000000004,2.0,2.1000000000000005,2.0500000000000003,2,0,2,1.0,1
52,60,1.2000000000000002,1.3000000000000007,1.2500000000000004,2.0,2.1000000000000005,2.0500000000000003,0,0,0,,1
53,60,1.3000000000000007,1.4000000000000004,1.3500000000000005,2.0,2.1000000000000005,2.0500000000000003,0,0,0,,1
54,60,1.4000000000000004,1.5,1.4500000000000002,2.0,2.1000000000000005,2.0500000000000003,0,0,0,,1
55,60,1.5,1.6000000000000005,1.5500000000000003,2.0,2.1000000000000005,2.0500000000000003,0,0,0,,1
56,60,1.6000000000000005,1.7000000000000002,1.6500000000000004,2.0,2.1000000000000005,2.0500000000000003,0,0,0,,1
57,60,1.7000000000000002,1.8000000000000007,1.7500000000000004,2.0,2.1000000000000005,2.0500000000000003,0,0,0,,1
58,60,1.8000000000000007,1.9000000000000004,1.8500000000000005,2.0,2.1000000000000005,2.0500000000000003,0,0,0,,1
59,60,1.9000000000000004,2.0,1.9500000000000002,2.0,2.1000000000000005,2.0500000000000003,0,0,0,,1
60,60,2.0,2.1000000000000005,2.0500000000000003,2.0,2.1000000000000005,2.0500000000000003,0,0,0,,1
61,60,2.1000000000000005,2.2,2.1500000000000004,2.0,2.1000000000000005,2.0500000000000003,0,0,0,,1
62,60,2.2,2.3000000000000007,2.2500000000000004,2.0,2.1000000000000005,2.0500000000000003,0,0,0,,1
63,60,2.3000000000000007,2.4000000000000004,2.3500000000000005,2.0,2.1000000000000005,2.0500000000000003,0,0,0,,1
64,60,2.4000000000000004,2.5,2.45,2.0,2.1000000000000005,2.0500000000000003,0,0,0,,1
65,60,2.5,2.6000000000000005,2.5500000000000003,2.0,2.1000000000000005,2.0500000000000003,0,0,0,,1
66,60,2.6000000000000005,2.7,2.6500000000000004,2.0,2.1000000000000005,2.0500000000000003,0,0,0,,1
67,60,2.7,2.8000000000000007,2.7500000000000004,2.0,2.1000000000000005,2.0500000000000003,0,0,0,,1
68,60,2.8000000000000007,2.9000000000000004,2.8500000000000005,2.0,2.1000000000000005,2.0500000000000003,0,0,0,,1
69,60,2.9000000000000004,3.0,2.95,2.0,2.1000000000000005,2.0500000000000003,0,0,0,,1
70,60,3.0,3.1000000000000005,3.0500000000000003,2.0,2.1000000000000005,2.0500000000000003,0,0,0,,1
71,60,3.1000000000000005,3.2,3.1500000000000004,2.0,2.1000000000000005,2.0500000000000003,0,0,0,,1
72,60,3.2,3.3000000000000007,3.2500000000000004,2.0,2.1000000000000005,2.0500000000000003,0,0,0,,1
73,60,3.3000000000000007,3.4000000000000004,3.3500000000000005,2.0,2.1000000000000005,2.0500000000000003,0,0,0,,1
74,60,3.4000000000000004,3.5,3.45,2.0,2.1000000000000005,2.0500000000000003,0,0,0,,1
75,60,3.5,3.6000000000000005,3.5500000000000003,2.0,2.1000000000000005,2.0500000000000003,0,0,0,,1
76,60,3.6000000000000005,3.7,3.6500000000000004,2.0,2.1000000000000005,2.0500000000000003,0,0,0,,1
77,60,3.7,3.8000000000000007,3.7500000000000004,2.0,2.1000000000000005,2.0500000000000003,0,0,0,,1
78,60,3.8000000000000007,3.9000000000000004,3.8500000000000005,2.0,2.1000000000000005,2.0500000000000003,0,0,0,,1
79,60,3.9000000000000004,4.0,3.95,2.0,2.1000000000000005,2.0500000000000003,0,0,0,,1
0,61,-4.0,-3.9,-3.95,2.1000000000000005,2.2,2.1500000000000004,0,0,0,,1
1,61,-3.9,-3.8,-3.8499999999999996,2.1000000000000005,2.2,2.1500000000000004,0,0,0,,1
2,61,-3.8,-3.7,-3.75,2.1000000000000005,2.2,2.1500000000000004,0,0,0,,1
3,61,-3.7,-3.6,-3.6500000000000004,2.1000000000000005,2.2,2.1500000000000004,0,0,0,,1
4,61,-3.6,-3.5,-3.55,2.1000000000000005,2.2,2.1500000000000004,0,0,0,,1
5,61,-3.5,-3.4,-3.45,2.1000000000000005,2.2,2.1500000000000004,0,0,0,,1
6,61,-3.4,-3.3,-3.3499999999999996,2.1000000000000005,2.2,2.1500000000000004,0,0,0,,1
7,61,-3.3,-3.2,-3.25,2.1000000000000005,2.2,2.1500000000000004,0,0,0,,1
8,61,-3.2,-3.1,-3.1500000000000004,2.1000000000000005,2.2,2.1500000000000004,0,0,0,,1
9,61,-3.1,-3.0,-3.05,2.1000000000000005,2.2,2.1500000000000004,0,0,0,,1
10,61,-3.0,-2.9,-2.95,2.1000000000000005,2.2,2.1500000000000004,0,0,0,,1
11,61,-2.9,-2.8,-2.8499999999999996,2.1000000000000005,2.2,2.1500000000000004,0,0,0,,1
12,61,-2.8,-2.7,-2.75,2.1000000000000005,2.2,2.1500000000000004,0,0,0,,1
13,61,-2.7,-2.5999999999999996,-2.65,2.1000000000000005,2.2,2.1500000000000004,0,0,0,,1
14,61,-2.5999999999999996,-2.5,-2.55,2.1000000000000005,2.2,2.1500000000000004,0,0,0,,1
15,61,-2.5,-2.4,-2.45,2.1000000000000005,2.2,2.1500000000000004,0,0,0,,1
16,61,-2.4,-2.3,-2.3499999999999996,2.1000000000000005,2.2,2.1500000000000004,0,0,0,,1
17,61,-2.3,-2.2,-2.25,2.1000000000000005,2.2,2.1500000000000004,0,0,0,,1
18,61,-2.2,-2.0999999999999996,-2.15,2.1000000000000005,2.2,2.1500000000000004,0,0,0,,1
19,61,-2.0999999999999996,-2.0,-2.05,2.1000000000000005,2.2,2.1500000000000004,0,0,0,,1
20,61,-2.0,-1.9,-1.95,2.1000000000000005,2.2,2.1500000000000004,0,0,0,,1
21,61,-1.9,-1.7999999999999998,-1.8499999999999999,2.1000000000000005,2.2,2.1500000000000004,0,2,2,0.0,1
22,61,-1.7999999999999998,-1.6999999999999997,-1.7499999999999998,2.1000000000000005,2.2,2.1500000000000004,0,0,0,,1
23,61,-1.6999999999999997,-1.5999999999999996,-1.6499999999999997,2.1000000000000005,2.2,2.1500000000000004,0,0,0,,1
24,61,-1.5999999999999996,-1.5,-1.5499999999999998,2.1000000000000005,2.2,2.1500000000000004,0,1,1,0.0,1
25,61,-1.5,-1.4,-1.45,2.1000000000000005,2.2,2.1500000000000004,0,0,0,,1
26,61,-1.4,-1.2999999999999998,-1.3499999999999999,2.1000000000000005,2.2,2.1500000000000004,0,0,0,,1
27,61,-1.2999999999999998,-1.1999999999999997,-1.2499999999999998,2.1000000000000005,2.2,2.1500000000000004,0,1,1,0.0,1
28,61,-1.1999999999999997,-1.0999999999999996,-1.1499999999999997,2.1000000000000005,2.2,2.1500000000000004,0,0,0,,1
29,61,-1.0999999999999996,-1.0,-1.0499999999999998,2.1000000000000005,2.2,2.1500000000000004,0,0,0,,1
30,61,-1.0,-0.8999999999999999,-0.95,2.1000000000000005,2.2,2.1500000000000004,0,1,1,0.0,1
31,61,-0.8999999999999999,-0.7999999999999998,-0.8499999999999999,2.1000000000000005,2.2,2.1500000000000004,0,0,0,,1
32,61,-0.7999999999999998,-0.6999999999999997,-0.7499999999999998,2.1000000000000005,2.2,2.1500000000000004,0,0,0,,1
33,61,-0.6999999999999997,-0.5999999999999996,-0.6499999999999997,2.1000000000000005,2.2,2.1500000000000004,0,1,1,0.0,1
34,61,-0.5999999999999996,-0.5,-0.5499999999999998,2.1000000000000005,2.2,2.1500000000000004,0,0,0,,1
35,61,-0.5,-0.3999999999999999,-0.44999999999999996,2.1000000000000005,2.2,2.1500000000000004,0,0,0,,1
36,61,-0.3999999999999999,-0.2999999999999998,-0.34999999999999987,2.1000000000000005,2.2,2.1500000000000004,0,1,1,0.0,1
37,61,-0.2999999999999998,-0.19999999999999973,-0.24999999999999978,2.1000000000000005,2.2,2.1500000000000004,0,1,1,0.0,1
38,61,-0.19999999999999973,-0.09999999999999964,-0.1499999999999997,2.1000000000000005,2.2,2.1500000000000004,1,1,2,0.5,1
39,61,-0.09999999999999964,0.0,-0.04999999999999982,2.1000000000000005,2.2,2.1500000000000004,1,0,1,1.0,1
40,61,0.0,0.10000000000000053,0.050000000000000266,2.1000000000000005,2.2,2.1500000000000004,0,0,0,,1
41,61,0.10000000000000053,0.20000000000000018,0.15000000000000036,2.1000000000000005,2.2,2.1500000000000004,1,0,1,1.0,1
42,61,0.20000000000000018,0.2999999999999998,0.25,2.1000000000000005,2.2,2.1500000000000004,0,1,1,0.0,1
43,61,0.2999999999999998,0.40000000000000036,0.3500000000000001,2.1000000000000005,2.2,2.1500000000000004,0,1,1,0.0,1
44,61,0.40000000000000036,0.5,0.4500000000000002,2.1000000000000005,2.2,2.1500000000000004,1,0,1,1.0,1
45,61,0.5,0.6000000000000005,0.5500000000000003,2.1000000000000005,2.2,2.1500000000000004,0,0,0,,1
46,61,0.6000000000000005,0.7000000000000002,0.6500000000000004,2.1000000000000005,2.2,2.1500000000000004,0,0,0,,1
47,61,0.7000000000000002,0.8000000000000007,0.7500000000000004,2.1000000000000005,2.2,2.1500000000000004,1,0,1,1.0,1
48,61,0.8000000000000007,0.9000000000000004,0.8500000000000005,2.1000000000000005,2.2,2.1500000000000004,0,0,0,,1
49,61,0.9000000000000004,1.0,0.9500000000000002,2.1000000000000005,2.2,2.1500000000000004,0,0,0,,1
50,61,1.0,1.1000000000000005,1.0500000000000003,2.1000000000000005,2.2,2.1500000000000004,1,0,1,1.0,1
51,61,1.1000000000000005,1.2000000000000002,1.1500000000000004,2.1000000000000005,2.2,2.1500000000000004,0,0,0,,1
52,61,1.2000000000000002,1.3000000000000007,1.2500000000000004,2.1000000000000005,2.2,2.1500000000000004,0,0,0,,1
53,61,1.3000000000000007,1.4000000000000004,1.3500000000000005,2.1000000000000005,2.2,2.1500000000000004,0,0,0,,1
54,61,1.4000000000000004,1.5,1.4500000000000002,2.1000000000000005,2.2,2.1500000000000004,0,0,0,,1
55,61,1.5,1.6000000000000005,1.5500000000000003,2.1000000000000005,2.2,2.1500000000000004,0,0,0,,1
56,61,1.6000000000000005,1.7000000000000002,1.6500000000000004,2.1000000000000005,2.2,2.1500000000000004,0,0,0,,1
57,61,1.7000000000000002,1.8000000000000007,1.7500000000000004,2.1000000000000005,2.2,2.1500000000000004,0,0,0,,1
58,61,1.8000000000000007,1.9000000000000004,1.8500000000000005,2.1000000000000005,2.2,2.1500000000000004,0,0,0,,1
59,61,1.9000000000000004,2.0,1.9500000000000002,2.1000000000000005,2.2,2.1500000000000004,0,0,0,,1
60,61,2.0,2.1000000000000005,2.0500000000000003,2.1000000000000005,2.2,2.1500000000000004,0,0,0,,1
61,61,2.1000000000000005,2.2,2.1500000000000004,2.1000000000000005,2.2,2.1500000000000004,0,0,0,,1
62,61,2.2,2.3000000000000007,2.2500000000000004,2.1000000000000005,2.2,2.1500000000000004,0,0,0,,1
63,61,2.3000000000000007,2.4000000000000004,2.3500000000000005,2.1000000000000005,2.2,2.1500000000000004,0,0,0,,1
64,61,2.4000000000000004,2.5,2.45,2.1000000000000005,2.2,2.1500000000000004,0,0,0,,1
65,61,2.5,2.6000000000000005,2.5500000000000003,2.1000000000000005,2.2,2.1500000000000004,0,0,0,,1
66,61,2.6000000000000005,2.7,2.6500000000000004,2.1000000000000005,2.2,2.1500000000000004,0,0,0,,1
67,61,2.7,2.8000000000000007,2.7500000000000004,2.1000000000000005,2.2,2.1500000000000004,0,0,0,,1
68,61,2.8000000000000007,2.9000000000000004,2.8500000000000005,2.1000000000000005,2.2,2.1500000000000004,0,0,0,,1
69,61,2.9000000000000004,3.0,2.95,2.1000000000000005,2.2,2.1500000000000004,0,0,0,,1
70,61,3.0,3.1000000000000005,3.0500000000000003,2.1000000000000005,2.2,2.1500000000000004,0,0,0,,1
71,61,3.1000000000000005,3.2,3.1500000000000004,2.1000000000000005,2.2,2.1500000000000004,0,0,0,,1
72,61,3.2,3.3000000000000007,3.2500000000000004,2.1000000000000005,2.2,2.1500000000000004,0,0,0,,1
73,61,3.3000000000000007,3.4000000000000004,3.3500000000000005,2.1000000000000005,2.2,2.1500000000000004,0,0,0,,1
74,61,3.4000000000000004,3.5,3.45,2.1000000000000005,2.2,2.1500000000000004,0,0,0,,1
75,61,3.5,3.6000000000000005,3.5500000000000003,2.1000000000000005,2.2,2.1500000000000004,0,0,0,,1
76,61,3.6000000000000005,3.7,3.6500000000000004,2.1000000000000005,2.2,2.1500000000000004,0,0,0,,1
77,61,3.7,3.8000000000000007,3.7500000000000004,2.1000000000000005,2.2,2.1500000000000004,0,0,0,,1
78,61,3.8000000000000007,3.9000000000000004,3.8500000000000005,2.1000000000000005,2.2,2.1500000000000004,0,0,0,,1
79,61,3.9000000000000004,4.0,3.95,2.1000000000000005,2.2,2.1500000000000004,0,0,0,,1
0,62,-4.0,-3.9,-3.95,2.2,2.3000000000000007,2.2500000000000004,0,0,0,,1
1,62,-3.9,-3.8,-3.8499999999999996,2.2,2.3000000000000007,2.2500000000000004,0,0,0,,1
2,62,-3.8,-3.7,-3.75,2.2,2.3000000000000007,2.2500000000000004,0,0,0,,1
3,62,-3.7,-3.6,-3.6500000000000004,2.2,2.3000000000000007,2.2500000000000004,0,0,0,,1
4,62,-3.6,-3.5,-3.55,2.2,2.3000000000000007,2.2500000000000004,0,0,0,,1
5,62,-3.5,-3.4,-3.45,2.2,2.3000000000000007,2.2500000000000004,0,0,0,,1
6,62,-3.4,-3.3,-3.3499999999999996,2.2,2.3000000000000007,2.2500000000000004,0,0,0,,1
7,62,-3.3,-3.2,-3.25,2.2,2.3000000000000007,2.2500000000000004,0,0,0,,1
8,62,-3.2,-3.1,-3.1500000000000004,2.2,2.3000000000000007,2.2500000000000004,0,0,0,,1
9,62,-3.1,-3.0,-3.05,2.2,2.3000000000000007,2.2500000000000004,0,0,0,,1
10,62,-3.0,-2.9,-2.95,2.2,2.3000000000000007,2.2500000000000004,0,0,0,,1
11,62,-2.9,-2.8,-2.8499999999999996,2.2,2.3000000000000007,2.2500000000000004,0,0,0,,1
12,62,-2.8,-2.7,-2.75,2.2,2.3000000000000007,2.2500000000000004,0,0,0,,1
13,62,-2.7,-2.5999999999999996,-2.65,2.2,2.3000000000000007,2.2500000000000004,0,0,0,,1
14,62,-2.5999999999999996,-2.5,-2.55,2.2,2.3000000000000007,2.2500000000000004,0,0,0,,1
15,62,-2.5,-2.4,-2.45,2.2,2.3000000000000007,2.2500000000000004,0,0,0,,1
16,62,-2.4,-2.3,-2.3499999999999996,2.2,2.3000000000000007,2.2500000000000004,0,0,0,,1
17,62,-2.3,-2.2,-2.25,2.2,2.3000000000000007,2.2500000000000004,0,0,0,,1
18,62,-2.2,-2.0999999999999996,-2.15,2.2,2.3000000000000007,2.2500000000000004,0,1,1,0.0,1
19,62,-2.0999999999999996,-2.0,-2.05,2.2,2.3000000000000007,2.2500000000000004,0,1,1,0.0,1
20,62,-2.0,-1.9,-1.95,2.2,2.3000000000000007,2.2500000000000004,0,0,0,,1
21,62,-1.9,-1.7999999999999998,-1.8499999999999999,2.2,2.3000000000000007,2.2500000000000004,0,0,0,,1
22,62,-1.7999999999999998,-1.6999999999999997,-1.7499999999999998,2.2,2.3000000000000007,2.2500000000000004,0,0,0,,1
23,62,-1.6999999999999997,-1.5999999999999996,-1.6499999999999997,2.2,2.3000000000000007,2.2500000000000004,0,0,0,,1
24,62,-1.5999999999999996,-1.5,-1.5499999999999998,2.2,2.3000000000000007,2.2500000000000004,0,1,1,0.0,1
25,62,-1.5,-1.4,-1.45,2.2,2.3000000000000007,2.2500000000000004,0,0,0,,1
26,62,-1.4,-1.2999999999999998,-1.3499999999999999,2.2,2.3000000000000007,2.2500000000000004,0,0,0,,1
27,62,-1.2999999999999998,-1.1999999999999997,-1.2499999999999998,2.2,2.3000000000000007,2.2500000000000004,0,1,1,0.0,1
28,62,-1.1999999999999997,-1.0999999999999996,-1.1499999999999997,2.2,2.3000000000000007,2.2500000000000004,0,0,0,,1
29,62,-1.0999999999999996,-1.0,-1.0499999999999998,2.2,2.3000000000000007,2.2500000000000004,0,0,0,,1
30,62,-1.0,-0.8999999999999999,-0.95,2.2,2.3000000000000007,2.2500000000000004,0,0,0,,1
31,62,-0.8999999999999999,-0.7999999999999998,-0.8499999999999999,2.2,2.3000000000000007,2.2500000000000004,0,0,0,,1
32,62,-0.7999999999999998,-0.6999999999999997,-0.7499999999999998,2.2,2.3000000000000007,2.2500000000000004,0,0,0,,1
33,62,-0.6999999999999997,-0.5999999999999996,-0.6499999999999997,2.2,2.3000000000000007,2.2500000000000004,0,0,0,,1
34,62,-0.5999999999999996,-0.5,-0.5499999999999998,2.2,2.3000000000000007,2.2500000000000004,0,0,0,,1
35,62,-0.5,-0.3999999999999999,-0.44999999999999996,2.2,2.3000000000000007,2.2500000000000004,0,1,1,0.0,1
36,62,-0.3999999999999999,-0.2999999999999998,-0.34999999999999987,2.2,2.3000000000000007,2.2500000000000004,0,0,0,,1
37,62,-0.2999999999999998,-0.19999999999999973,-0.24999999999999978,2.2,2.3000000000000007,2.2500000000000004,0,0,0,,1
38,62,-0.19999999999999973,-0.09999999999999964,-0.1499999999999997,2.2,2.3000000000000007,2.2500000000000004,0,1,1,0.0,1
39,62,-0.09999999999999964,0.0,-0.04999999999999982,2.2,2.3000000000000007,2.2500000000000004,1,0,1,1.0,1
40,62,0.0,0.10000000000000053,0.050000000000000266,2.2,2.3000000000000007,2.2500000000000004,1,0,1,1.0,1
41,62,0.10000000000000053,0.20000000000000018,0.15000000000000036,2.2,2.3000000000000007,2.2500000000000004,0,0,0,,1
42,62,0.20000000000000018,0.2999999999999998,0.25,2.2,2.3000000000000007,2.2500000000000004,0,0,0,,1
43,62,0.2999999999999998,0.40000000000000036,0.3500000000000001,2.2,2.3000000000000007,2.2500000000000004,0,0,0,,1
44,62,0.40000000000000036,0.5,0.4500000000000002,2.2,2.3000000000000007,2.2500000000000004,1,1,2,0.5,1
45,62,0.5,0.6000000000000005,0.5500000000000003,2.2,2.3000000000000007,2.2500000000000004,1,0,1,1.0,1
46,62,0.6000000000000005,0.7000000000000002,0.6500000000000004,2.2,2.3000000000000007,2.2500000000000004,2,0,2,1.0,1
47,62,0.7000000000000002,0.8000000000000007,0.7500000000000004,2.2,2.3000000000000007,2.2500000000000004,0,0,0,,1
48,62,0.8000000000000007,0.9000000000000004,0.8500000000000005,2.2,2.3000000000000007,2.2500000000000004,0,0,0,,1
49,62,0.9000000000000004,1.0,0.9500000000000002,2.2,2.3000000000000007,2.2500000000000004,0,0,0,,1
50,62,1.0,1.1000000000000005,1.0500000000000003,2.2,2.3000000000000007,2.2500000000000004,0,0,0,,1
51,62,1.1000000000000005,1.2000000000000002,1.1500000000000004,2.2,2.3000000000000007,2.2500000000000004,1,0,1,1.0,1
52,62,1.2000000000000002,1.3000000000000007,1.2500000000000004,2.2,2.3000000000000007,2.2500000000000004,0,0,0,,1
53,62,1.3000000000000007,1.4000000000000004,1.3500000000000005,2.2,2.3000000000000007,2.2500000000000004,0,0,0,,1
54,62,1.4000000000000004,1.5,1.4500000000000002,2.2,2.3000000000000007,2.2500000000000004,0,0,0,,1
55,62,1.5,1.6000000000000005,1.5500000000000003,2.2,2.3000000000000007,2.2500000000000004,0,0,0,,1
56,62,1.6000000000000005,1.7000000000000002,1.6500000000000004,2.2,2.3000000000000007,2.2500000000000004,0,0,0,,1
57,62,1.7000000000000002,1.8000000000000007,1.7500000000000004,2.2,2.3000000000000007,2.2500000000000004,0,0,0,,1
58,62,1.8000000000000007,1.9000000000000004,1.8500000000000005,2.2,2.3000000000000007,2.2500000000000004,0,0,0,,1
59,62,1.9000000000000004,2.0,1.9500000000000002,2.2,2.3000000000000007,2.2500000000000004,0,0,0,,1
60,62,2.0,2.1000000000000005,2.0500000000000003,2.2,2.3000000000000007,2.2500000000000004,0,0,0,,1
61,62,2.1000000000000005,2.2,2.1500000000000004,2.2,2.3000000000000007,2.2500000000000004,0,0,0,,1
62,62,2.2,2.3000000000000007,2.2500000000000004,2.2,2.3000000000000007,2.2500000000000004,0,0,0,,1
63,62,2.3000000000000007,2.4000000000000004,2.3500000000000005,2.2,2.3000000000000007,2.2500000000000004,0,0,0,,1
64,62,2.4000000000000004,2.5,2.45,2.2,2.3000000000000007,2.2500000000000004,0,0,0,,1
65,62,2.5,2.6000000000000005,2.5500000000000003,2.2,2.3000000000000007,2.2500000000000004,0,0,0,,1
66,62,2.6000000000000005,2.7,2.6500000000000004,2.2,2.3000000000000007,2.2500000000000004,0,0,0,,1
67,62,2.7,2.8000000000000007,2.7500000000000004,2.2,2.3000000000000007,2.2500000000000004,0,0,0,,1
68,62,2.8000000000000007,2.9000000000000004,2.8500000000000005,2.2,2.3000000000000007,2.2500000000000004,0,0,0,,1
69,62,2.9000000000000004,3.0,2.95,2.2,2.3000000000000007,2.2500000000000004,0,0,0,,1
70,62,3.0,3.1000000000000005,3.0500000000000003,2.2,2.3000000000000007,2.2500000000000004,0,0,0,,1
71,62,3.1000000000000005,3.2,3.1500000000000004,2.2,2.3000000000000007,2.2500000000000004,0,0,0,,1
72,62,3.2,3.3000000000000007,3.2500000000000004,2.2,2.3000000000000007,2.2500000000000004,0,0,0,,1
73,62,3.3000000000000007,3.4000000000000004,3.3500000000000005,2.2,2.3000000000000007,2.2500000000000004,0,0,0,,1
74,62,3.4000000000000004,3.5,3.45,2.2,2.3000000000000007,2.2500000000000004,0,0,0,,1
75,62,3.5,3.6000000000000005,3.5500000000000003,2.2,2.3000000000000007,2.2500000000000004,0,0,0,,1
76,62,3.6000000000000005,3.7,3.6500000000000004,2.2,2.3000000000000007,2.2500000000000004,0,0,0,,1
77,62,3.7,3.8000000000000007,3.7500000000000004,2.2,2.3000000000000007,2.2500000000000004,0,0,0,,1
78,62,3.8000000000000007,3.9000000000000004,3.8500000000000005,2.2,2.3000000000000007,2.2500000000000004,0,0,0,,1
79,62,3.9000000000000004,4.0,3.95,2.2,2.3000000000000007,2.2500000000000004,0,0,0,,1
0,63,-4.0,-3.9,-3.95,2.3000000000000007,2.4000000000000004,2.3500000000000005,0,0,0,,1
1,63,-3.9,-3.8,-3.8499999999999996,2.3000000000000007,2.4000000000000004,2.3500000000000005,0,0,0,,1
2,63,-3.8,-3.7,-3.75,2.3000000000000007,2.4000000000000004,2.3500000000000005,0,0,0,,1
3,63,-3.7,-3.6,-3.6500000000000004,2.3000000000000007,2.4000000000000004,2.3500000000000005,0,0,0,,1
4,63,-3.6,-3.5,-3.55,2.3000000000000007,2.4000000000000004,2.3500000000000005,0,0,0,,1
5,63,-3.5,-3.4,-3.45,2.3000000000000007,2.4000000000000004,2.3500000000000005,0,0,0,,1
6,63,-3.4,-3.3,-3.3499999999999996,2.3000000000000007,2.4000000000000004,2.3500000000000005,0,0,0,,1
7,63,-3.3,-3.2,-3.25,2.3000000000000007,2.4000000000000004,2.3500000000000005,0,0,0,,1
8,63,-3.2,-3.1,-3.1500000000000004,2.3000000000000007,2.4000000000000004,2.3500000000000005,0,0,0,,1
9,63,-3.1,-3.0,-3.05,2.3000000000000007,2.4000000000000004,2.3500000000000005,0,0,0,,1
10,63,-3.0,-2.9,-2.95,2.3000000000000007,2.4000000000000004,2.3500000000000005,0,0,0,,1
11,63,-2.9,-2.8,-2.8499999999999996,2.3000000000000007,2.4000000000000004,2.3500000000000005,0,0,0,,1
12,63,-2.8,-2.7,-2.75,2.3000000000000007,2.4000000000000004,2.3500000000000005,0,0,0,,1
13,63,-2.7,-2.5999999999999996,-2.65,2.3000000000000007,2.4000000000000004,2.3500000000000005,0,0,0,,1
14,63,-2.5999999999999996,-2.5,-2.55,2.3000000000000007,2.4000000000000004,2.3500000000000005,0,0,0,,1
15,63,-2.5,-2.4,-2.45,2.3000000000000007,2.4000000000000004,2.3500000000000005,0,0,0,,1
16,63,-2.4,-2.3,-2.3499999999999996,2.3000000000000007,2.4000000000000004,2.3500000000000005,0,0,0,,1
17,63,-2.3,-2.2,-2.25,2.3000000000000007,2.4000000000000004,2.3500000000000005,0,0,0,,1
18,63,-2.2,-2.0999999999999996,-2.15,2.3000000000000007,2.4000000000000004,2.3500000000000005,0,0,0,,1
19,63,-2.0999999999999996,-2.0,-2.05,2.3000000000000007,2.4000000000000004,2.3500000000000005,0,0,0,,1
20,63,-2.0,-1.9,-1.95,2.3000000000000007,2.4000000000000004,2.3500000000000005,0,0,0,,1
21,63,-1.9,-1.7999999999999998,-1.8499999999999999,2.3000000000000007,2.4000000000000004,2.3500000000000005,0,0,0,,1
22,63,-1.7999999999999998,-1.6999999999999997,-1.7499999999999998,2.3000000000000007,2.4000000000000004,2.3500000000000005,0,0,0,,1
23,63,-1.6999999999999997,-1.5999999999999996,-1.6499999999999997,2.3000000000000007,2.4000000000000004,2.3500000000000005,0,0,0,,1
24,63,-1.5999999999999996,-1.5,-1.5499999999999998,2.3000000000000007,2.4000000000000004,2.3500000000000005,0,0,0,,1
25,63,-1.5,-1.4,-1.45,2.3000000000000007,2.4000000000000004,2.3500000000000005,0,0,0,,1
26,63,-1.4,-1.2999999999999998,-1.3499999999999999,2.3000000000000007,2.4000000000000004,2.3500000000000005,0,0,0,,1
27,63,-1.2999999999999998,-1.1999999999999997,-1.2499999999999998,2.3000000000000007,2.4000000000000004,2.3500000000000005,0,1,1,0.0,1
28,63,-1.1999999999999997,-1.0999999999999996,-1.1499999999999997,2.3000000000000007,2.4000000000000004,2.3500000000000005,0,0,0,,1
29,63,-1.0999999999999996,-1.0,-1.0499999999999998,2.3000000000000007,2.4000000000000004,2.3500000000000005,0,0,0,,1
30,63,-1.0,-0.8999999999999999,-0.95,2.3000000000000007,2.4000000000000004,2.3500000000000005,0,0,0,,1
31,63,-0.8999999999999999,-0.7999999999999998,-0.8499999999999999,2.3000000000000007,2.4000000000000004,2.3500000000000005,0,0,0,,1
32,63,-0.7999999999999998,-0.6999999999999997,-0.7499999999999998,2.3000000000000007,2.4000000000000004,2.3500000000000005,0,0,0,,1
33,63,-0.6999999999999997,-0.5999999999999996,-0.6499999999999997,2.3000000000000007,2.4000000000000004,2.3500000000000005,0,0,0,,1
34,63,-0.5999999999999996,-0.5,-0.5499999999999998,2.3000000000000007,2.4000000000000004,2.3500000000000005,0,0,0,,1
35,63,-0.5,-0.3999999999999999,-0.44999999999999996,2.3000000000000007,2.4000000000000004,2.3500000000000005,0,1,1,0.0,1
36,63,-0.3999999999999999,-0.2999999999999998,-0.34999999999999987,2.3000000000000007,2.4000000000000004,2.3500000000000005,0,0,0,,1
37,63,-0.2999999999999998,-0.19999999999999973,-0.24999999999999978,2.3000000000000007,2.4000000000000004,2.3500000000000005,0,1,1,0.0,1
38,63,-0.19999999999999973,-0.09999999999999964,-0.1499999999999997,2.3000000000000007,2.4000000000000004,2.3500000000000005,1,0,1,1.0,1
39,63,-0.09999999999999964,0.0,-0.04999999999999982,2.3000000000000007,2.4000000000000004,2.3500000000000005,0,0,0,,1
40,63,0.0,0.10000000000000053,0.050000000000000266,2.3000000000000007,2.4000000000000004,2.3500000000000005,0,0,0,,1
41,63,0.10000000000000053,0.20000000000000018,0.15000000000000036,2.3000000000000007,2.4000000000000004,2.3500000000000005,0,0,0,,1
42,63,0.20000000000000018,0.2999999999999998,0.25,2.3000000000000007,2.4000000000000004,2.3500000000000005,0,0,0,,1
43,63,0.2999999999999998,0.40000000000000036,0.3500000000000001,2.3000000000000007,2.4000000000000004,2.3500000000000005,0,1,1,0.0,1
44,63,0.40000000000000036,0.5,0.4500000000000002,2.3000000000000007,2.4000000000000004,2.3500000000000005,0,0,0,,1
45,63,0.5,0.6000000000000005,0.5500000000000003,2.3000000000000007,2.4000000000000004,2.3500000000000005,1,0,1,1.0,1
46,63,0.6000000000000005,0.7000000000000002,0.6500000000000004,2.3000000000000007,2.4000000000000004,2.3500000000000005,1,0,1,1.0,1
47,63,0.7000000000000002,0.8000000000000007,0.7500000000000004,2.3000000000000007,2.4000000000000004,2.3500000000000005,0,0,0,,1
48,63,0.8000000000000007,0.9000000000000004,0.8500000000000005,2.3000000000000007,2.4000000000000004,2.3500000000000005,0,0,0,,1
49,63,0.9000000000000004,1.0,0.9500000000000002,2.3000000000000007,2.4000000000000004,2.3500000000000005,0,0,0,,1
50,63,1.0,1.1000000000000005,1.0500000000000003,2.3000000000000007,2.4000000000000004,2.3500000000000005,0,0,0,,1
51,63,1.1000000000000005,1.2000000000000002,1.1500000000000004,2.3000000000000007,2.4000000000000004,2.3500000000000005,0,0,0,,1
52,63,1.2000000000000002,1.3000000000000007,1.2500000000000004,2.3000000000000007,2.4000000000000004,2.3500000000000005,1,0,1,1.0,1
53,63,1.3000000000000007,1.4000000000000004,1.3500000000000005,2.3000000000000007,2.4000000000000004,2.3500000000000005,0,0,0,,1
54,63,1.4000000000000004,1.5,1.4500000000000002,2.3000000000000007,2.4000000000000004,2.3500000000000005,0,0,0,,1
55,63,1.5,1.6000000000000005,1.5500000000000003,2.3000000000000007,2.4000000000000004,2.3500000000000005,0,0,0,,1
56,63,1.6000000000000005,1.7000000000000002,1.6500000000000004,2.3000000000000007,2.4000000000000004,2.3500000000000005,0,0,0,,1
57,63,1.7000000000000002,1.8000000000000007,1.7500000000000004,2.3000000000000007,2.4000000000000004,2.3500000000000005,0,0,0,,1
58,63,1.8000000000000007,1.9000000000000004,1.8500000000000005,2.3000000000000007,2.4000000000000004,2.3500000000000005,0,0,0,,1
59,63,1.9000000000000004,2.0,1.9500000000000002,2.3000000000000007,2.4000000000000004,2.3500000000000005,0,0,0,,1
60,63,2.0,2.1000000000000005,2.0500000000000003,2.3000000000000007,2.4000000000000004,2.3500000000000005,0,0,0,,1
61,63,2.1000000000000005,2.2,2.1500000000000004,2.3000000000000007,2.4000000000000004,2.3500000000000005,0,0,0,,1
62,63,2.2,2.3000000000000007,2.2500000000000004,2.3000000000000007,2.4000000000000004,2.3500000000000005,0,0,0,,1
63,63,2.3000000000000007,2.4000000000000004,2.3500000000000005,2.3000000000000007,2.4000000000000004,2.3500000000000005,0,0,0,,1
64,63,2.4000000000000004,2.5,2.45,2.3000000000000007,2.4000000000000004,2.3500000000000005,0,0,0,,1
65,63,2.5,2.6000000000000005,2.5500000000000003,2.3000000000000007,2.4000000000000004,2.3500000000000005,0,0,0,,1
66,63,2.6000000000000005,2.7,2.6500000000000004,2.3000000000000007,2.4000000000000004,2.3500000000000005,0,0,0,,1
67,63,2.7,2.8000000000000007,2.7500000000000004,2.3000000000000007,2.4000000000000004,2.3500000000000005,0,0,0,,1
68,63,2.8000000000000007,2.9000000000000004,2.8500000000000005,2.3000000000000007,2.4000000000000004,2.3500000000000005,0,0,0,,1
69,63,2.9000000000000004,3.0,2.95,2.3000000000000007,2.4000000000000004,2.3500000000000005,0,0,0,,1
70,63,3.0,3.1000000000000005,3.0500000000000003,2.3000000000000007,2.4000000000000004,2.3500000000000005,0,0,0,,1
71,63,3.1000000000000005,3.2,3.1500000000000004,2.3000000000000007,2.4000000000000004,2.3500000000000005,0,0,0,,1
72,63,3.2,3.3000000000000007,3.2500000000000004,2.3000000000000007,2.4000000000000004,2.3500000000000005,0,0,0,,1
73,63,3.3000000000000007,3.4000000000000004,3.3500000000000005,2.3000000000000007,2.4000000000000004,2.3500000000000005,0,0,0,,1
74,63,3.4000000000000004,3.5,3.45,2.3000000000000007,2.4000000000000004,2.3500000000000005,0,0,0,,1
75,63,3.5,3.6000000000000005,3.5500000000000003,2.3000000000000007,2.4000000000000004,2.3500000000000005,0,0,0,,1
76,63,3.6000000000000005,3.7,3.6500000000000004,2.3000000000000007,2.4000000000000004,2.3500000000000005,0,0,0,,1
77,63,3.7,3.8000000000000007,3.7500000000000004,2.3000000000000007,2.4000000000000004,2.3500000000000005,0,0,0,,1
78,63,3.8000000000000007,3.9000000000000004,3.8500000000000005,2.3000000000000007,2.4000000000000004,2.3500000000000005,0,0,0,,1
79,63,3.9000000000000004,4.0,3.95,2.3000000000000007,2.4000000000000004,2.3500000000000005,0,0,0,,1
0,64,-4.0,-3.9,-3.95,2.4000000000000004,2.5,2.45,0,0,0,,1
1,64,-3.9,-3.8,-3.8499999999999996,2.4000000000000004,2.5,2.45,0,0,0,,1
2,64,-3.8,-3.7,-3.75,2.4000000000000004,2.5,2.45,0,0,0,,1
3,64,-3.7,-3.6,-3.6500000000000004,2.4000000000000004,2.5,2.45,0,0,0,,1
4,64,-3.6,-3.5,-3.55,2.4000000000000004,2.5,2.45,0,0,0,,1
5,64,-3.5,-3.4,-3.45,2.4000000000000004,2.5,2.45,0,0,0,,1
6,64,-3.4,-3.3,-3.3499999999999996,2.4000000000000004,2.5,2.45,0,0,0,,1
7,64,-3.3,-3.2,-3.25,2.4000000000000004,2.5,2.45,0,0,0,,1
8,64,-3.2,-3.1,-3.1500000000000004,2.4000000000000004,2.5,2.45,0,0,0,,1
9,64,-3.1,-3.0,-3.05,2.4000000000000004,2.5,2.45,0,0,0,,1
10,64,-3.0,-2.9,-2.95,2.4000000000000004,2.5,2.45,0,0,0,,1
11,64,-2.9,-2.8,-2.8499999999999996,2.4000000000000004,2.5,2.45,0,0,0,,1
12,64,-2.8,-2.7,-2.75,2.4000000000000004,2.5,2.45,0,0,0,,1
13,64,-2.7,-2.5999999999999996,-2.65,2.4000000000000004,2.5,2.45,0,0,0,,1
14,64,-2.5999999999999996,-2.5,-2.55,2.4000000000000004,2.5,2.45,0,0,0,,1
15,64,-2.5,-2.4,-2.45,2.4000000000000004,2.5,2.45,0,0,0,,1
16,64,-2.4,-2.3,-2.3499999999999996,2.4000000000000004,2.5,2.45,0,0,0,,1
17,64,-2.3,-2.2,-2.25,2.4000000000000004,2.5,2.45,0,0,0,,1
18,64,-2.2,-2.0999999999999996,-2.15,2.4000000000000004,2.5,2.45,0,0,0,,1
19,64,-2.0999999999999996,-2.0,-2.05,2.4000000000000004,2.5,2.45,0,0,0,,1
20,64,-2.0,-1.9,-1.95,2.4000000000000004,2.5,2.45,0,0,0,,1
21,64,-1.9,-1.7999999999999998,-1.8499999999999999,2.4000000000000004,2.5,2.45,0,0,0,,1
22,64,-1.7999999999999998,-1.6999999999999997,-1.7499999999999998,2.4000000000000004,2.5,2.45,0,0,0,,1
23,64,-1.6999999999999997,-1.5999999999999996,-1.6499999999999997,2.4000000000000004,2.5,2.45,0,0,0,,1
24,64,-1.5999999999999996,-1.5,-1.5499999999999998,2.4000000000000004,2.5,2.45,0,1,1,0.0,1
25,64,-1.5,-1.4,-1.45,2.4000000000000004,2.5,2.45,0,0,0,,1
26,64,-1.4,-1.2999999999999998,-1.3499999999999999,2.4000000000000004,2.5,2.45,0,1,1,0.0,1
27,64,-1.2999999999999998,-1.1999999999999997,-1.2499999999999998,2.4000000000000004,2.5,2.45,0,0,0,,1
28,64,-1.1999999999999997,-1.0999999999999996,-1.1499999999999997,2.4000000000000004,2.5,2.45,0,0,0,,1
29,64,-1.0999999999999996,-1.0,-1.0499999999999998,2.4000000000000004,2.5,2.45,0,0,0,,1
30,64,-1.0,-0.8999999999999999,-0.95,2.4000000000000004,2.5,2.45,0,0,0,,1
31,64,-0.8999999999999999,-0.7999999999999998,-0.8499999999999999,2.4000000000000004,2.5,2.45,0,0,0,,1
32,64,-0.7999999999999998,-0.6999999999999997,-0.7499999999999998,2.4000000000000004,2.5,2.45,0,0,0,,1
33,64,-0.6999999999999997,-0.5999999999999996,-0.6499999999999997,2.4000000000000004,2.5,2.45,0,0,0,,1
34,64,-0.5999999999999996,-0.5,-0.5499999999999998,2.4000000000000004,2.5,2.45,0,0,0,,1
35,64,-0.5,-0.3999999999999999,-0.44999999999999996,2.4000000000000004,2.5,2.45,0,0,0,,1
36,64,-0.3999999999999999,-0.2999999999999998,-0.34999999999999987,2.4000000000000004,2.5,2.45,0,0,0,,1
37,64,-0.2999999999999998,-0.19999999999999973,-0.24999999999999978,2.4000000000000004,2.5,2.45,0,1,1,0.0,1
38,64,-0.19999999999999973,-0.09999999999999964,-0.1499999999999997,2.4000000000000004,2.5,2.45,0,0,0,,1
39,64,-0.09999999999999964,0.0,-0.04999999999999982,2.4000000000000004,2.5,2.45,1,0,1,1.0,1
40,64,0.0,0.10000000000000053,0.050000000000000266,2.4000000000000004,2.5,2.45,0,0,0,,1
41,64,0.10000000000000053,0.20000000000000018,0.15000000000000036,2.4000000000000004,2.5,2.45,0,0,0,,1
42,64,0.20000000000000018,0.2999999999999998,0.25,2.4000000000000004,2.5,2.45,0,0,0,,1
43,64,0.2999999999999998,0.40000000000000036,0.3500000000000001,2.4000000000000004,2.5,2.45,1,0,1,1.0,1
44,64,0.40000000000000036,0.5,0.4500000000000002,2.4000000000000004,2.5,2.45,0,1,1,0.0,1
45,64,0.5,0.6000000000000005,0.5500000000000003,2.4000000000000004,2.5,2.45,0,0,0,,1
46,64,0.6000000000000005,0.7000000000000002,0.6500000000000004,2.4000000000000004,2.5,2.45,0,0,0,,1
47,64,0.7000000000000002,0.8000000000000007,0.7500000000000004,2.4000000000000004,2.5,2.45,1,0,1,1.0,1
48,64,0.8000000000000007,0.9000000000000004,0.8500000000000005,2.4000000000000004,2.5,2.45,0,0,0,,1
49,64,0.9000000000000004,1.0,0.9500000000000002,2.4000000000000004,2.5,2.45,1,0,1,1.0,1
50,64,1.0,1.1000000000000005,1.0500000000000003,2.4000000000000004,2.5,2.45,0,0,0,,1
51,64,1.1000000000000005,1.2000000000000002,1.1500000000000004,2.4000000000000004,2.5,2.45,0,0,0,,1
52,64,1.2000000000000002,1.3000000000000007,1.2500000000000004,2.4000000000000004,2.5,2.45,1,0,1,1.0,1
53,64,1.3000000000000007,1.4000000000000004,1.3500000000000005,2.4000000000000004,2.5,2.45,0,0,0,,1
54,64,1.4000000000000004,1.5,1.4500000000000002,2.4000000000000004,2.5,2.45,0,0,0,,1
55,64,1.5,1.6000000000000005,1.5500000000000003,2.4000000000000004,2.5,2.45,0,0,0,,1
56,64,1.6000000000000005,1.7000000000000002,1.6500000000000004,2.4000000000000004,2.5,2.45,0,0,0,,1
57,64,1.7000000000000002,1.8000000000000007,1.7500000000000004,2.4000000000000004,2.5,2.45,0,0,0,,1
58,64,1.8000000000000007,1.9000000000000004,1.8500000000000005,2.4000000000000004,2.5,2.45,0,0,0,,1
59,64,1.9000000000000004,2.0,1.9500000000000002,2.4000000000000004,2.5,2.45,0,0,0,,1
60,64,2.0,2.1000000000000005,2.0500000000000003,2.4000000000000004,2.5,2.45,0,0,0,,1
61,64,2.1000000000000005,2.2,2.1500000000000004,2.4000000000000004,2.5,2.45,0,0,0,,1
62,64,2.2,2.3000000000000007,2.2500000000000004,2.4000000000000004,2.5,2.45,0,0,0,,1
63,64,2.3000000000000007,2.4000000000000004,2.3500000000000005,2.4000000000000004,2.5,2.45,0,0,0,,1
64,64,2.4000000000000004,2.5,2.45,2.4000000000000004,2.5,2.45,0,0,0,,1
65,64,2.5,2.6000000000000005,2.5500000000000003,2.4000000000000004,2.5,2.45,0,0,0,,1
66,64,2.6000000000000005,2.7,2.6500000000000004,2.4000000000000004,2.5,2.45,0,0,0,,1
67,64,2.7,2.8000000000000007,2.7500000000000004,2.4000000000000004,2.5,2.45,0,0,0,,1
68,64,2.8000000000000007,2.9000000000000004,2.8500000000000005,2.4000000000000004,2.5,2.45,0,0,0,,1
69,64,2.9000000000000004,3.0,2.95,2.4000000000000004,2.5,2.45,0,0,0,,1
70,64,3.0,3.1000000000000005,3.0500000000000003,2.4000000000000004,2.5,2.45,0,0,0,,1
71,64,3.1000000000000005,3.2,3.1500000000000004,2.4000000000000004,2.5,2.45,0,0,0,,1
72,64,3.2,3.3000000000000007,3.2500000000000004,2.4000000000000004,2.5,2.45,0,0,0,,1
73,64,3.3000000000000007,3.4000000000000004,3.3500000000000005,2.4000000000000004,2.5,2.45,0,0,0,,1
74,64,3.4000000000000004,3.5,3.45,2.4000000000000004,2.5,2.45,0,0,0,,1
75,64,3.5,3.6000000000000005,3.5500000000000003,2.4000000000000004,2.5,2.45,0,0,0,,1
76,64,3.6000000000000005,3.7,3.6500000000000004,2.4000000000000004,2.5,2.45,0,0,0,,1
77,64,3.7,3.8000000000000007,3.7500000000000004,2.4000000000000004,2.5,2.45,0,0,0,,1
78,64,3.8000000000000007,3.9000000000000004,3.8500000000000005,2.4000000000000004,2.5,2.45,0,0,0,,1
79,64,3.9000000000000004,4.0,3.95,2.4000000000000004,2.5,2.45,0,0,0,,1
0,65,-4.0,-3.9,-3.95,2.5,2.6000000000000005,2.5500000000000003,0,0,0,,1
1,65,-3.9,-3.8,-3.8499999999999996,2.5,2.6000000000000005,2.5500000000000003,0,0,0,,1
2,65,-3.8,-3.7,-3.75,2.5,2.6000000000000005,2.5500000000000003,0,0,0,,1
3,65,-3.7,-3.6,-3.6500000000000004,2.5,2.6000000000000005,2.5500000000000003,0,0,0,,1
4,65,-3.6,-3.5,-3.55,2.5,2.6000000000000005,2.5500000000000003,0,0,0,,1
5,65,-3.5,-3.4,-3.45,2.5,2.6000000000000005,2.5500000000000003,0,0,0,,1
6,65,-3.4,-3.3,-3.3499999999999996,2.5,2.6000000000000005,2.5500000000000003,0,0,0,,1
7,65,-3.3,-3.2,-3.25,2.5,2.6000000000000005,2.5500000000000003,0,0,0,,1
8,65,-3.2,-3.1,-3.1500000000000004,2.5,2.6000000000000005,2.5500000000000003,0,0,0,,1
9,65,-3.1,-3.0,-3.05,2.5,2.6000000000000005,2.5500000000000003,0,0,0,,1
10,65,-3.0,-2.9,-2.95,2.5,2.6000000000000005,2.5500000000000003,0,0,0,,1
11,65,-2.9,-2.8,-2.8499999999999996,2.5,2.6000000000000005,2.5500000000000003,0,0,0,,1
12,65,-2.8,-2.7,-2.75,2.5,2.6000000000000005,2.5500000000000003,0,0,0,,1
13,65,-2.7,-2.5999999999999996,-2.65,2.5,2.6000000000000005,2.5500000000000003,0,0,0,,1
14,65,-2.5999999999999996,-2.5,-2.55,2.5,2.6000000000000005,2.5500000000000003,0,0,0,,1
15,65,-2.5,-2.4,-2.45,2.5,2.6000000000000005,2.5500000000000003,0,0,0,,1
16,65,-2.4,-2.3,-2.3499999999999996,2.5,2.6000000000000005,2.5500000000000003,0,0,0,,1
17,65,-2.3,-2.2,-2.25,2.5,2.6000000000000005,2.5500000000000003,0,0,0,,1
18,65,-2.2,-2.0999999999999996,-2.15,2.5,2.6000000000000005,2.5500000000000003,0,0,0,,1
19,65,-2.0999999999999996,-2.0,-2.05,2.5,2.6000000000000005,2.5500000000000003,0,0,0,,1
20,65,-2.0,-1.9,-1.95,2.5,2.6000000000000005,2.5500000000000003,0,0,0,,1
21,65,-1.9,-1.7999999999999998,-1.8499999999999999,2.5,2.6000000000000005,2.5500000000000003,0,0,0,,1
22,65,-1.7999999999999998,-1.6999999999999997,-1.7499999999999998,2.5,2.6000000000000005,2.5500000000000003,0,0,0,,1
23,65,-1.6999999999999997,-1.5999999999999996,-1.6499999999999997,2.5,2.6000000000000005,2.5500000000000003,0,0,0,,1
24,65,-1.5999999999999996,-1.5,-1.5499999999999998,2.5,2.6000000000000005,2.5500000000000003,0,0,0,,1
25,65,-1.5,-1.4,-1.45,2.5,2.6000000000000005,2.5500000000000003,0,1,1,0.0,1
26,65,-1.4,-1.2999999999999998,-1.3499999999999999,2.5,2.6000000000000005,2.5500000000000003,0,0,0,,1
27,65,-1.2999999999999998,-1.1999999999999997,-1.2499999999999998,2.5,2.6000000000000005,2.5500000000000003,0,0,0,,1
28,65,-1.1999999999999997,-1.0999999999999996,-1.1499999999999997,2.5,2.6000000000000005,2.5500000000000003,0,0,0,,1
29,65,-1.0999999999999996,-1.0,-1.0499999999999998,2.5,2.6000000000000005,2.5500000000000003,0,0,0,,1
30,65,-1.0,-0.8999999999999999,-0.95,2.5,2.6000000000000005,2.5500000000000003,0,0,0,,1
31,65,-0.8999999999999999,-0.7999999999999998,-0.8499999999999999,2.5,2.6000000000000005,2.5500000000000003,0,0,0,,1
32,65,-0.7999999999999998,-0.6999999999999997,-0.7499999999999998,2.5,2.6000000000000005,2.5500000000000003,0,0,0,,1
33,65,-0.6999999999999997,-0.5999999999999996,-0.6499999999999997,2.5,2.6000000000000005,2.5500000000000003,0,0,0,,1
34,65,-0.5999999999999996,-0.5,-0.5499999999999998,2.5,2.6000000000000005,2.5500000000000003,0,0,0,,1
35,65,-0.5,-0.3999999999999999,-0.44999999999999996,2.5,2.6000000000000005,2.5500000000000003,0,1,1,0.0,1
36,65,-0.3999999999999999,-0.2999999999999998,-0.34999999999999987,2.5,2.6000000000000005,2.5500000000000003,0,0,0,,1
37,65,-0.2999999999999998,-0.19999999999999973,-0.24999999999999978,2.5,2.6000000000000005,2.5500000000000003,0,1,1,0.0,1
38,65,-0.19999999999999973,-0.09999999999999964,-0.1499999999999997,2.5,2.6000000000000005,2.5500000000000003,0,0,0,,1
39,65,-0.09999999999999964,0.0,-0.04999999999999982,2.5,2.6000000000000005,2.5500000000000003,1,0,1,1.0,1
40,65,0.0,0.10000000000000053,0.050000000000000266,2.5,2.6000000000000005,2.5500000000000003,0,0,0,,1
41,65,0.10000000000000053,0.20000000000000018,0.15000000000000036,2.5,2.6000000000000005,2.5500000000000003,0,0,0,,1
42,65,0.20000000000000018,0.2999999999999998,0.25,2.5,2.6000000000000005,2.5500000000000003,0,0,0,,1
43,65,0.2999999999999998,0.40000000000000036,0.3500000000000001,2.5,2.6000000000000005,2.5500000000000003,1,0,1,1.0,1
44,65,0.40000000000000036,0.5,0.4500000000000002,2.5,2.6000000000000005,2.5500000000000003,1,0,1,1.0,1
45,65,0.5,0.6000000000000005,0.5500000000000003,2.5,2.6000000000000005,2.5500000000000003,0,0,0,,1
46,65,0.6000000000000005,0.7000000000000002,0.6500000000000004,2.5,2.6000000000000005,2.5500000000000003,0,0,0,,1
47,65,0.7000000000000002,0.8000000000000007,0.7500000000000004,2.5,2.6000000000000005,2.5500000000000003,0,0,0,,1
48,65,0.8000000000000007,0.9000000000000004,0.8500000000000005,2.5,2.6000000000000005,2.5500000000000003,0,0,0,,1
49,65,0.9000000000000004,1.0,0.9500000000000002,2.5,2.6000000000000005,2.5500000000000003,0,0,0,,1
50,65,1.0,1.1000000000000005,1.0500000000000003,2.5,2.6000000000000005,2.5500000000000003,0,0,0,,1
51,65,1.1000000000000005,1.2000000000000002,1.1500000000000004,2.5,2.6000000000000005,2.5500000000000003,0,0,0,,1
52,65,1.2000000000000002,1.3000000000000007,1.2500000000000004,2.5,2.6000000000000005,2.5500000000000003,1,0,1,1.0,1
53,65,1.3000000000000007,1.4000000000000004,1.3500000000000005,2.5,2.6000000000000005,2.5500000000000003,0,0,0,,1
54,65,1.4000000000000004,1.5,1.4500000000000002,2.5,2.6000000000000005,2.5500000000000003,0,0,0,,1
55,65,1.5,1.6000000000000005,1.5500000000000003,2.5,2.6000000000000005,2.5500000000000003,0,0,0,,1
56,65,1.6000000000000005,1.7000000000000002,1.6500000000000004,2.5,2.6000000000000005,2.5500000000000003,0,0,0,,1
57,65,1.7000000000000002,1.8000000000000007,1.7500000000000004,2.5,2.6000000000000005,2.5500000000000003,0,0,0,,1
58,65,1.8000000000000007,1.9000000000000004,1.8500000000000005,2.5,2.6000000000000005,2.5500000000000003,0,0,0,,1
59,65,1.9000000000000004,2.0,1.9500000000000002,2.5,2.6000000000000005,2.5500000000000003,0,0,0,,1
60,65,2.0,2.1000000000000005,2.0500000000000003,2.5,2.6000000000000005,2.5500000000000003,0,0,0,,1
61,65,2.1000000000000005,2.2,2.1500000000000004,2.5,2.6000000000000005,2.5500000000000003,0,0,0,,1
62,65,2.2,2.3000000000000007,2.2500000000000004,2.5,2.6000000000000005,2.5500000000000003,0,0,0,,1
63,65,2.3000000000000007,2.4000000000000004,2.3500000000000005,2.5,2.6000000000000005,2.5500000000000003,0,0,0,,1
64,65,2.4000000000000004,2.5,2.45,2.5,2.6000000000000005,2.5500000000000003,0,0,0,,1
65,65,2.5,2.6000000000000005,2.5500000000000003,2.5,2.6000000000000005,2.5500000000000003,0,0,0,,1
66,65,2.6000000000000005,2.7,2.6500000000000004,2.5,2.6000000000000005,2.5500000000000003,0,0,0,,1
67,65,2.7,2.8000000000000007,2.7500000000000004,2.5,2.6000000000000005,2.5500000000000003,0,0,0,,1
68,65,2.8000000000000007,2.9000000000000004,2.8500000000000005,2.5,2.6000000000000005,2.5500000000000003,0,0,0,,1
69,65,2.9000000000000004,3.0,2.95,2.5,2.6000000000000005,2.5500000000000003,0,0,0,,1
70,65,3.0,3.1000000000000005,3.0500000000000003,2.5,2.6000000000000005,2.5500000000000003,0,0,0,,1
71,65,3.1000000000000005,3.2,3.1500000000000004,2.5,2.6000000000000005,2.5500000000000003,0,0,0,,1
72,65,3.2,3.3000000000000007,3.2500000000000004,2.5,2.6000000000000005,2.5500000000000003,0,0,0,,1
73,65,3.3000000000000007,3.4000000000000004,3.3500000000000005,2.5,2.6000000000000005,2.5500000000000003,0,0,0,,1
74,65,3.4000000000000004,3.5,3.45,2.5,2.6000000000000005,2.5500000000000003,0,0,0,,1
75,65,3.5,3.6000000000000005,3.5500000000000003,2.5,2.6000000000000005,2.5500000000000003,0,0,0,,1
76,65,3.6000000000000005,3.7,3.6500000000000004,2.5,2.6000000000000005,2.5500000000000003,0,0,0,,1
77,65,3.7,3.8000000000000007,3.7500000000000004,2.5,2.6000000000000005,2.5500000000000003,0,0,0,,1
78,65,3.8000000000000007,3.9000000000000004,3.8500000000000005,2.5,2.6000000000000005,2.5500000000000003,0,0,0,,1
79,65,3.9000000000000004,4.0,3.95,2.5,2.6000000000000005,2.5500000000000003,0,0,0,,1
0,66,-4.0,-3.9,-3.95,2.6000000000000005,2.7,2.6500000000000004,0,0,0,,1
1,66,-3.9,-3.8,-3.8499999999999996,2.6000000000000005,2.7,2.6500000000000004,0,0,0,,1
2,66,-3.8,-3.7,-3.75,2.6000000000000005,2.7,2.6500000000000004,0,0,0,,1
3,66,-3.7,-3.6,-3.6500000000000004,2.6000000000000005,2.7,2.6500000000000004,0,0,0,,1
4,66,-3.6,-3.5,-3.55,2.6000000000000005,2.7,2.6500000000000004,0,0,0,,1
5,66,-3.5,-3.4,-3.45,2.6000000000000005,2.7,2.6500000000000004,0,0,0,,1
6,66,-3.4,-3.3,-3.3499999999999996,2.6000000000000005,2.7,2.6500000000000004,0,0,0,,1
7,66,-3.3,-3.2,-3.25,2.6000000000000005,2.7,2.6500000000000004,0,0,0,,1
8,66,-3.2,-3.1,-3.1500000000000004,2.6000000000000005,2.7,2.6500000000000004,0,0,0,,1
9,66,-3.1,-3.0,-3.05,2.6000000000000005,2.7,2.6500000000000004,0,0,0,,1
10,66,-3.0,-2.9,-2.95,2.6000000000000005,2.7,2.6500000000000004,0,0,0,,1
11,66,-2.9,-2.8,-2.8499999999999996,2.6000000000000005,2.7,2.6500000000000004,0,0,0,,1
12,66,-2.8,-2.7,-2.75,2.6000000000000005,2.7,2.6500000000000004,0,0,0,,1
13,66,-2.7,-2.5999999999999996,-2.65,2.6000000000000005,2.7,2.6500000000000004,0,0,0,,1
14,66,-2.5999999999999996,-2.5,-2.55,2.6000000000000005,2.7,2.6500000000000004,0,0,0,,1
15,66,-2.5,-2.4,-2.45,2.6000000000000005,2.7,2.6500000000000004,0,0,0,,1
16,66,-2.4,-2.3,-2.3499999999999996,2.6000000000000005,2.7,2.6500000000000004,0,0,0,,1
17,66,-2.3,-2.2,-2.25,2.6000000000000005,2.7,2.6500000000000004,0,0,0,,1
18,66,-2.2,-2.0999999999999996,-2.15,2.6000000000000005,2.7,2.6500000000000004,0,0,0,,1
19,66,-2.0999999999999996,-2.0,-2.05,2.6000000000000005,2.7,2.6500000000000004,0,0,0,,1
20,66,-2.0,-1.9,-1.95,2.6000000000000005,2.7,2.6500000000000004,0,0,0,,1
21,66,-1.9,-1.7999999999999998,-1.8499999999999999,2.6000000000000005,2.7,2.6500000000000004,0,0,0,,1
22,66,-1.7999999999999998,-1.6999999999999997,-1.7499999999999998,2.6000000000000005,2.7,2.6500000000000004,0,0,0,,1
23,66,-1.6999999999999997,-1.5999999999999996,-1.6499999999999997,2.6000000000000005,2.7,2.6500000000000004,0,0,0,,1
24,66,-1.5999999999999996,-1.5,-1.5499999999999998,2.6000000000000005,2.7,2.6500000000000004,0,0,0,,1
25,66,-1.5,-1.4,-1.45,2.6000000000000005,2.7,2.6500000000000004,0,0,0,,1
26,66,-1.4,-1.2999999999999998,-1.3499999999999999,2.6000000000000005,2.7,2.6500000000000004,0,0,0,,1
27,66,-1.2999999999999998,-1.1999999999999997,-1.2499999999999998,2.6000000000000005,2.7,2.6500000000000004,0,0,0,,1
28,66,-1.1999999999999997,-1.0999999999999996,-1.1499999999999997,2.6000000000000005,2.7,2.6500000000000004,0,0,0,,1
29,66,-1.0999999999999996,-1.0,-1.0499999999999998,2.6000000000000005,2.7,2.6500000000000004,0,0,0,,1
30,66,-1.0,-0.8999999999999999,-0.95,2.6000000000000005,2.7,2.6500000000000004,0,0,0,,1
31,66,-0.8999999999999999,-0.7999999999999998,-0.8499999999999999,2.6000000000000005,2.7,2.6500000000000004,0,0,0,,1
32,66,-0.7999999999999998,-0.6999999999999997,-0.7499999999999998,2.6000000000000005,2.7,2.6500000000000004,0,0,0,,1
33,66,-0.6999999999999997,-0.5999999999999996,-0.6499999999999997,2.6000000000000005,2.7,2.6500000000000004,0,0,0,,1
34,66,-0.5999999999999996,-0.5,-0.5499999999999998,2.6000000000000005,2.7,2.6500000000000004,0,0,0,,1
35,66,-0.5,-0.3999999999999999,-0.44999999999999996,2.6000000000000005,2.7,2.6500000000000004,0,0,0,,1
36,66,-0.3999999999999999,-0.2999999999999998,-0.34999999999999987,2.6000000000000005,2.7,2.6500000000000004,0,2,2,0.0,1
37,66,-0.2999999999999998,-0.19999999999999973,-0.24999999999999978,2.6000000000000005,2.7,2.6500000000000004,0,0,0,,1
38,66,-0.19999999999999973,-0.09999999999999964,-0.1499999999999997,2.6000000000000005,2.7,2.6500000000000004,0,0,0,,1
39,66,-0.09999999999999964,0.0,-0.04999999999999982,2.6000000000000005,2.7,2.6500000000000004,0,0,0,,1
40,66,0.0,0.10000000000000053,0.050000000000000266,2.6000000000000005,2.7,2.6500000000000004,0,0,0,,1
41,66,0.10000000000000053,0.20000000000000018,0.15000000000000036,2.6000000000000005,2.7,2.6500000000000004,0,0,0,,1
42,66,0.20000000000000018,0.2999999999999998,0.25,2.6000000000000005,2.7,2.6500000000000004,1,0,1,1.0,1
43,66,0.2999999999999998,0.40000000000000036,0.3500000000000001,2.6000000000000005,2.7,2.6500000000000004,0,0,0,,1
44,66,0.40000000000000036,0.5,0.4500000000000002,2.6000000000000005,2.7,2.6500000000000004,0,1,1,0.0,1
45,66,0.5,0.6000000000000005,0.5500000000000003,2.6000000000000005,2.7,2.6500000000000004,0,0,0,,1
46,66,0.6000000000000005,0.7000000000000002,0.6500000000000004,2.6000000000000005,2.7,2.6500000000000004,0,0,0,,1
47,66,0.7000000000000002,0.8000000000000007,0.7500000000000004,2.6000000000000005,2.7,2.6500000000000004,0,0,0,,1
48,66,0.8000000000000007,0.9000000000000004,0.8500000000000005,2.6000000000000005,2.7,2.6500000000000004,0,0,0,,1
49,66,0.9000000000000004,1.0,0.9500000000000002,2.6000000000000005,2.7,2.6500000000000004,0,0,0,,1
50,66,1.0,1.1000000000000005,1.0500000000000003,2.6000000000000005,2.7,2.6500000000000004,0,0,0,,1
51,66,1.1000000000000005,1.2000000000000002,1.1500000000000004,2.6000000000000005,2.7,2.6500000000000004,0,0,0,,1
52,66,1.2000000000000002,1.3000000000000007,1.2500000000000004,2.6000000000000005,2.7,2.6500000000000004,0,0,0,,1
53,66,1.3000000000000007,1.4000000000000004,1.3500000000000005,2.6000000000000005,2.7,2.6500000000000004,0,0,0,,1
54,66,1.4000000000000004,1.5,1.4500000000000002,2.6000000000000005,2.7,2.6500000000000004,1,0,1,1.0,1
55,66,1.5,1.6000000000000005,1.5500000000000003,2.6000000000000005,2.7,2.6500000000000004,0,0,0,,1
56,66,1.6000000000000005,1.7000000000000002,1.6500000000000004,2.6000000000000005,2.7,2.6500000000000004,0,0,0,,1
57,66,1.7000000000000002,1.8000000000000007,1.7500000000000004,2.6000000000000005,2.7,2.6500000000000004,0,0,0,,1
58,66,1.8000000000000007,1.9000000000000004,1.8500000000000005,2.6000000000000005,2.7,2.6500000000000004,0,0,0,,1
59,66,1.9000000000000004,2.0,1.9500000000000002,2.6000000000000005,2.7,2.6500000000000004,0,0,0,,1
60,66,2.0,2.1000000000000005,2.0500000000000003,2.6000000000000005,2.7,2.6500000000000004,0,0,0,,1
61,66,2.1000000000000005,2.2,2.1500000000000004,2.6000000000000005,2.7,2.6500000000000004,0,0,0,,1
62,66,2.2,2.3000000000000007,2.2500000000000004,2.6000000000000005,2.7,2.6500000000000004,0,0,0,,1
63,66,2.3000000000000007,2.4000000000000004,2.3500000000000005,2.6000000000000005,2.7,2.6500000000000004,0,0,0,,1
64,66,2.4000000000000004,2.5,2.45,2.6000000000000005,2.7,2.6500000000000004,0,0,0,,1
65,66,2.5,2.6000000000000005,2.5500000000000003,2.6000000000000005,2.7,2.6500000000000004,0,0,0,,1
66,66,2.6000000000000005,2.7,2.6500000000000004,2.6000000000000005,2.7,2.6500000000000004,0,0,0,,1
67,66,2.7,2.8000000000000007,2.7500000000000004,2.6000000000000005,2.7,2.6500000000000004,0,0,0,,1
68,66,2.8000000000000007,2.9000000000000004,2.8500000000000005,2.6000000000000005,2.7,2.6500000000000004,0,0,0,,1
69,66,2.9000000000000004,3.0,2.95,2.6000000000000005,2.7,2.6500000000000004,0,0,0,,1
70,66,3.0,3.1000000000000005,3.0500000000000003,2.6000000000000005,2.7,2.6500000000000004,0,0,0,,1
71,66,3.1000000000000005,3.2,3.1500000000000004,2.6000000000000005,2.7,2.6500000000000004,0,0,0,,1
72,66,3.2,3.3000000000000007,3.2500000000000004,2.6000000000000005,2.7,2.6500000000000004,0,0,0,,1
73,66,3.3000000000000007,3.4000000000000004,3.3500000000000005,2.6000000000000005,2.7,2.6500000000000004,0,0,0,,1
74,66,3.4000000000000004,3.5,3.45,2.6000000000000005,2.7,2.6500000000000004,0,0,0,,1
75,66,3.5,3.6000000000000005,3.5500000000000003,2.6000000000000005,2.7,2.6500000000000004,0,0,0,,1
76,66,3.6000000000000005,3.7,3.6500000000000004,2.6000000000000005,2.7,2.6500000000000004,0,0,0,,1
77,66,3.7,3.8000000000000007,3.7500000000000004,2.6000000000000005,2.7,2.6500000000000004,0,0,0,,1
78,66,3.8000000000000007,3.9000000000000004,3.8500000000000005,2.6000000000000005,2.7,2.6500000000000004,0,0,0,,1
79,66,3.9000000000000004,4.0,3.95,2.6000000000000005,2.7,2.6500000000000004,0,0,0,,1
0,67,-4.0,-3.9,-3.95,2.7,2.8000000000000007,2.7500000000000004,0,0,0,,1
1,67,-3.9,-3.8,-3.8499999999999996,2.7,2.8000000000000007,2.7500000000000004,0,0,0,,1
2,67,-3.8,-3.7,-3.75,2.7,2.8000000000000007,2.7500000000000004,0,0,0,,1
3,67,-3.7,-3.6,-3.6500000000000004,2.7,2.8000000000000007,2.7500000000000004,0,0,0,,1
4,67,-3.6,-3.5,-3.55,2.7,2.8000000000000007,2.7500000000000004,0,0,0,,1
5,67,-3.5,-3.4,-3.45,2.7,2.8000000000000007,2.7500000000000004,0,0,0,,1
6,67,-3.4,-3.3,-3.3499999999999996,2.7,2.8000000000000007,2.7500000000000004,0,0,0,,1
7,67,-3.3,-3.2,-3.25,2.7,2.8000000000000007,2.7500000000000004,0,0,0,,1
8,67,-3.2,-3.1,-3.1500000000000004,2.7,2.8000000000000007,2.7500000000000004,0,0,0,,1
9,67,-3.1,-3.0,-3.05,2.7,2.8000000000000007,2.7500000000000004,0,0,0,,1
10,67,-3.0,-2.9,-2.95,2.7,2.8000000000000007,2.7500000000000004,0,0,0,,1
11,67,-2.9,-2.8,-2.8499999999999996,2.7,2.8000000000000007,2.7500000000000004,0,0,0,,1
12,67,-2.8,-2.7,-2.75,2.7,2.8000000000000007,2.7500000000000004,0,0,0,,1
13,67,-2.7,-2.5999999999999996,-2.65,2.7,2.8000000000000007,2.7500000000000004,0,0,0,,1
14,67,-2.5999999999999996,-2.5,-2.55,2.7,2.8000000000000007,2.7500000000000004,0,0,0,,1
15,67,-2.5,-2.4,-2.45,2.7,2.8000000000000007,2.7500000000000004,0,0,0,,1
16,67,-2.4,-2.3,-2.3499999999999996,2.7,2.8000000000000007,2.7500000000000004,0,0,0,,1
17,67,-2.3,-2.2,-2.25,2.7,2.8000000000000007,2.7500000000000004,0,0,0,,1
18,67,-2.2,-2.0999999999999996,-2.15,2.7,2.8000000000000007,2.7500000000000004,0,0,0,,1
19,67,-2.0999999999999996,-2.0,-2.05,2.7,2.8000000000000007,2.7500000000000004,0,0,0,,1
20,67,-2.0,-1.9,-1.95,2.7,2.8000000000000007,2.7500000000000004,0,0,0,,1
21,67,-1.9,-1.7999999999999998,-1.8499999999999999,2.7,2.8000000000000007,2.7500000000000004,0,0,0,,1
22,67,-1.7999999999999998,-1.6999999999999997,-1.7499999999999998,2.7,2.8000000000000007,2.7500000000000004,0,0,0,,1
23,67,-1.6999999999999997,-1.5999999999999996,-1.6499999999999997,2.7,2.8000000000000007,2.7500000000000004,0,0,0,,1
24,67,-1.5999999999999996,-1.5,-1.5499999999999998,2.7,2.8000000000000007,2.7500000000000004,0,0,0,,1
25,67,-1.5,-1.4,-1.45,2.7,2.8000000000000007,2.7500000000000004,0,1,1,0.0,1
26,67,-1.4,-1.2999999999999998,-1.3499999999999999,2.7,2.8000000000000007,2.7500000000000004,0,0,0,,1
27,67,-1.2999999999999998,-1.1999999999999997,-1.2499999999999998,2.7,2.8000000000000007,2.7500000000000004,0,0,0,,1
28,67,-1.1999999999999997,-1.0999999999999996,-1.1499999999999997,2.7,2.8000000000000007,2.7500000000000004,0,0,0,,1
29,67,-1.0999999999999996,-1.0,-1.0499999999999998,2.7,2.8000000000000007,2.7500000000000004,0,0,0,,1
30,67,-1.0,-0.8999999999999999,-0.95,2.7,2.8000000000000007,2.7500000000000004,0,0,0,,1
31,67,-0.8999999999999999,-0.7999999999999998,-0.8499999999999999,2.7,2.8000000000000007,2.7500000000000004,0,0,0,,1
32,67,-0.7999999999999998,-0.6999999999999997,-0.7499999999999998,2.7,2.8000000000000007,2.7500000000000004,0,0,0,,1
33,67,-0.6999999999999997,-0.5999999999999996,-0.6499999999999997,2.7,2.8000000000000007,2.7500000000000004,0,0,0,,1
34,67,-0.5999999999999996,-0.5,-0.5499999999999998,2.7,2.8000000000000007,2.7500000000000004,0,0,0,,1
35,67,-0.5,-0.3999999999999999,-0.44999999999999996,2.7,2.8000000000000007,2.7500000000000004,0,0,0,,1
36,67,-0.3999999999999999,-0.2999999999999998,-0.34999999999999987,2.7,2.8000000000000007,2.7500000000000004,0,0,0,,1
37,67,-0.2999999999999998,-0.19999999999999973,-0.24999999999999978,2.7,2.8000000000000007,2.7500000000000004,0,0,0,,1
38,67,-0.19999999999999973,-0.09999999999999964,-0.1499999999999997,2.7,2.8000000000000007,2.7500000000000004,0,0,0,,1
39,67,-0.09999999999999964,0.0,-0.04999999999999982,2.7,2.8000000000000007,2.7500000000000004,0,0,0,,1
40,67,0.0,0.10000000000000053,0.050000000000000266,2.7,2.8000000000000007,2.7500000000000004,0,0,0,,1
41,67,0.10000000000000053,0.20000000000000018,0.15000000000000036,2.7,2.8000000000000007,2.7500000000000004,0,0,0,,1
42,67,0.20000000000000018,0.2999999999999998,0.25,2.7,2.8000000000000007,2.7500000000000004,0,0,0,,1
43,67,0.2999999999999998,0.40000000000000036,0.3500000000000001,2.7,2.8000000000000007,2.7500000000000004,1,0,1,1.0,1
44,67,0.40000000000000036,0.5,0.4500000000000002,2.7,2.8000000000000007,2.7500000000000004,0,0,0,,1
45,67,0.5,0.6000000000000005,0.5500000000000003,2.7,2.8000000000000007,2.7500000000000004,0,1,1,0.0,1
46,67,0.6000000000000005,0.7000000000000002,0.6500000000000004,2.7,2.8000000000000007,2.7500000000000004,0,0,0,,1
47,67,0.7000000000000002,0.8000000000000007,0.7500000000000004,2.7,2.8000000000000007,2.7500000000000004,0,0,0,,1
48,67,0.8000000000000007,0.9000000000000004,0.8500000000000005,2.7,2.8000000000000007,2.7500000000000004,0,0,0,,1
49,67,0.9000000000000004,1.0,0.9500000000000002,2.7,2.8000000000000007,2.7500000000000004,0,0,0,,1
50,67,1.0,1.1000000000000005,1.0500000000000003,2.7,2.8000000000000007,2.7500000000000004,0,0,0,,1
51,67,1.1000000000000005,1.2000000000000002,1.1500000000000004,2.7,2.8000000000000007,2.7500000000000004,0,0,0,,1
52,67,1.2000000000000002,1.3000000000000007,1.2500000000000004,2.7,2.8000000000000007,2.7500000000000004,0,0,0,,1
53,67,1.3000000000000007,1.4000000000000004,1.3500000000000005,2.7,2.8000000000000007,2.7500000000000004,0,0,0,,1
54,67,1.4000000000000004,1.5,1.4500000000000002,2.7,2.8000000000000007,2.7500000000000004,0,0,0,,1
55,67,1.5,1.6000000000000005,1.5500000000000003,2.7,2.8000000000000007,2.7500000000000004,0,0,0,,1
56,67,1.6000000000000005,1.7000000000000002,1.6500000000000004,2.7,2.8000000000000007,2.7500000000000004,0,0,0,,1
57,67,1.7000000000000002,1.8000000000000007,1.7500000000000004,2.7,2.8000000000000007,2.7500000000000004,0,0,0,,1
58,67,1.8000000000000007,1.9000000000000004,1.8500000000000005,2.7,2.8000000000000007,2.7500000000000004,0,0,0,,1
59,67,1.9000000000000004,2.0,1.9500000000000002,2.7,2.8000000000000007,2.7500000000000004,0,0,0,,1
60,67,2.0,2.1000000000000005,2.0500000000000003,2.7,2.8000000000000007,2.7500000000000004,0,0,0,,1
61,67,2.1000000000000005,2.2,2.1500000000000004,2.7,2.8000000000000007,2.7500000000000004,0,0,0,,1
62,67,2.2,2.3000000000000007,2.2500000000000004,2.7,2.8000000000000007,2.7500000000000004,0,0,0,,1
63,67,2.3000000000000007,2.4000000000000004,2.3500000000000005,2.7,2.8000000000000007,2.7500000000000004,0,0,0,,1
64,67,2.4000000000000004,2.5,2.45,2.7,2.8000000000000007,2.7500000000000004,0,0,0,,1
65,67,2.5,2.6000000000000005,2.5500000000000003,2.7,2.8000000000000007,2.7500000000000004,0,0,0,,1
66,67,2.6000000000000005,2.7,2.6500000000000004,2.7,2.8000000000000007,2.7500000000000004,0,0,0,,1
67,67,2.7,2.8000000000000007,2.7500000000000004,2.7,2.8000000000000007,2.7500000000000004,0,0,0,,1
68,67,2.8000000000000007,2.9000000000000004,2.8500000000000005,2.7,2.8000000000000007,2.7500000000000004,0,0,0,,1
69,67,2.9000000000000004,3.0,2.95,2.7,2.8000000000000007,2.7500000000000004,0,0,0,,1
70,67,3.0,3.1000000000000005,3.0500000000000003,2.7,2.8000000000000007,2.7500000000000004,0,0,0,,1
71,67,3.1000000000000005,3.2,3.1500000000000004,2.7,2.8000000000000007,2.7500000000000004,0,0,0,,1
72,67,3.2,3.3000000000000007,3.2500000000000004,2.7,2.8000000000000007,2.7500000000000004,0,0,0,,1
73,67,3.3000000000000007,3.4000000000000004,3.3500000000000005,2.7,2.8000000000000007,2.7500000000000004,0,0,0,,1
74,67,3.4000000000000004,3.5,3.45,2.7,2.8000000000000007,2.7500000000000004,0,0,0,,1
75,67,3.5,3.6000000000000005,3.5500000000000003,2.7,2.8000000000000007,2.7500000000000004,0,0,0,,1
76,67,3.6000000000000005,3.7,3.6500000000000004,2.7,2.8000000000000007,2.7500000000000004,0,0,0,,1
77,67,3.7,3.8000000000000007,3.7500000000000004,2.7,2.8000000000000007,2.7500000000000004,0,0,0,,1
78,67,3.8000000000000007,3.9000000000000004,3.8500000000000005,2.7,2.8000000000000007,2.7500000000000004,0,0,0,,1
79,67,3.9000000000000004,4.0,3.95,2.7,2.8000000000000007,2.7500000000000004,0,0,0,,1
0,68,-4.0,-3.9,-3.95,2.8000000000000007,2.9000000000000004,2.8500000000000005,0,0,0,,1
1,68,-3.9,-3.8,-3.8499999999999996,2.8000000000000007,2.9000000000000004,2.8500000000000005,0,0,0,,1
2,68,-3.8,-3.7,-3.75,2.8000000000000007,2.9000000000000004,2.8500000000000005,0,0,0,,1
3,68,-3.7,-3.6,-3.6500000000000004,2.8000000000000007,2.9000000000000004,2.8500000000000005,0,0,0,,1
4,68,-3.6,-3.5,-3.55,2.8000000000000007,2.9000000000000004,2.8500000000000005,0,0,0,,1
5,68,-3.5,-3.4,-3.45,2.8000000000000007,2.9000000000000004,2.8500000000000005,0,0,0,,1
6,68,-3.4,-3.3,-3.3499999999999996,2.8000000000000007,2.9000000000000004,2.8500000000000005,0,0,0,,1
7,68,-3.3,-3.2,-3.25,2.8000000000000007,2.9000000000000004,2.8500000000000005,0,0,0,,1
8,68,-3.2,-3.1,-3.1500000000000004,2.8000000000000007,2.9000000000000004,2.8500000000000005,0,0,0,,1
9,68,-3.1,-3.0,-3.05,2.8000000000000007,2.9000000000000004,2.8500000000000005,0,0,0,,1
10,68,-3.0,-2.9,-2.95,2.8000000000000007,2.9000000000000004,2.8500000000000005,0,0,0,,1
11,68,-2.9,-2.8,-2.8499999999999996,2.8000000000000007,2.9000000000000004,2.8500000000000005,0,0,0,,1
12,68,-2.8,-2.7,-2.75,2.8000000000000007,2.9000000000000004,2.8500000000000005,0,0,0,,1
13,68,-2.7,-2.5999999999999996,-2.65,2.8000000000000007,2.9000000000000004,2.8500000000000005,0,0,0,,1
14,68,-2.5999999999999996,-2.5,-2.55,2.8000000000000007,2.9000000000000004,2.8500000000000005,0,0,0,,1
15,68,-2.5,-2.4,-2.45,2.8000000000000007,2.9000000000000004,2.8500000000000005,0,0,0,,1
16,68,-2.4,-2.3,-2.3499999999999996,2.8000000000000007,2.9000000000000004,2.8500000000000005,0,0,0,,1
17,68,-2.3,-2.2,-2.25,2.8000000000000007,2.9000000000000004,2.8500000000000005,0,0,0,,1
18,68,-2.2,-2.0999999999999996,-2.15,2.8000000000000007,2.9000000000000004,2.8500000000000005,0,0,0,,1
19,68,-2.0999999999999996,-2.0,-2.05,2.8000000000000007,2.9000000000000004,2.8500000000000005,0,0,0,,1
20,68,-2.0,-1.9,-1.95,2.8000000000000007,2.9000000000000004,2.8500000000000005,0,0,0,,1
21,68,-1.9,-1.7999999999999998,-1.8499999999999999,2.8000000000000007,2.9000000000000004,2.8500000000000005,0,0,0,,1
22,68,-1.7999999999999998,-1.6999999999999997,-1.7499999999999998,2.8000000000000007,2.9000000000000004,2.8500000000000005,0,0,0,,1
23,68,-1.6999999999999997,-1.5999999999999996,-1.6499999999999997,2.8000000000000007,2.9000000000000004,2.8500000000000005,0,0,0,,1
24,68,-1.5999999999999996,-1.5,-1.5499999999999998,2.8000000000000007,2.9000000000000004,2.8500000000000005,0,0,0,,1
25,68,-1.5,-1.4,-1.45,2.8000000000000007,2.9000000000000004,2.8500000000000005,0,0,0,,1
26,68,-1.4,-1.2999999999999998,-1.3499999999999999,2.8000000000000007,2.9000000000000004,2.8500000000000005,0,0,0,,1
27,68,-1.2999999999999998,-1.1999999999999997,-1.2499999999999998,2.8000000000000007,2.9000000000000004,2.8500000000000005,0,0,0,,1
28,68,-1.1999999999999997,-1.0999999999999996,-1.1499999999999997,2.8000000000000007,2.9000000000000004,2.8500000000000005,0,0,0,,1
29,68,-1.0999999999999996,-1.0,-1.0499999999999998,2.8000000000000007,2.9000000000000004,2.8500000000000005,0,0,0,,1
30,68,-1.0,-0.8999999999999999,-0.95,2.8000000000000007,2.9000000000000004,2.8500000000000005,0,0,0,,1
31,68,-0.8999999999999999,-0.7999999999999998,-0.8499999999999999,2.8000000000000007,2.9000000000000004,2.8500000000000005,0,0,0,,1
32,68,-0.7999999999999998,-0.6999999999999997,-0.7499999999999998,2.8000000000000007,2.9000000000000004,2.8500000000000005,0,0,0,,1
33,68,-0.6999999999999997,-0.5999999999999996,-0.6499999999999997,2.8000000000000007,2.9000000000000004,2.8500000000000005,0,0,0,,1
34,68,-0.5999999999999996,-0.5,-0.5499999999999998,2.8000000000000007,2.9000000000000004,2.8500000000000005,0,0,0,,1
35,68,-0.5,-0.3999999999999999,-0.44999999999999996,2.8000000000000007,2.9000000000000004,2.8500000000000005,0,0,0,,1
36,68,-0.3999999999999999,-0.2999999999999998,-0.34999999999999987,2.8000000000000007,2.9000000000000004,2.8500000000000005,0,2,2,0.0,1
37,68,-0.2999999999999998,-0.19999999999999973,-0.24999999999999978,2.8000000000000007,2.9000000000000004,2.8500000000000005,0,0,0,,1
38,68,-0.19999999999999973,-0.09999999999999964,-0.1499999999999997,2.8000000000000007,2.9000000000000004,2.8500000000000005,0,0,0,,1
39,68,-0.09999999999999964,0.0,-0.04999999999999982,2.8000000000000007,2.9000000000000004,2.8500000000000005,0,0,0,,1
40,68,0.0,0.10000000000000053,0.050000000000000266,2.8000000000000007,2.9000000000000004,2.8500000000000005,0,0,0,,1
41,68,0.10000000000000053,0.20000000000000018,0.15000000000000036,2.8000000000000007,2.9000000000000004,2.8500000000000005,0,0,0,,1
42,68,0.20000000000000018,0.2999999999999998,0.25,2.8000000000000007,2.9000000000000004,2.8500000000000005,1,0,1,1.0,1
43,68,0.2999999999999998,0.40000000000000036,0.3500000000000001,2.8000000000000007,2.9000000000000004,2.8500000000000005,0,0,0,,1
44,68,0.40000000000000036,0.5,0.4500000000000002,2.8000000000000007,2.9000000000000004,2.8500000000000005,0,0,0,,1
45,68,0.5,0.6000000000000005,0.5500000000000003,2.8000000000000007,2.9000000000000004,2.8500000000000005,0,0,0,,1
46,68,0.6000000000000005,0.7000000000000002,0.6500000000000004,2.8000000000000007,2.9000000000000004,2.8500000000000005,0,0,0,,1
47,68,0.7000000000000002,0.8000000000000007,0.7500000000000004,2.8000000000000007,2.9000000000000004,2.8500000000000005,0,0,0,,1
48,68,0.8000000000000007,0.9000000000000004,0.8500000000000005,2.8000000000000007,2.9000000000000004,2.8500000000000005,0,0,0,,1
49,68,0.9000000000000004,1.0,0.9500000000000002,2.8000000000000007,2.9000000000000004,2.8500000000000005,0,0,0,,1
50,68,1.0,1.1000000000000005,1.0500000000000003,2.8000000000000007,2.9000000000000004,2.8500000000000005,0,0,0,,1
51,68,1.1000000000000005,1.2000000000000002,1.1500000000000004,2.8000000000000007,2.9000000000000004,2.8500000000000005,0,0,0,,1
52,68,1.2000000000000002,1.3000000000000007,1.2500000000000004,2.8000000000000007,2.9000000000000004,2.8500000000000005,0,0,0,,1
53,68,1.3000000000000007,1.4000000000000004,1.3500000000000005,2.8000000000000007,2.9000000000000004,2.8500000000000005,0,0,0,,1
54,68,1.4000000000000004,1.5,1.4500000000000002,2.8000000000000007,2.9000000000000004,2.8500000000000005,0,0,0,,1
55,68,1.5,1.6000000000000005,1.5500000000000003,2.8000000000000007,2.9000000000000004,2.8500000000000005,0,0,0,,1
56,68,1.6000000000000005,1.7000000000000002,1.6500000000000004,2.8000000000000007,2.9000000000000004,2.8500000000000005,0,0,0,,1
57,68,1.7000000000000002,1.8000000000000007,1.7500000000000004,2.8000000000000007,2.9000000000000004,2.8500000000000005,0,0,0,,1
58,68,1.8000000000000007,1.9000000000000004,1.8500000000000005,2.8000000000000007,2.9000000000000004,2.8500000000000005,0,0,0,,1
59,68,1.9000000000000004,2.0,1.9500000000000002,2.8000000000000007,2.9000000000000004,2.8500000000000005,0,0,0,,1
60,68,2.0,2.1000000000000005,2.0500000000000003,2.8000000000000007,2.9000000000000004,2.8500000000000005,0,0,0,,1
61,68,2.1000000000000005,2.2,2.1500000000000004,2.8000000000000007,2.9000000000000004,2.8500000000000005,0,0,0,,1
62,68,2.2,2.3000000000000007,2.2500000000000004,2.8000000000000007,2.9000000000000004,2.8500000000000005,0,0,0,,1
63,68,2.3000000000000007,2.4000000000000004,2.3500000000000005,2.8000000000000007,2.9000000000000004,2.8500000000000005,0,0,0,,1
64,68,2.4000000000000004,2.5,2.45,2.8000000000000007,2.9000000000000004,2.8500000000000005,0,0,0,,1
65,68,2.5,2.6000000000000005,2.5500000000000003,2.8000000000000007,2.9000000000000004,2.8500000000000005,0,0,0,,1
66,68,2.6000000000000005,2.7,2.6500000000000004,2.8000000000000007,2.9000000000000004,2.8500000000000005,0,0,0,,1
67,68,2.7,2.8000000000000007,2.7500000000000004,2.8000000000000007,2.9000000000000004,2.8500000000000005,0,0,0,,1
68,68,2.8000000000000007,2.9000000000000004,2.8500000000000005,2.8000000000000007,2.9000000000000004,2.8500000000000005,0,0,0,,1
69,68,2.9000000000000004,3.0,2.95,2.8000000000000007,2.9000000000000004,2.8500000000000005,0,0,0,,1
70,68,3.0,3.1000000000000005,3.0500000000000003,2.8000000000000007,2.9000000000000004,2.8500000000000005,0,0,0,,1
71,68,3.1000000000000005,3.2,3.1500000000000004,2.8000000000000007,2.9000000000000004,2.8500000000000005,0,0,0,,1
72,68,3.2,3.3000000000000007,3.2500000000000004,2.8000000000000007,2.9000000000000004,2.8500000000000005,0,0,0,,1
73,68,3.3000000000000007,3.4000000000000004,3.3500000000000005,2.8000000000000007,2.9000000000000004,2.8500000000000005,0,0,0,,1
74,68,3.4000000000000004,3.5,3.45,2.8000000000000007,2.9000000000000004,2.8500000000000005,0,0,0,,1
75,68,3.5,3.6000000000000005,3.5500000000000003,2.8000000000000007,2.9000000000000004,2.8500000000000005,0,0,0,,1
76,68,3.6000000000000005,3.7,3.6500000000000004,2.8000000000000007,2.9000000000000004,2.8500000000000005,0,0,0,,1
77,68,3.7,3.8000000000000007,3.7500000000000004,2.8000000000000007,2.9000000000000004,2.8500000000000005,0,0,0,,1
78,68,3.8000000000000007,3.9000000000000004,3.8500000000000005,2.8000000000000007,2.9000000000000004,2.8500000000000005,0,0,0,,1
79,68,3.9000000000000004,4.0,3.95,2.8000000000000007,2.9000000000000004,2.8500000000000005,0,0,0,,1
0,69,-4.0,-3.9,-3.95,2.9000000000000004,3.0,2.95,0,0,0,,1
1,69,-3.9,-3.8,-3.8499999999999996,2.9000000000000004,3.0,2.95,0,0,0,,1
2,69,-3.8,-3.7,-3.75,2.9000000000000004,3.0,2.95,0,0,0,,1
3,69,-3.7,-3.6,-3.6500000000000004,2.9000000000000004,3.0,2.95,0,0,0,,1
4,69,-3.6,-3.5,-3.55,2.9000000000000004,3.0,2.95,0,0,0,,1
5,69,-3.5,-3.4,-3.45,2.9000000000000004,3.0,2.95,0,0,0,,1
6,69,-3.4,-3.3,-3.3499999999999996,2.9000000000000004,3.0,2.95,0,0,0,,1
7,69,-3.3,-3.2,-3.25,2.9000000000000004,3.0,2.95,0,0,0,,1
8,69,-3.2,-3.1,-3.1500000000000004,2.9000000000000004,3.0,2.95,0,0,0,,1
9,69,-3.1,-3.0,-3.05,2.9000000000000004,3.0,2.95,0,0,0,,1
10,69,-3.0,-2.9,-2.95,2.9000000000000004,3.0,2.95,0,0,0,,1
11,69,-2.9,-2.8,-2.8499999999999996,2.9000000000000004,3.0,2.95,0,0,0,,1
12,69,-2.8,-2.7,-2.75,2.9000000000000004,3.0,2.95,0,0,0,,1
13,69,-2.7,-2.5999999999999996,-2.65,2.9000000000000004,3.0,2.95,0,0,0,,1
14,69,-2.5999999999999996,-2.5,-2.55,2.9000000000000004,3.0,2.95,0,0,0,,1
15,69,-2.5,-2.4,-2.45,2.9000000000000004,3.0,2.95,0,0,0,,1
16,69,-2.4,-2.3,-2.3499999999999996,2.9000000000000004,3.0,2.95,0,0,0,,1
17,69,-2.3,-2.2,-2.25,2.9000000000000004,3.0,2.95,0,0,0,,1
18,69,-2.2,-2.0999999999999996,-2.15,2.9000000000000004,3.0,2.95,0,0,0,,1
19,69,-2.0999999999999996,-2.0,-2.05,2.9000000000000004,3.0,2.95,0,0,0,,1
20,69,-2.0,-1.9,-1.95,2.9000000000000004,3.0,2.95,0,0,0,,1
21,69,-1.9,-1.7999999999999998,-1.8499999999999999,2.9000000000000004,3.0,2.95,0,0,0,,1
22,69,-1.7999999999999998,-1.6999999999999997,-1.7499999999999998,2.9000000000000004,3.0,2.95,0,0,0,,1
23,69,-1.6999999999999997,-1.5999999999999996,-1.6499999999999997,2.9000000000000004,3.0,2.95,0,0,0,,1
24,69,-1.5999999999999996,-1.5,-1.5499999999999998,2.9000000000000004,3.0,2.95,0,0,0,,1
25,69,-1.5,-1.4,-1.45,2.9000000000000004,3.0,2.95,0,1,1,0.0,1
26,69,-1.4,-1.2999999999999998,-1.3499999999999999,2.9000000000000004,3.0,2.95,0,0,0,,1
27,69,-1.2999999999999998,-1.1999999999999997,-1.2499999999999998,2.9000000000000004,3.0,2.95,0,0,0,,1
28,69,-1.1999999999999997,-1.0999999999999996,-1.1499999999999997,2.9000000000000004,3.0,2.95,0,0,0,,1
29,69,-1.0999999999999996,-1.0,-1.0499999999999998,2.9000000000000004,3.0,2.95,0,0,0,,1
30,69,-1.0,-0.8999999999999999,-0.95,2.9000000000000004,3.0,2.95,0,0,0,,1
31,69,-0.8999999999999999,-0.7999999999999998,-0.8499999999999999,2.9000000000000004,3.0,2.95,0,0,0,,1
32,69,-0.7999999999999998,-0.6999999999999997,-0.7499999999999998,2.9000000000000004,3.0,2.95,0,0,0,,1
33,69,-0.6999999999999997,-0.5999999999999996,-0.6499999999999997,2.9000000000000004,3.0,2.95,0,0,0,,1
34,69,-0.5999999999999996,-0.5,-0.5499999999999998,2.9000000000000004,3.0,2.95,0,0,0,,1
35,69,-0.5,-0.3999999999999999,-0.44999999999999996,2.9000000000000004,3.0,2.95,0,1,1,0.0,1
36,69,-0.3999999999999999,-0.2999999999999998,-0.34999999999999987,2.9000000000000004,3.0,2.95,0,1,1,0.0,1
37,69,-0.2999999999999998,-0.19999999999999973,-0.24999999999999978,2.9000000000000004,3.0,2.95,0,0,0,,1
38,69,-0.19999999999999973,-0.09999999999999964,-0.1499999999999997,2.9000000000000004,3.0,2.95,0,0,0,,1
39,69,-0.09999999999999964,0.0,-0.04999999999999982,2.9000000000000004,3.0,2.95,0,0,0,,1
40,69,0.0,0.10000000000000053,0.050000000000000266,2.9000000000000004,3.0,2.95,0,0,0,,1
41,69,0.10000000000000053,0.20000000000000018,0.15000000000000036,2.9000000000000004,3.0,2.95,0,0,0,,1
42,69,0.20000000000000018,0.2999999999999998,0.25,2.9000000000000004,3.0,2.95,1,0,1,1.0,1
43,69,0.2999999999999998,0.40000000000000036,0.3500000000000001,2.9000000000000004,3.0,2.95,0,0,0,,1
44,69,0.40000000000000036,0.5,0.4500000000000002,2.9000000000000004,3.0,2.95,0,0,0,,1
45,69,0.5,0.6000000000000005,0.5500000000000003,2.9000000000000004,3.0,2.95,0,0,0,,1
46,69,0.6000000000000005,0.7000000000000002,0.6500000000000004,2.9000000000000004,3.0,2.95,0,0,0,,1
47,69,0.7000000000000002,0.8000000000000007,0.7500000000000004,2.9000000000000004,3.0,2.95,0,0,0,,1
48,69,0.8000000000000007,0.9000000000000004,0.8500000000000005,2.9000000000000004,3.0,2.95,0,0,0,,1
49,69,0.9000000000000004,1.0,0.9500000000000002,2.9000000000000004,3.0,2.95,0,0,0,,1
50,69,1.0,1.1000000000000005,1.0500000000000003,2.9000000000000004,3.0,2.95,0,0,0,,1
51,69,1.1000000000000005,1.2000000000000002,1.1500000000000004,2.9000000000000004,3.0,2.95,0,0,0,,1
52,69,1.2000000000000002,1.3000000000000007,1.2500000000000004,2.9000000000000004,3.0,2.95,0,0,0,,1
53,69,1.3000000000000007,1.4000000000000004,1.3500000000000005,2.9000000000000004,3.0,2.95,0,0,0,,1
54,69,1.4000000000000004,1.5,1.4500000000000002,2.9000000000000004,3.0,2.95,0,0,0,,1
55,69,1.5,1.6000000000000005,1.5500000000000003,2.9000000000000004,3.0,2.95,0,0,0,,1
56,69,1.6000000000000005,1.7000000000000002,1.6500000000000004,2.9000000000000004,3.0,2.95,0,0,0,,1
57,69,1.7000000000000002,1.8000000000000007,1.7500000000000004,2.9000000000000004,3.0,2.95,0,0,0,,1
58,69,1.8000000000000007,1.9000000000000004,1.8500000000000005,2.9000000000000004,3.0,2.95,0,0,0,,1
59,69,1.9000000000000004,2.0,1.9500000000000002,2.9000000000000004,3.0,2.95,0,0,0,,1
60,69,2.0,2.1000000000000005,2.0500000000000003,2.9000000000000004,3.0,2.95,0,0,0,,1
61,69,2.1000000000000005,2.2,2.1500000000000004,2.9000000000000004,3.0,2.95,0,0,0,,1
62,69,2.2,2.3000000000000007,2.2500000000000004,2.9000000000000004,3.0,2.95,0,0,0,,1
63,69,2.3000000000000007,2.4000000000000004,2.3500000000000005,2.9000000000000004,3.0,2.95,0,0,0,,1
64,69,2.4000000000000004,2.5,2.45,2.9000000000000004,3.0,2.95,0,0,0,,1
65,69,2.5,2.6000000000000005,2.5500000000000003,2.9000000000000004,3.0,2.95,0,0,0,,1
66,69,2.6000000000000005,2.7,2.6500000000000004,2.9000000000000004,3.0,2.95,0,0,0,,1
67,69,2.7,2.8000000000000007,2.7500000000000004,2.9000000000000004,3.0,2.95,0,0,0,,1
68,69,2.8000000000000007,2.9000000000000004,2.8500000000000005,2.9000000000000004,3.0,2.95,0,0,0,,1
69,69,2.9000000000000004,3.0,2.95,2.9000000000000004,3.0,2.95,0,0,0,,1
70,69,3.0,3.1000000000000005,3.0500000000000003,2.9000000000000004,3.0,2.95,0,0,0,,1
71,69,3.1000000000000005,3.2,3.1500000000000004,2.9000000000000004,3.0,2.95,0,0,0,,1
72,69,3.2,3.3000000000000007,3.2500000000000004,2.9000000000000004,3.0,2.95,0,0,0,,1
73,69,3.3000000000000007,3.4000000000000004,3.3500000000000005,2.9000000000000004,3.0,2.95,0,0,0,,1
74,69,3.4000000000000004,3.5,3.45,2.9000000000000004,3.0,2.95,0,0,0,,1
75,69,3.5,3.6000000000000005,3.5500000000000003,2.9000000000000004,3.0,2.95,0,0,0,,1
76,69,3.6000000000000005,3.7,3.6500000000000004,2.9000000000000004,3.0,2.95,0,0,0,,1
77,69,3.7,3.8000000000000007,3.7500000000000004,2.9000000000000004,3.0,2.95,0,0,0,,1
78,69,3.8000000000000007,3.9000000000000004,3.8500000000000005,2.9000000000000004,3.0,2.95,0,0,0,,1
79,69,3.9000000000000004,4.0,3.95,2.9000000000000004,3.0,2.95,0,0,0,,1
0,70,-4.0,-3.9,-3.95,3.0,3.1000000000000005,3.0500000000000003,0,0,0,,1
1,70,-3.9,-3.8,-3.8499999999999996,3.0,3.1000000000000005,3.0500000000000003,0,0,0,,1
2,70,-3.8,-3.7,-3.75,3.0,3.1000000000000005,3.0500000000000003,0,0,0,,1
3,70,-3.7,-3.6,-3.6500000000000004,3.0,3.1000000000000005,3.0500000000000003,0,0,0,,1
4,70,-3.6,-3.5,-3.55,3.0,3.1000000000000005,3.0500000000000003,0,0,0,,1
5,70,-3.5,-3.4,-3.45,3.0,3.1000000000000005,3.0500000000000003,0,0,0,,1
6,70,-3.4,-3.3,-3.3499999999999996,3.0,3.1000000000000005,3.0500000000000003,0,0,0,,1
7,70,-3.3,-3.2,-3.25,3.0,3.1000000000000005,3.0500000000000003,0,0,0,,1
8,70,-3.2,-3.1,-3.1500000000000004,3.0,3.1000000000000005,3.0500000000000003,0,0,0,,1
9,70,-3.1,-3.0,-3.05,3.0,3.1000000000000005,3.0500000000000003,0,0,0,,1
10,70,-3.0,-2.9,-2.95,3.0,3.1000000000000005,3.0500000000000003,0,0,0,,1
11,70,-2.9,-2.8,-2.8499999999999996,3.0,3.1000000000000005,3.0500000000000003,0,0,0,,1
12,70,-2.8,-2.7,-2.75,3.0,3.1000000000000005,3.0500000000000003,0,0,0,,1
13,70,-2.7,-2.5999999999999996,-2.65,3.0,3.1000000000000005,3.0500000000000003,0,0,0,,1
14,70,-2.5999999999999996,-2.5,-2.55,3.0,3.1000000000000005,3.0500000000000003,0,0,0,,1
15,70,-2.5,-2.4,-2.45,3.0,3.1000000000000005,3.0500000000000003,0,0,0,,1
16,70,-2.4,-2.3,-2.3499999999999996,3.0,3.1000000000000005,3.0500000000000003,0,0,0,,1
17,70,-2.3,-2.2,-2.25,3.0,3.1000000000000005,3.0500000000000003,0,0,0,,1
18,70,-2.2,-2.0999999999999996,-2.15,3.0,3.1000000000000005,3.0500000000000003,0,0,0,,1
19,70,-2.0999999999999996,-2.0,-2.05,3.0,3.1000000000000005,3.0500000000000003,0,0,0,,1
20,70,-2.0,-1.9,-1.95,3.0,3.1000000000000005,3.0500000000000003,0,0,0,,1
21,70,-1.9,-1.7999999999999998,-1.8499999999999999,3.0,3.1000000000000005,3.0500000000000003,0,0,0,,1
22,70,-1.7999999999999998,-1.6999999999999997,-1.7499999999999998,3.0,3.1000000000000005,3.0500000000000003,0,0,0,,1
23,70,-1.6999999999999997,-1.5999999999999996,-1.6499999999999997,3.0,3.1000000000000005,3.0500000000000003,0,0,0,,1
24,70,-1.5999999999999996,-1.5,-1.5499999999999998,3.0,3.1000000000000005,3.0500000000000003,0,0,0,,1
25,70,-1.5,-1.4,-1.45,3.0,3.1000000000000005,3.0500000000000003,0,1,1,0.0,1
26,70,-1.4,-1.2999999999999998,-1.3499999999999999,3.0,3.1000000000000005,3.0500000000000003,0,0,0,,1
27,70,-1.2999999999999998,-1.1999999999999997,-1.2499999999999998,3.0,3.1000000000000005,3.0500000000000003,0,0,0,,1
28,70,-1.1999999999999997,-1.0999999999999996,-1.1499999999999997,3.0,3.1000000000000005,3.0500000000000003,0,0,0,,1
29,70,-1.0999999999999996,-1.0,-1.0499999999999998,3.0,3.1000000000000005,3.0500000000000003,0,0,0,,1
30,70,-1.0,-0.8999999999999999,-0.95,3.0,3.1000000000000005,3.0500000000000003,0,0,0,,1
31,70,-0.8999999999999999,-0.7999999999999998,-0.8499999999999999,3.0,3.1000000000000005,3.0500000000000003,0,0,0,,1
32,70,-0.7999999999999998,-0.6999999999999997,-0.7499999999999998,3.0,3.1000000000000005,3.0500000000000003,0,0,0,,1
33,70,-0.6999999999999997,-0.5999999999999996,-0.6499999999999997,3.0,3.1000000000000005,3.0500000000000003,0,0,0,,1
34,70,-0.5999999999999996,-0.5,-0.5499999999999998,3.0,3.1000000000000005,3.0500000000000003,0,0,0,,1
35,70,-0.5,-0.3999999999999999,-0.44999999999999996,3.0,3.1000000000000005,3.0500000000000003,0,0,0,,1
36,70,-0.3999999999999999,-0.2999999999999998,-0.34999999999999987,3.0,3.1000000000000005,3.0500000000000003,0,0,0,,1
37,70,-0.2999999999999998,-0.19999999999999973,-0.24999999999999978,3.0,3.1000000000000005,3.0500000000000003,0,0,0,,1
38,70,-0.19999999999999973,-0.09999999999999964,-0.1499999999999997,3.0,3.1000000000000005,3.0500000000000003,0,0,0,,1
39,70,-0.09999999999999964,0.0,-0.04999999999999982,3.0,3.1000000000000005,3.0500000000000003,0,0,0,,1
40,70,0.0,0.10000000000000053,0.050000000000000266,3.0,3.1000000000000005,3.0500000000000003,0,0,0,,1
41,70,0.10000000000000053,0.20000000000000018,0.15000000000000036,3.0,3.1000000000000005,3.0500000000000003,0,0,0,,1
42,70,0.20000000000000018,0.2999999999999998,0.25,3.0,3.1000000000000005,3.0500000000000003,2,0,2,1.0,1
43,70,0.2999999999999998,0.40000000000000036,0.3500000000000001,3.0,3.1000000000000005,3.0500000000000003,0,0,0,,1
44,70,0.40000000000000036,0.5,0.4500000000000002,3.0,3.1000000000000005,3.0500000000000003,0,0,0,,1
45,70,0.5,0.6000000000000005,0.5500000000000003,3.0,3.1000000000000005,3.0500000000000003,0,0,0,,1
46,70,0.6000000000000005,0.7000000000000002,0.6500000000000004,3.0,3.1000000000000005,3.0500000000000003,0,0,0,,1
47,70,0.7000000000000002,0.8000000000000007,0.7500000000000004,3.0,3.1000000000000005,3.0500000000000003,0,0,0,,1
48,70,0.8000000000000007,0.9000000000000004,0.8500000000000005,3.0,3.1000000000000005,3.0500000000000003,0,0,0,,1
49,70,0.9000000000000004,1.0,0.9500000000000002,3.0,3.1000000000000005,3.0500000000000003,0,0,0,,1
50,70,1.0,1.1000000000000005,1.0500000000000003,3.0,3.1000000000000005,3.0500000000000003,0,0,0,,1
51,70,1.1000000000000005,1.2000000000000002,1.1500000000000004,3.0,3.1000000000000005,3.0500000000000003,0,0,0,,1
52,70,1.2000000000000002,1.3000000000000007,1.2500000000000004,3.0,3.1000000000000005,3.0500000000000003,0,0,0,,1
53,70,1.3000000000000007,1.4000000000000004,1.3500000000000005,3.0,3.1000000000000005,3.0500000000000003,0,0,0,,1
54,70,1.4000000000000004,1.5,1.4500000000000002,3.0,3.1000000000000005,3.0500000000000003,0,0,0,,1
55,70,1.5,1.6000000000000005,1.5500000000000003,3.0,3.1000000000000005,3.0500000000000003,0,0,0,,1
56,70,1.6000000000000005,1.7000000000000002,1.6500000000000004,3.0,3.1000000000000005,3.0500000000000003,0,0,0,,1
57,70,1.7000000000000002,1.8000000000000007,1.7500000000000004,3.0,3.1000000000000005,3.0500000000000003,0,0,0,,1
58,70,1.8000000000000007,1.9000000000000004,1.8500000000000005,3.0,3.1000000000000005,3.0500000000000003,0,0,0,,1
59,70,1.9000000000000004,2.0,1.9500000000000002,3.0,3.1000000000000005,3.0500000000000003,0,0,0,,1
60,70,2.0,2.1000000000000005,2.0500000000000003,3.0,3.1000000000000005,3.0500000000000003,0,0,0,,1
61,70,2.1000000000000005,2.2,2.1500000000000004,3.0,3.1000000000000005,3.0500000000000003,0,0,0,,1
62,70,2.2,2.3000000000000007,2.2500000000000004,3.0,3.1000000000000005,3.0500000000000003,0,0,0,,1
63,70,2.3000000000000007,2.4000000000000004,2.3500000000000005,3.0,3.1000000000000005,3.0500000000000003,0,0,0,,1
64,70,2.4000000000000004,2.5,2.45,3.0,3.1000000000000005,3.0500000000000003,0,0,0,,1
65,70,2.5,2.6000000000000005,2.5500000000000003,3.0,3.1000000000000005,3.0500000000000003,0,0,0,,1
66,70,2.6000000000000005,2.7,2.6500000000000004,3.0,3.1000000000000005,3.0500000000000003,0,0,0,,1
67,70,2.7,2.8000000000000007,2.7500000000000004,3.0,3.1000000000000005,3.0500000000000003,0,0,0,,1
68,70,2.8000000000000007,2.9000000000000004,2.8500000000000005,3.0,3.1000000000000005,3.0500000000000003,0,0,0,,1
69,70,2.9000000000000004,3.0,2.95,3.0,3.1000000000000005,3.0500000000000003,0,0,0,,1
70,70,3.0,3.1000000000000005,3.0500000000000003,3.0,3.1000000000000005,3.0500000000000003,0,0,0,,1
71,70,3.1000000000000005,3.2,3.1500000000000004,3.0,3.1000000000000005,3.0500000000000003,0,0,0,,1
72,70,3.2,3.3000000000000007,3.2500000000000004,3.0,3.1000000000000005,3.0500000000000003,0,0,0,,1
73,70,3.3000000000000007,3.4000000000000004,3.3500000000000005,3.0,3.1000000000000005,3.0500000000000003,0,0,0,,1
74,70,3.4000000000000004,3.5,3.45,3.0,3.1000000000000005,3.0500000000000003,0,0,0,,1
75,70,3.5,3.6000000000000005,3.5500000000000003,3.0,3.1000000000000005,3.0500000000000003,0,0,0,,1
76,70,3.6000000000000005,3.7,3.6500000000000004,3.0,3.1000000000000005,3.0500000000000003,0,0,0,,1
77,70,3.7,3.8000000000000007,3.7500000000000004,3.0,3.1000000000000005,3.0500000000000003,0,0,0,,1
78,70,3.8000000000000007,3.9000000000000004,3.8500000000000005,3.0,3.1000000000000005,3.0500000000000003,0,0,0,,1
79,70,3.9000000000000004,4.0,3.95,3.0,3.1000000000000005,3.0500000000000003,0,0,0,,1
0,71,-4.0,-3.9,-3.95,3.1000000000000005,3.2,3.1500000000000004,0,0,0,,1
1,71,-3.9,-3.8,-3.8499999999999996,3.1000000000000005,3.2,3.1500000000000004,0,0,0,,1
2,71,-3.8,-3.7,-3.75,3.1000000000000005,3.2,3.1500000000000004,0,0,0,,1
3,71,-3.7,-3.6,-3.6500000000000004,3.1000000000000005,3.2,3.1500000000000004,0,0,0,,1
4,71,-3.6,-3.5,-3.55,3.1000000000000005,3.2,3.1500000000000004,0,0,0,,1
5,71,-3.5,-3.4,-3.45,3.1000000000000005,3.2,3.1500000000000004,0,0,0,,1
6,71,-3.4,-3.3,-3.3499999999999996,3.1000000000000005,3.2,3.1500000000000004,0,0,0,,1
7,71,-3.3,-3.2,-3.25,3.1000000000000005,3.2,3.1500000000000004,0,0,0,,1
8,71,-3.2,-3.1,-3.1500000000000004,3.1000000000000005,3.2,3.1500000000000004,0,0,0,,1
9,71,-3.1,-3.0,-3.05,3.1000000000000005,3.2,3.1500000000000004,0,0,0,,1
10,71,-3.0,-2.9,-2.95,3.1000000000000005,3.2,3.1500000000000004,0,0,0,,1
11,71,-2.9,-2.8,-2.8499999999999996,3.1000000000000005,3.2,3.1500000000000004,0,0,0,,1
12,71,-2.8,-2.7,-2.75,3.1000000000000005,3.2,3.1500000000000004,0,0,0,,1
13,71,-2.7,-2.5999999999999996,-2.65,3.1000000000000005,3.2,3.1500000000000004,0,0,0,,1
14,71,-2.5999999999999996,-2.5,-2.55,3.1000000000000005,3.2,3.1500000000000004,0,0,0,,1
15,71,-2.5,-2.4,-2.45,3.1000000000000005,3.2,3.1500000000000004,0,0,0,,1
16,71,-2.4,-2.3,-2.3499999999999996,3.1000000000000005,3.2,3.1500000000000004,0,0,0,,1
17,71,-2.3,-2.2,-2.25,3.1000000000000005,3.2,3.1500000000000004,0,0,0,,1
18,71,-2.2,-2.0999999999999996,-2.15,3.1000000000000005,3.2,3.1500000000000004,0,0,0,,1
19,71,-2.0999999999999996,-2.0,-2.05,3.1000000000000005,3.2,3.1500000000000004,0,0,0,,1
20,71,-2.0,-1.9,-1.95,3.1000000000000005,3.2,3.1500000000000004,0,0,0,,1
21,71,-1.9,-1.7999999999999998,-1.8499999999999999,3.1000000000000005,3.2,3.1500000000000004,0,0,0,,1
22,71,-1.7999999999999998,-1.6999999999999997,-1.7499999999999998,3.1000000000000005,3.2,3.1500000000000004,0,0,0,,1
23,71,-1.6999999999999997,-1.5999999999999996,-1.6499999999999997,3.1000000000000005,3.2,3.1500000000000004,0,0,0,,1
24,71,-1.5999999999999996,-1.5,-1.5499999999999998,3.1000000000000005,3.2,3.1500000000000004,0,0,0,,1
25,71,-1.5,-1.4,-1.45,3.1000000000000005,3.2,3.1500000000000004,0,0,0,,1
26,71,-1.4,-1.2999999999999998,-1.3499999999999999,3.1000000000000005,3.2,3.1500000000000004,0,0,0,,1
27,71,-1.2999999999999998,-1.1999999999999997,-1.2499999999999998,3.1000000000000005,3.2,3.1500000000000004,0,0,0,,1
28,71,-1.1999999999999997,-1.0999999999999996,-1.1499999999999997,3.1000000000000005,3.2,3.1500000000000004,0,0,0,,1
29,71,-1.0999999999999996,-1.0,-1.0499999999999998,3.1000000000000005,3.2,3.1500000000000004,0,0,0,,1
30,71,-1.0,-0.8999999999999999,-0.95,3.1000000000000005,3.2,3.1500000000000004,0,0,0,,1
31,71,-0.8999999999999999,-0.7999999999999998,-0.8499999999999999,3.1000000000000005,3.2,3.1500000000000004,0,0,0,,1
32,71,-0.7999999999999998,-0.6999999999999997,-0.7499999999999998,3.1000000000000005,3.2,3.1500000000000004,0,0,0,,1
33,71,-0.6999999999999997,-0.5999999999999996,-0.6499999999999997,3.1000000000000005,3.2,3.1500000000000004,0,0,0,,1
34,71,-0.5999999999999996,-0.5,-0.5499999999999998,3.1000000000000005,3.2,3.1500000000000004,0,0,0,,1
35,71,-0.5,-0.3999999999999999,-0.44999999999999996,3.1000000000000005,3.2,3.1500000000000004,0,0,0,,1
36,71,-0.3999999999999999,-0.2999999999999998,-0.34999999999999987,3.1000000000000005,3.2,3.1500000000000004,0,0,0,,1
37,71,-0.2999999999999998,-0.19999999999999973,-0.24999999999999978,3.1000000000000005,3.2,3.1500000000000004,0,0,0,,1
38,71,-0.19999999999999973,-0.09999999999999964,-0.1499999999999997,3.1000000000000005,3.2,3.1500000000000004,0,0,0,,1
39,71,-0.09999999999999964,0.0,-0.04999999999999982,3.1000000000000005,3.2,3.1500000000000004,0,0,0,,1
40,71,0.0,0.10000000000000053,0.050000000000000266,3.1000000000000005,3.2,3.1500000000000004,0,0,0,,1
41,71,0.10000000000000053,0.20000000000000018,0.15000000000000036,3.1000000000000005,3.2,3.1500000000000004,0,0,0,,1
42,71,0.20000000000000018,0.2999999999999998,0.25,3.1000000000000005,3.2,3.1500000000000004,0,0,0,,1
43,71,0.2999999999999998,0.40000000000000036,0.3500000000000001,3.1000000000000005,3.2,3.1500000000000004,0,0,0,,1
44,71,0.40000000000000036,0.5,0.4500000000000002,3.1000000000000005,3.2,3.1500000000000004,0,0,0,,1
45,71,0.5,0.6000000000000005,0.5500000000000003,3.1000000000000005,3.2,3.1500000000000004,0,0,0,,1
46,71,0.6000000000000005,0.7000000000000002,0.6500000000000004,3.1000000000000005,3.2,3.1500000000000004,0,0,0,,1
47,71,0.7000000000000002,0.8000000000000007,0.7500000000000004,3.1000000000000005,3.2,3.1500000000000004,0,0,0,,1
48,71,0.8000000000000007,0.9000000000000004,0.8500000000000005,3.1000000000000005,3.2,3.1500000000000004,0,0,0,,1
49,71,0.9000000000000004,1.0,0.9500000000000002,3.1000000000000005,3.2,3.1500000000000004,0,0,0,,1
50,71,1.0,1.1000000000000005,1.0500000000000003,3.1000000000000005,3.2,3.1500000000000004,0,0,0,,1
51,71,1.1000000000000005,1.2000000000000002,1.1500000000000004,3.1000000000000005,3.2,3.1500000000000004,0,0,0,,1
52,71,1.2000000000000002,1.3000000000000007,1.2500000000000004,3.1000000000000005,3.2,3.1500000000000004,0,0,0,,1
53,71,1.3000000000000007,1.4000000000000004,1.3500000000000005,3.1000000000000005,3.2,3.1500000000000004,0,0,0,,1
54,71,1.4000000000000004,1.5,1.4500000000000002,3.1000000000000005,3.2,3.1500000000000004,0,0,0,,1
55,71,1.5,1.6000000000000005,1.5500000000000003,3.1000000000000005,3.2,3.1500000000000004,0,0,0,,1
56,71,1.6000000000000005,1.7000000000000002,1.6500000000000004,3.1000000000000005,3.2,3.1500000000000004,0,0,0,,1
57,71,1.7000000000000002,1.8000000000000007,1.7500000000000004,3.1000000000000005,3.2,3.1500000000000004,0,0,0,,1
58,71,1.8000000000000007,1.9000000000000004,1.8500000000000005,3.1000000000000005,3.2,3.1500000000000004,0,0,0,,1
59,71,1.9000000000000004,2.0,1.9500000000000002,3.1000000000000005,3.2,3.1500000000000004,0,0,0,,1
60,71,2.0,2.1000000000000005,2.0500000000000003,3.1000000000000005,3.2,3.1500000000000004,0,0,0,,1
61,71,2.1000000000000005,2.2,2.1500000000000004,3.1000000000000005,3.2,3.1500000000000004,0,0,0,,1
62,71,2.2,2.3000000000000007,2.2500000000000004,3.1000000000000005,3.2,3.1500000000000004,0,0,0,,1
63,71,2.3000000000000007,2.4000000000000004,2.3500000000000005,3.1000000000000005,3.2,3.1500000000000004,0,0,0,,1
64,71,2.4000000000000004,2.5,2.45,3.1000000000000005,3.2,3.1500000000000004,0,0,0,,1
65,71,2.5,2.6000000000000005,2.5500000000000003,3.1000000000000005,3.2,3.1500000000000004,0,0,0,,1
66,71,2.6000000000000005,2.7,2.6500000000000004,3.1000000000000005,3.2,3.1500000000000004,0,0,0,,1
67,71,2.7,2.8000000000000007,2.7500000000000004,3.1000000000000005,3.2,3.1500000000000004,0,0,0,,1
68,71,2.8000000000000007,2.9000000000000004,2.8500000000000005,3.1000000000000005,3.2,3.1500000000000004,0,0,0,,1
69,71,2.9000000000000004,3.0,2.95,3.1000000000000005,3.2,3.1500000000000004,0,0,0,,1
70,71,3.0,3.1000000000000005,3.0500000000000003,3.1000000000000005,3.2,3.1500000000000004,0,0,0,,1
71,71,3.1000000000000005,3.2,3.1500000000000004,3.1000000000000005,3.2,3.1500000000000004,0,0,0,,1
72,71,3.2,3.3000000000000007,3.2500000000000004,3.1000000000000005,3.2,3.1500000000000004,0,0,0,,1
73,71,3.3000000000000007,3.4000000000000004,3.3500000000000005,3.1000000000000005,3.2,3.1500000000000004,0,0,0,,1
74,71,3.4000000000000004,3.5,3.45,3.1000000000000005,3.2,3.1500000000000004,0,0,0,,1
75,71,3.5,3.6000000000000005,3.5500000000000003,3.1000000000000005,3.2,3.1500000000000004,0,0,0,,1
76,71,3.6000000000000005,3.7,3.6500000000000004,3.1000000000000005,3.2,3.1500000000000004,0,0,0,,1
77,71,3.7,3.8000000000000007,3.7500000000000004,3.1000000000000005,3.2,3.1500000000000004,0,0,0,,1
78,71,3.8000000000000007,3.9000000000000004,3.8500000000000005,3.1000000000000005,3.2,3.1500000000000004,0,0,0,,1
79,71,3.9000000000000004,4.0,3.95,3.1000000000000005,3.2,3.1500000000000004,0,0,0,,1
0,72,-4.0,-3.9,-3.95,3.2,3.3000000000000007,3.2500000000000004,0,0,0,,1
1,72,-3.9,-3.8,-3.8499999999999996,3.2,3.3000000000000007,3.2500000000000004,0,0,0,,1
2,72,-3.8,-3.7,-3.75,3.2,3.3000000000000007,3.2500000000000004,0,0,0,,1
3,72,-3.7,-3.6,-3.6500000000000004,3.2,3.3000000000000007,3.2500000000000004,0,0,0,,1
4,72,-3.6,-3.5,-3.55,3.2,3.3000000000000007,3.2500000000000004,0,0,0,,1
5,72,-3.5,-3.4,-3.45,3.2,3.3000000000000007,3.2500000000000004,0,0,0,,1
6,72,-3.4,-3.3,-3.3499999999999996,3.2,3.3000000000000007,3.2500000000000004,0,0,0,,1
7,72,-3.3,-3.2,-3.25,3.2,3.3000000000000007,3.2500000000000004,0,0,0,,1
8,72,-3.2,-3.1,-3.1500000000000004,3.2,3.3000000000000007,3.2500000000000004,0,0,0,,1
9,72,-3.1,-3.0,-3.05,3.2,3.3000000000000007,3.2500000000000004,0,0,0,,1
10,72,-3.0,-2.9,-2.95,3.2,3.3000000000000007,3.2500000000000004,0,0,0,,1
11,72,-2.9,-2.8,-2.8499999999999996,3.2,3.3000000000000007,3.2500000000000004,0,0,0,,1
12,72,-2.8,-2.7,-2.75,3.2,3.3000000000000007,3.2500000000000004,0,0,0,,1
13,72,-2.7,-2.5999999999999996,-2.65,3.2,3.3000000000000007,3.2500000000000004,0,0,0,,1
14,72,-2.5999999999999996,-2.5,-2.55,3.2,3.3000000000000007,3.2500000000000004,0,0,0,,1
15,72,-2.5,-2.4,-2.45,3.2,3.3000000000000007,3.2500000000000004,0,0,0,,1
16,72,-2.4,-2.3,-2.3499999999999996,3.2,3.3000000000000007,3.2500000000000004,0,0,0,,1
17,72,-2.3,-2.2,-2.25,3.2,3.3000000000000007,3.2500000000000004,0,0,0,,1
18,72,-2.2,-2.0999999999999996,-2.15,3.2,3.3000000000000007,3.2500000000000004,0,0,0,,1
19,72,-2.0999999999999996,-2.0,-2.05,3.2,3.3000000000000007,3.2500000000000004,0,0,0,,1
20,72,-2.0,-1.9,-1.95,3.2,3.3000000000000007,3.2500000000000004,0,0,0,,1
21,72,-1.9,-1.7999999999999998,-1.8499999999999999,3.2,3.3000000000000007,3.2500000000000004,0,0,0,,1
22,72,-1.7999999999999998,-1.6999999999999997,-1.7499999999999998,3.2,3.3000000000000007,3.2500000000000004,0,0,0,,1
23,72,-1.6999999999999997,-1.5999999999999996,-1.6499999999999997,3.2,3.3000000000000007,3.2500000000000004,0,0,0,,1
24,72,-1.5999999999999996,-1.5,-1.5499999999999998,3.2,3.3000000000000007,3.2500000000000004,0,0,0,,1
25,72,-1.5,-1.4,-1.45,3.2,3.3000000000000007,3.2500000000000004,0,0,0,,1
26,72,-1.4,-1.2999999999999998,-1.3499999999999999,3.2,3.3000000000000007,3.2500000000000004,0,0,0,,1
27,72,-1.2999999999999998,-1.1999999999999997,-1.2499999999999998,3.2,3.3000000000000007,3.2500000000000004,0,0,0,,1
28,72,-1.1999999999999997,-1.0999999999999996,-1.1499999999999997,3.2,3.3000000000000007,3.2500000000000004,0,0,0,,1
29,72,-1.0999999999999996,-1.0,-1.0499999999999998,3.2,3.3000000000000007,3.2500000000000004,0,0,0,,1
30,72,-1.0,-0.8999999999999999,-0.95,3.2,3.3000000000000007,3.2500000000000004,0,0,0,,1
31,72,-0.8999999999999999,-0.7999999999999998,-0.8499999999999999,3.2,3.3000000000000007,3.2500000000000004,0,0,0,,1
32,72,-0.7999999999999998,-0.6999999999999997,-0.7499999999999998,3.2,3.3000000000000007,3.2500000000000004,0,0,0,,1
33,72,-0.6999999999999997,-0.5999999999999996,-0.6499999999999997,3.2,3.3000000000000007,3.2500000000000004,0,0,0,,1
34,72,-0.5999999999999996,-0.5,-0.5499999999999998,3.2,3.3000000000000007,3.2500000000000004,0,0,0,,1
35,72,-0.5,-0.3999999999999999,-0.44999999999999996,3.2,3.3000000000000007,3.2500000000000004,0,0,0,,1
36,72,-0.3999999999999999,-0.2999999999999998,-0.34999999999999987,3.2,3.3000000000000007,3.2500000000000004,0,0,0,,1
37,72,-0.2999999999999998,-0.19999999999999973,-0.24999999999999978,3.2,3.3000000000000007,3.2500000000000004,0,0,0,,1
38,72,-0.19999999999999973,-0.09999999999999964,-0.1499999999999997,3.2,3.3000000000000007,3.2500000000000004,0,0,0,,1
39,72,-0.09999999999999964,0.0,-0.04999999999999982,3.2,3.3000000000000007,3.2500000000000004,0,0,0,,1
40,72,0.0,0.10000000000000053,0.050000000000000266,3.2,3.3000000000000007,3.2500000000000004,0,0,0,,1
41,72,0.10000000000000053,0.20000000000000018,0.15000000000000036,3.2,3.3000000000000007,3.2500000000000004,1,0,1,1.0,1
42,72,0.20000000000000018,0.2999999999999998,0.25,3.2,3.3000000000000007,3.2500000000000004,0,0,0,,1
43,72,0.2999999999999998,0.40000000000000036,0.3500000000000001,3.2,3.3000000000000007,3.2500000000000004,0,0,0,,1
44,72,0.40000000000000036,0.5,0.4500000000000002,3.2,3.3000000000000007,3.2500000000000004,0,0,0,,1
45,72,0.5,0.6000000000000005,0.5500000000000003,3.2,3.3000000000000007,3.2500000000000004,0,0,0,,1
46,72,0.6000000000000005,0.7000000000000002,0.6500000000000004,3.2,3.3000000000000007,3.2500000000000004,0,0,0,,1
47,72,0.7000000000000002,0.8000000000000007,0.7500000000000004,3.2,3.3000000000000007,3.2500000000000004,0,0,0,,1
48,72,0.8000000000000007,0.9000000000000004,0.8500000000000005,3.2,3.3000000000000007,3.2500000000000004,0,0,0,,1
49,72,0.9000000000000004,1.0,0.9500000000000002,3.2,3.3000000000000007,3.2500000000000004,0,0,0,,1
50,72,1.0,1.1000000000000005,1.0500000000000003,3.2,3.3000000000000007,3.2500000000000004,0,0,0,,1
51,72,1.1000000000000005,1.2000000000000002,1.1500000000000004,3.2,3.3000000000000007,3.2500000000000004,0,0,0,,1
52,72,1.2000000000000002,1.3000000000000007,1.2500000000000004,3.2,3.3000000000000007,3.2500000000000004,0,0,0,,1
53,72,1.3000000000000007,1.4000000000000004,1.3500000000000005,3.2,3.3000000000000007,3.2500000000000004,0,0,0,,1
54,72,1.4000000000000004,1.5,1.4500000000000002,3.2,3.3000000000000007,3.2500000000000004,0,0,0,,1
55,72,1.5,1.6000000000000005,1.5500000000000003,3.2,3.3000000000000007,3.2500000000000004,0,0,0,,1
56,72,1.6000000000000005,1.7000000000000002,1.6500000000000004,3.2,3.3000000000000007,3.2500000000000004,0,0,0,,1
57,72,1.7000000000000002,1.8000000000000007,1.7500000000000004,3.2,3.3000000000000007,3.2500000000000004,0,0,0,,1
58,72,1.8000000000000007,1.9000000000000004,1.8500000000000005,3.2,3.3000000000000007,3.2500000000000004,0,0,0,,1
59,72,1.9000000000000004,2.0,1.9500000000000002,3.2,3.3000000000000007,3.2500000000000004,0,0,0,,1
60,72,2.0,2.1000000000000005,2.0500000000000003,3.2,3.3000000000000007,3.2500000000000004,0,0,0,,1
61,72,2.1000000000000005,2.2,2.1500000000000004,3.2,3.3000000000000007,3.2500000000000004,0,0,0,,1
62,72,2.2,2.3000000000000007,2.2500000000000004,3.2,3.3000000000000007,3.2500000000000004,0,0,0,,1
63,72,2.3000000000000007,2.4000000000000004,2.3500000000000005,3.2,3.3000000000000007,3.2500000000000004,0,0,0,,1
64,72,2.4000000000000004,2.5,2.45,3.2,3.3000000000000007,3.2500000000000004,0,0,0,,1
65,72,2.5,2.6000000000000005,2.5500000000000003,3.2,3.3000000000000007,3.2500000000000004,0,0,0,,1
66,72,2.6000000000000005,2.7,2.6500000000000004,3.2,3.3000000000000007,3.2500000000000004,0,0,0,,1
67,72,2.7,2.8000000000000007,2.7500000000000004,3.2,3.3000000000000007,3.2500000000000004,0,0,0,,1
68,72,2.8000000000000007,2.9000000000000004,2.8500000000000005,3.2,3.3000000000000007,3.2500000000000004,0,0,0,,1
69,72,2.9000000000000004,3.0,2.95,3.2,3.3000000000000007,3.2500000000000004,0,0,0,,1
70,72,3.0,3.1000000000000005,3.0500000000000003,3.2,3.3000000000000007,3.2500000000000004,0,0,0,,1
71,72,3.1000000000000005,3.2,3.1500000000000004,3.2,3.3000000000000007,3.2500000000000004,0,0,0,,1
72,72,3.2,3.3000000000000007,3.2500000000000004,3.2,3.3000000000000007,3.2500000000000004,0,0,0,,1
73,72,3.3000000000000007,3.4000000000000004,3.3500000000000005,3.2,3.3000000000000007,3.2500000000000004,0,0,0,,1
74,72,3.4000000000000004,3.5,3.45,3.2,3.3000000000000007,3.2500000000000004,0,0,0,,1
75,72,3.5,3.6000000000000005,3.5500000000000003,3.2,3.3000000000000007,3.2500000000000004,0,0,0,,1
76,72,3.6000000000000005,3.7,3.6500000000000004,3.2,3.3000000000000007,3.2500000000000004,0,0,0,,1
77,72,3.7,3.8000000000000007,3.7500000000000004,3.2,3.3000000000000007,3.2500000000000004,0,0,0,,1
78,72,3.8000000000000007,3.9000000000000004,3.8500000000000005,3.2,3.3000000000000007,3.2500000000000004,0,0,0,,1
79,72,3.9000000000000004,4.0,3.95,3.2,3.3000000000000007,3.2500000000000004,0,0,0,,1
0,73,-4.0,-3.9,-3.95,3.3000000000000007,3.4000000000000004,3.3500000000000005,0,0,0,,1
1,73,-3.9,-3.8,-3.8499999999999996,3.3000000000000007,3.4000000000000004,3.3500000000000005,0,0,0,,1
2,73,-3.8,-3.7,-3.75,3.3000000000000007,3.4000000000000004,3.3500000000000005,0,0,0,,1
3,73,-3.7,-3.6,-3.6500000000000004,3.3000000000000007,3.4000000000000004,3.3500000000000005,0,0,0,,1
4,73,-3.6,-3.5,-3.55,3.3000000000000007,3.4000000000000004,3.3500000000000005,0,0,0,,1
5,73,-3.5,-3.4,-3.45,3.3000000000000007,3.4000000000000004,3.3500000000000005,0,0,0,,1
6,73,-3.4,-3.3,-3.3499999999999996,3.3000000000000007,3.4000000000000004,3.3500000000000005,0,0,0,,1
7,73,-3.3,-3.2,-3.25,3.3000000000000007,3.4000000000000004,3.3500000000000005,0,0,0,,1
8,73,-3.2,-3.1,-3.1500000000000004,3.3000000000000007,3.4000000000000004,3.3500000000000005,0,0,0,,1
9,73,-3.1,-3.0,-3.05,3.3000000000000007,3.4000000000000004,3.3500000000000005,0,0,0,,1
10,73,-3.0,-2.9,-2.95,3.3000000000000007,3.4000000000000004,3.3500000000000005,0,0,0,,1
11,73,-2.9,-2.8,-2.8499999999999996,3.3000000000000007,3.4000000000000004,3.3500000000000005,0,0,0,,1
12,73,-2.8,-2.7,-2.75,3.3000000000000007,3.4000000000000004,3.3500000000000005,0,0,0,,1
13,73,-2.7,-2.5999999999999996,-2.65,3.3000000000000007,3.4000000000000004,3.3500000000000005,0,0,0,,1
14,73,-2.5999999999999996,-2.5,-2.55,3.3000000000000007,3.4000000000000004,3.3500000000000005,0,0,0,,1
15,73,-2.5,-2.4,-2.45,3.3000000000000007,3.4000000000000004,3.3500000000000005,0,0,0,,1
16,73,-2.4,-2.3,-2.3499999999999996,3.3000000000000007,3.4000000000000004,3.3500000000000005,0,0,0,,1
17,73,-2.3,-2.2,-2.25,3.3000000000000007,3.4000000000000004,3.3500000000000005,0,0,0,,1
18,73,-2.2,-2.0999999999999996,-2.15,3.3000000000000007,3.4000000000000004,3.3500000000000005,0,0,0,,1
19,73,-2.0999999999999996,-2.0,-2.05,3.3000000000000007,3.4000000000000004,3.3500000000000005,0,0,0,,1
20,73,-2.0,-1.9,-1.95,3.3000000000000007,3.4000000000000004,3.3500000000000005,0,0,0,,1
21,73,-1.9,-1.7999999999999998,-1.8499999999999999,3.3000000000000007,3.4000000000000004,3.3500000000000005,0,0,0,,1
22,73,-1.7999999999999998,-1.6999999999999997,-1.7499999999999998,3.3000000000000007,3.4000000000000004,3.3500000000000005,0,0,0,,1
23,73,-1.6999999999999997,-1.5999999999999996,-1.6499999999999997,3.3000000000000007,3.4000000000000004,3.3500000000000005,0,0,0,,1
24,73,-1.5999999999999996,-1.5,-1.5499999999999998,3.3000000000000007,3.4000000000000004,3.3500000000000005,0,0,0,,1
25,73,-1.5,-1.4,-1.45,3.3000000000000007,3.4000000000000004,3.3500000000000005,0,0,0,,1
26,73,-1.4,-1.2999999999999998,-1.3499999999999999,3.3000000000000007,3.4000000000000004,3.3500000000000005,0,0,0,,1
27,73,-1.2999999999999998,-1.1999999999999997,-1.2499999999999998,3.3000000000000007,3.4000000000000004,3.3500000000000005,0,0,0,,1
28,73,-1.1999999999999997,-1.0999999999999996,-1.1499999999999997,3.3000000000000007,3.4000000000000004,3.3500000000000005,0,0,0,,1
29,73,-1.0999999999999996,-1.0,-1.0499999999999998,3.3000000000000007,3.4000000000000004,3.3500000000000005,0,0,0,,1
30,73,-1.0,-0.8999999999999999,-0.95,3.3000000000000007,3.4000000000000004,3.3500000000000005,0,0,0,,1
31,73,-0.8999999999999999,-0.7999999999999998,-0.8499999999999999,3.3000000000000007,3.4000000000000004,3.3500000000000005,0,0,0,,1
32,73,-0.7999999999999998,-0.6999999999999997,-0.7499999999999998,3.3000000000000007,3.4000000000000004,3.3500000000000005,0,0,0,,1
33,73,-0.6999999999999997,-0.5999999999999996,-0.6499999999999997,3.3000000000000007,3.4000000000000004,3.3500000000000005,0,0,0,,1
34,73,-0.5999999999999996,-0.5,-0.5499999999999998,3.3000000000000007,3.4000000000000004,3.3500000000000005,0,0,0,,1
35,73,-0.5,-0.3999999999999999,-0.44999999999999996,3.3000000000000007,3.4000000000000004,3.3500000000000005,0,0,0,,1
36,73,-0.3999999999999999,-0.2999999999999998,-0.34999999999999987,3.3000000000000007,3.4000000000000004,3.3500000000000005,0,0,0,,1
37,73,-0.2999999999999998,-0.19999999999999973,-0.24999999999999978,3.3000000000000007,3.4000000000000004,3.3500000000000005,0,0,0,,1
38,73,-0.19999999999999973,-0.09999999999999964,-0.1499999999999997,3.3000000000000007,3.4000000000000004,3.3500000000000005,0,0,0,,1
39,73,-0.09999999999999964,0.0,-0.04999999999999982,3.3000000000000007,3.4000000000000004,3.3500000000000005,0,0,0,,1
40,73,0.0,0.10000000000000053,0.050000000000000266,3.3000000000000007,3.4000000000000004,3.3500000000000005,0,0,0,,1
41,73,0.10000000000000053,0.20000000000000018,0.15000000000000036,3.3000000000000007,3.4000000000000004,3.3500000000000005,0,0,0,,1
42,73,0.20000000000000018,0.2999999999999998,0.25,3.3000000000000007,3.4000000000000004,3.3500000000000005,0,0,0,,1
43,73,0.2999999999999998,0.40000000000000036,0.3500000000000001,3.3000000000000007,3.4000000000000004,3.3500000000000005,0,0,0,,1
44,73,0.40000000000000036,0.5,0.4500000000000002,3.3000000000000007,3.4000000000000004,3.3500000000000005,0,0,0,,1
45,73,0.5,0.6000000000000005,0.5500000000000003,3.3000000000000007,3.4000000000000004,3.3500000000000005,0,0,0,,1
46,73,0.6000000000000005,0.7000000000000002,0.6500000000000004,3.3000000000000007,3.4000000000000004,3.3500000000000005,0,0,0,,1
47,73,0.7000000000000002,0.8000000000000007,0.7500000000000004,3.3000000000000007,3.4000000000000004,3.3500000000000005,0,0,0,,1
48,73,0.8000000000000007,0.9000000000000004,0.8500000000000005,3.3000000000000007,3.4000000000000004,3.3500000000000005,0,0,0,,1
49,73,0.9000000000000004,1.0,0.9500000000000002,3.3000000000000007,3.4000000000000004,3.3500000000000005,0,0,0,,1
50,73,1.0,1.1000000000000005,1.0500000000000003,3.3000000000000007,3.4000000000000004,3.3500000000000005,0,0,0,,1
51,73,1.1000000000000005,1.2000000000000002,1.1500000000000004,3.3000000000000007,3.4000000000000004,3.3500000000000005,0,0,0,,1
52,73,1.2000000000000002,1.3000000000000007,1.2500000000000004,3.3000000000000007,3.4000000000000004,3.3500000000000005,0,0,0,,1
53,73,1.3000000000000007,1.4000000000000004,1.3500000000000005,3.3000000000000007,3.4000000000000004,3.3500000000000005,0,0,0,,1
54,73,1.4000000000000004,1.5,1.4500000000000002,3.3000000000000007,3.4000000000000004,3.3500000000000005,0,0,0,,1
55,73,1.5,1.6000000000000005,1.5500000000000003,3.3000000000000007,3.4000000000000004,3.3500000000000005,0,0,0,,1
56,73,1.6000000000000005,1.7000000000000002,1.6500000000000004,3.3000000000000007,3.4000000000000004,3.3500000000000005,0,0,0,,1
57,73,1.7000000000000002,1.8000000000000007,1.7500000000000004,3.3000000000000007,3.4000000000000004,3.3500000000000005,0,0,0,,1
58,73,1.8000000000000007,1.9000000000000004,1.8500000000000005,3.3000000000000007,3.4000000000000004,3.3500000000000005,0,0,0,,1
59,73,1.9000000000000004,2.0,1.9500000000000002,3.3000000000000007,3.4000000000000004,3.3500000000000005,0,0,0,,1
60,73,2.0,2.1000000000000005,2.0500000000000003,3.3000000000000007,3.4000000000000004,3.3500000000000005,0,0,0,,1
61,73,2.1000000000000005,2.2,2.1500000000000004,3.3000000000000007,3.4000000000000004,3.3500000000000005,0,0,0,,1
62,73,2.2,2.3000000000000007,2.2500000000000004,3.3000000000000007,3.4000000000000004,3.3500000000000005,0,0,0,,1
63,73,2.3000000000000007,2.4000000000000004,2.3500000000000005,3.3000000000000007,3.4000000000000004,3.3500000000000005,0,0,0,,1
64,73,2.4000000000000004,2.5,2.45,3.3000000000000007,3.4000000000000004,3.3500000000000005,0,0,0,,1
65,73,2.5,2.6000000000000005,2.5500000000000003,3.3000000000000007,3.4000000000000004,3.3500000000000005,0,0,0,,1
66,73,2.6000000000000005,2.7,2.6500000000000004,3.3000000000000007,3.4000000000000004,3.3500000000000005,0,0,0,,1
67,73,2.7,2.8000000000000007,2.7500000000000004,3.3000000000000007,3.4000000000000004,3.3500000000000005,0,0,0,,1
68,73,2.8000000000000007,2.9000000000000004,2.8500000000000005,3.3000000000000007,3.4000000000000004,3.3500000000000005,0,0,0,,1
69,73,2.9000000000000004,3.0,2.95,3.3000000000000007,3.4000000000000004,3.3500000000000005,0,0,0,,1
70,73,3.0,3.1000000000000005,3.0500000000000003,3.3000000000000007,3.4000000000000004,3.3500000000000005,0,0,0,,1
71,73,3.1000000000000005,3.2,3.1500000000000004,3.3000000000000007,3.4000000000000004,3.3500000000000005,0,0,0,,1
72,73,3.2,3.3000000000000007,3.2500000000000004,3.3000000000000007,3.4000000000000004,3.3500000000000005,0,0,0,,1
73,73,3.3000000000000007,3.4000000000000004,3.3500000000000005,3.3000000000000007,3.4000000000000004,3.3500000000000005,0,0,0,,1
74,73,3.4000000000000004,3.5,3.45,3.3000000000000007,3.4000000000000004,3.3500000000000005,0,0,0,,1
75,73,3.5,3.6000000000000005,3.5500000000000003,3.3000000000000007,3.4000000000000004,3.3500000000000005,0,0,0,,1
76,73,3.6000000000000005,3.7,3.6500000000000004,3.3000000000000007,3.4000000000000004,3.3500000000000005,0,0,0,,1
77,73,3.7,3.8000000000000007,3.7500000000000004,3.3000000000000007,3.4000000000000004,3.3500000000000005,0,0,0,,1
78,73,3.8000000000000007,3.9000000000000004,3.8500000000000005,3.3000000000000007,3.4000000000000004,3.3500000000000005,0,0,0,,1
79,73,3.9000000000000004,4.0,3.95,3.3000000000000007,3.4000000000000004,3.3500000000000005,0,0,0,,1
0,74,-4.0,-3.9,-3.95,3.4000000000000004,3.5,3.45,0,0,0,,1
1,74,-3.9,-3.8,-3.8499999999999996,3.4000000000000004,3.5,3.45,0,0,0,,1
2,74,-3.8,-3.7,-3.75,3.4000000000000004,3.5,3.45,0,0,0,,1
3,74,-3.7,-3.6,-3.6500000000000004,3.4000000000000004,3.5,3.45,0,0,0,,1
4,74,-3.6,-3.5,-3.55,3.4000000000000004,3.5,3.45,0,0,0,,1
5,74,-3.5,-3.4,-3.45,3.4000000000000004,3.5,3.45,0,0,0,,1
6,74,-3.4,-3.3,-3.3499999999999996,3.4000000000000004,3.5,3.45,0,0,0,,1
7,74,-3.3,-3.2,-3.25,3.4000000000000004,3.5,3.45,0,0,0,,1
8,74,-3.2,-3.1,-3.1500000000000004,3.4000000000000004,3.5,3.45,0,0,0,,1
9,74,-3.1,-3.0,-3.05,3.4000000000000004,3.5,3.45,0,0,0,,1
10,74,-3.0,-2.9,-2.95,3.4000000000000004,3.5,3.45,0,0,0,,1
11,74,-2.9,-2.8,-2.8499999999999996,3.4000000000000004,3.5,3.45,0,0,0,,1
12,74,-2.8,-2.7,-2.75,3.4000000000000004,3.5,3.45,0,0,0,,1
13,74,-2.7,-2.5999999999999996,-2.65,3.4000000000000004,3.5,3.45,0,0,0,,1
14,74,-2.5999999999999996,-2.5,-2.55,3.4000000000000004,3.5,3.45,0,0,0,,1
15,74,-2.5,-2.4,-2.45,3.4000000000000004,3.5,3.45,0,0,0,,1
16,74,-2.4,-2.3,-2.3499999999999996,3.4000000000000004,3.5,3.45,0,0,0,,1
17,74,-2.3,-2.2,-2.25,3.4000000000000004,3.5,3.45,0,0,0,,1
18,74,-2.2,-2.0999999999999996,-2.15,3.4000000000000004,3.5,3.45,0,0,0,,1
19,74,-2.0999999999999996,-2.0,-2.05,3.4000000000000004,3.5,3.45,0,0,0,,1
20,74,-2.0,-1.9,-1.95,3.4000000000000004,3.5,3.45,0,0,0,,1
21,74,-1.9,-1.7999999999999998,-1.8499999999999999,3.4000000000000004,3.5,3.45,0,0,0,,1
22,74,-1.7999999999999998,-1.6999999999999997,-1.7499999999999998,3.4000000000000004,3.5,3.45,0,0,0,,1
23,74,-1.6999999999999997,-1.5999999999999996,-1.6499999999999997,3.4000000000000004,3.5,3.45,0,0,0,,1
24,74,-1.5999999999999996,-1.5,-1.5499999999999998,3.4000000000000004,3.5,3.45,0,0,0,,1
25,74,-1.5,-1.4,-1.45,3.4000000000000004,3.5,3.45,0,0,0,,1
26,74,-1.4,-1.2999999999999998,-1.3499999999999999,3.4000000000000004,3.5,3.45,0,0,0,,1
27,74,-1.2999999999999998,-1.1999999999999997,-1.2499999999999998,3.4000000000000004,3.5,3.45,0,0,0,,1
28,74,-1.1999999999999997,-1.0999999999999996,-1.1499999999999997,3.4000000000000004,3.5,3.45,0,0,0,,1
29,74,-1.0999999999999996,-1.0,-1.0499999999999998,3.4000000000000004,3.5,3.45,0,0,0,,1
30,74,-1.0,-0.8999999999999999,-0.95,3.4000000000000004,3.5,3.45,0,0,0,,1
31,74,-0.8999999999999999,-0.7999999999999998,-0.8499999999999999,3.4000000000000004,3.5,3.45,0,0,0,,1
32,74,-0.7999999999999998,-0.6999999999999997,-0.7499999999999998,3.4000000000000004,3.5,3.45,0,0,0,,1
33,74,-0.6999999999999997,-0.5999999999999996,-0.6499999999999997,3.4000000000000004,3.5,3.45,0,0,0,,1
34,74,-0.5999999999999996,-0.5,-0.5499999999999998,3.4000000000000004,3.5,3.45,0,0,0,,1
35,74,-0.5,-0.3999999999999999,-0.44999999999999996,3.4000000000000004,3.5,3.45,0,0,0,,1
36,74,-0.3999999999999999,-0.2999999999999998,-0.34999999999999987,3.4000000000000004,3.5,3.45,0,0,0,,1
37,74,-0.2999999999999998,-0.19999999999999973,-0.24999999999999978,3.4000000000000004,3.5,3.45,0,0,0,,1
38,74,-0.19999999999999973,-0.09999999999999964,-0.1499999999999997,3.4000000000000004,3.5,3.45,0,0,0,,1
39,74,-0.09999999999999964,0.0,-0.04999999999999982,3.4000000000000004,3.5,3.45,0,0,0,,1
40,74,0.0,0.10000000000000053,0.050000000000000266,3.4000000000000004,3.5,3.45,0,0,0,,1
41,74,0.10000000000000053,0.20000000000000018,0.15000000000000036,3.4000000000000004,3.5,3.45,1,0,1,1.0,1
42,74,0.20000000000000018,0.2999999999999998,0.25,3.4000000000000004,3.5,3.45,0,0,0,,1
43,74,0.2999999999999998,0.40000000000000036,0.3500000000000001,3.4000000000000004,3.5,3.45,0,0,0,,1
44,74,0.40000000000000036,0.5,0.4500000000000002,3.4000000000000004,3.5,3.45,0,0,0,,1
45,74,0.5,0.6000000000000005,0.5500000000000003,3.4000000000000004,3.5,3.45,0,0,0,,1
46,74,0.6000000000000005,0.7000000000000002,0.6500000000000004,3.4000000000000004,3.5,3.45,0,0,0,,1
47,74,0.7000000000000002,0.8000000000000007,0.7500000000000004,3.4000000000000004,3.5,3.45,0,0,0,,1
48,74,0.8000000000000007,0.9000000000000004,0.8500000000000005,3.4000000000000004,3.5,3.45,0,0,0,,1
49,74,0.9000000000000004,1.0,0.9500000000000002,3.4000000000000004,3.5,3.45,0,0,0,,1
50,74,1.0,1.1000000000000005,1.0500000000000003,3.4000000000000004,3.5,3.45,0,0,0,,1
51,74,1.1000000000000005,1.2000000000000002,1.1500000000000004,3.4000000000000004,3.5,3.45,0,0,0,,1
52,74,1.2000000000000002,1.3000000000000007,1.2500000000000004,3.4000000000000004,3.5,3.45,0,0,0,,1
53,74,1.3000000000000007,1.4000000000000004,1.3500000000000005,3.4000000000000004,3.5,3.45,0,0,0,,1
54,74,1.4000000000000004,1.5,1.4500000000000002,3.4000000000000004,3.5,3.45,0,0,0,,1
55,74,1.5,1.6000000000000005,1.5500000000000003,3.4000000000000004,3.5,3.45,0,0,0,,1
56,74,1.6000000000000005,1.7000000000000002,1.6500000000000004,3.4000000000000004,3.5,3.45,0,0,0,,1
57,74,1.7000000000000002,1.8000000000000007,1.7500000000000004,3.4000000000000004,3.5,3.45,0,0,0,,1
58,74,1.8000000000000007,1.9000000000000004,1.8500000000000005,3.4000000000000004,3.5,3.45,0,0,0,,1
59,74,1.9000000000000004,2.0,1.9500000000000002,3.4000000000000004,3.5,3.45,0,0,0,,1
60,74,2.0,2.1000000000000005,2.0500000000000003,3.4000000000000004,3.5,3.45,0,0,0,,1
61,74,2.1000000000000005,2.2,2.1500000000000004,3.4000000000000004,3.5,3.45,0,0,0,,1
62,74,2.2,2.3000000000000007,2.2500000000000004,3.4000000000000004,3.5,3.45,0,0,0,,1
63,74,2.3000000000000007,2.4000000000000004,2.3500000000000005,3.4000000000000004,3.5,3.45,0,0,0,,1
64,74,2.4000000000000004,2.5,2.45,3.4000000000000004,3.5,3.45,0,0,0,,1
65,74,2.5,2.6000000000000005,2.5500000000000003,3.4000000000000004,3.5,3.45,0,0,0,,1
66,74,2.6000000000000005,2.7,2.6500000000000004,3.4000000000000004,3.5,3.45,0,0,0,,1
67,74,2.7,2.8000000000000007,2.7500000000000004,3.4000000000000004,3.5,3.45,0,0,0,,1
68,74,2.8000000000000007,2.9000000000000004,2.8500000000000005,3.4000000000000004,3.5,3.45,0,0,0,,1
69,74,2.9000000000000004,3.0,2.95,3.4000000000000004,3.5,3.45,0,0,0,,1
70,74,3.0,3.1000000000000005,3.0500000000000003,3.4000000000000004,3.5,3.45,0,0,0,,1
71,74,3.1000000000000005,3.2,3.1500000000000004,3.4000000000000004,3.5,3.45,0,0,0,,1
72,74,3.2,3.3000000000000007,3.2500000000000004,3.4000000000000004,3.5,3.45,0,0,0,,1
73,74,3.3000000000000007,3.4000000000000004,3.3500000000000005,3.4000000000000004,3.5,3.45,0,0,0,,1
74,74,3.4000000000000004,3.5,3.45,3.4000000000000004,3.5,3.45,0,0,0,,1
75,74,3.5,3.6000000000000005,3.5500000000000003,3.4000000000000004,3.5,3.45,0,0,0,,1
76,74,3.6000000000000005,3.7,3.6500000000000004,3.4000000000000004,3.5,3.45,0,0,0,,1
77,74,3.7,3.8000000000000007,3.7500000000000004,3.4000000000000004,3.5,3.45,0,0,0,,1
78,74,3.8000000000000007,3.9000000000000004,3.8500000000000005,3.4000000000000004,3.5,3.45,0,0,0,,1
79,74,3.9000000000000004,4.0,3.95,3.4000000000000004,3.5,3.45,0,0,0,,1
0,75,-4.0,-3.9,-3.95,3.5,3.6000000000000005,3.5500000000000003,0,0,0,,1
1,75,-3.9,-3.8,-3.8499999999999996,3.5,3.6000000000000005,3.5500000000000003,0,0,0,,1
2,75,-3.8,-3.7,-3.75,3.5,3.6000000000000005,3.5500000000000003,0,0,0,,1
3,75,-3.7,-3.6,-3.6500000000000004,3.5,3.6000000000000005,3.5500000000000003,0,0,0,,1
4,75,-3.6,-3.5,-3.55,3.5,3.6000000000000005,3.5500000000000003,0,0,0,,1
5,75,-3.5,-3.4,-3.45,3.5,3.6000000000000005,3.5500000000000003,0,0,0,,1
6,75,-3.4,-3.3,-3.3499999999999996,3.5,3.6000000000000005,3.5500000000000003,0,0,0,,1
7,75,-3.3,-3.2,-3.25,3.5,3.6000000000000005,3.5500000000000003,0,0,0,,1
8,75,-3.2,-3.1,-3.1500000000000004,3.5,3.6000000000000005,3.5500000000000003,0,0,0,,1
9,75,-3.1,-3.0,-3.05,3.5,3.6000000000000005,3.5500000000000003,0,0,0,,1
10,75,-3.0,-2.9,-2.95,3.5,3.6000000000000005,3.5500000000000003,0,0,0,,1
11,75,-2.9,-2.8,-2.8499999999999996,3.5,3.6000000000000005,3.5500000000000003,0,0,0,,1
12,75,-2.8,-2.7,-2.75,3.5,3.6000000000000005,3.5500000000000003,0,0,0,,1
13,75,-2.7,-2.5999999999999996,-2.65,3.5,3.6000000000000005,3.5500000000000003,0,0,0,,1
14,75,-2.5999999999999996,-2.5,-2.55,3.5,3.6000000000000005,3.5500000000000003,0,0,0,,1
15,75,-2.5,-2.4,-2.45,3.5,3.6000000000000005,3.5500000000000003,0,0,0,,1
16,75,-2.4,-2.3,-2.3499999999999996,3.5,3.6000000000000005,3.5500000000000003,0,0,0,,1
17,75,-2.3,-2.2,-2.25,3.5,3.6000000000000005,3.5500000000000003,0,0,0,,1
18,75,-2.2,-2.0999999999999996,-2.15,3.5,3.6000000000000005,3.5500000000000003,0,0,0,,1
19,75,-2.0999999999999996,-2.0,-2.05,3.5,3.6000000000000005,3.5500000000000003,0,0,0,,1
20,75,-2.0,-1.9,-1.95,3.5,3.6000000000000005,3.5500000000000003,0,0,0,,1
21,75,-1.9,-1.7999999999999998,-1.8499999999999999,3.5,3.6000000000000005,3.5500000000000003,0,0,0,,1
22,75,-1.7999999999999998,-1.6999999999999997,-1.7499999999999998,3.5,3.6000000000000005,3.5500000000000003,0,0,0,,1
23,75,-1.6999999999999997,-1.5999999999999996,-1.6499999999999997,3.5,3.6000000000000005,3.5500000000000003,0,0,0,,1
24,75,-1.5999999999999996,-1.5,-1.5499999999999998,3.5,3.6000000000000005,3.5500000000000003,0,0,0,,1
25,75,-1.5,-1.4,-1.45,3.5,3.6000000000000005,3.5500000000000003,0,0,0,,1
26,75,-1.4,-1.2999999999999998,-1.3499999999999999,3.5,3.6000000000000005,3.5500000000000003,0,0,0,,1
27,75,-1.2999999999999998,-1.1999999999999997,-1.2499999999999998,3.5,3.6000000000000005,3.5500000000000003,0,0,0,,1
28,75,-1.1999999999999997,-1.0999999999999996,-1.1499999999999997,3.5,3.6000000000000005,3.5500000000000003,0,0,0,,1
29,75,-1.0999999999999996,-1.0,-1.0499999999999998,3.5,3.6000000000000005,3.5500000000000003,0,0,0,,1
30,75,-1.0,-0.8999999999999999,-0.95,3.5,3.6000000000000005,3.5500000000000003,0,0,0,,1
31,75,-0.8999999999999999,-0.7999999999999998,-0.8499999999999999,3.5,3.6000000000000005,3.5500000000000003,0,0,0,,1
32,75,-0.7999999999999998,-0.6999999999999997,-0.7499999999999998,3.5,3.6000000000000005,3.5500000000000003,0,0,0,,1
33,75,-0.6999999999999997,-0.5999999999999996,-0.6499999999999997,3.5,3.6000000000000005,3.5500000000000003,0,0,0,,1
34,75,-0.5999999999999996,-0.5,-0.5499999999999998,3.5,3.6000000000000005,3.5500000000000003,0,0,0,,1
35,75,-0.5,-0.3999999999999999,-0.44999999999999996,3.5,3.6000000000000005,3.5500000000000003,0,0,0,,1
36,75,-0.3999999999999999,-0.2999999999999998,-0.34999999999999987,3.5,3.6000000000000005,3.5500000000000003,0,0,0,,1
37,75,-0.2999999999999998,-0.19999999999999973,-0.24999999999999978,3.5,3.6000000000000005,3.5500000000000003,0,0,0,,1
38,75,-0.19999999999999973,-0.09999999999999964,-0.1499999999999997,3.5,3.6000000000000005,3.5500000000000003,0,0,0,,1
39,75,-0.09999999999999964,0.0,-0.04999999999999982,3.5,3.6000000000000005,3.5500000000000003,0,0,0,,1
40,75,0.0,0.10000000000000053,0.050000000000000266,3.5,3.6000000000000005,3.5500000000000003,0,0,0,,1
41,75,0.10000000000000053,0.20000000000000018,0.15000000000000036,3.5,3.6000000000000005,3.5500000000000003,0,0,0,,1
42,75,0.20000000000000018,0.2999999999999998,0.25,3.5,3.6000000000000005,3.5500000000000003,0,0,0,,1
43,75,0.2999999999999998,0.40000000000000036,0.3500000000000001,3.5,3.6000000000000005,3.5500000000000003,0,0,0,,1
44,75,0.40000000000000036,0.5,0.4500000000000002,3.5,3.6000000000000005,3.5500000000000003,0,0,0,,1
45,75,0.5,0.6000000000000005,0.5500000000000003,3.5,3.6000000000000005,3.5500000000000003,0,0,0,,1
46,75,0.6000000000000005,0.7000000000000002,0.6500000000000004,3.5,3.6000000000000005,3.5500000000000003,0,0,0,,1
47,75,0.7000000000000002,0.8000000000000007,0.7500000000000004,3.5,3.6000000000000005,3.5500000000000003,0,0,0,,1
48,75,0.8000000000000007,0.9000000000000004,0.8500000000000005,3.5,3.6000000000000005,3.5500000000000003,0,0,0,,1
49,75,0.9000000000000004,1.0,0.9500000000000002,3.5,3.6000000000000005,3.5500000000000003,0,0,0,,1
50,75,1.0,1.1000000000000005,1.0500000000000003,3.5,3.6000000000000005,3.5500000000000003,0,0,0,,1
51,75,1.1000000000000005,1.2000000000000002,1.1500000000000004,3.5,3.6000000000000005,3.5500000000000003,0,0,0,,1
52,75,1.2000000000000002,1.3000000000000007,1.2500000000000004,3.5,3.6000000000000005,3.5500000000000003,0,0,0,,1
53,75,1.3000000000000007,1.4000000000000004,1.3500000000000005,3.5,3.6000000000000005,3.5500000000000003,0,0,0,,1
54,75,1.4000000000000004,1.5,1.4500000000000002,3.5,3.6000000000000005,3.5500000000000003,0,0,0,,1
55,75,1.5,1.6000000000000005,1.5500000000000003,3.5,3.6000000000000005,3.5500000000000003,0,0,0,,1
56,75,1.6000000000000005,1.7000000000000002,1.6500000000000004,3.5,3.6000000000000005,3.5500000000000003,0,0,0,,1
57,75,1.7000000000000002,1.8000000000000007,1.7500000000000004,3.5,3.6000000000000005,3.5500000000000003,0,0,0,,1
58,75,1.8000000000000007,1.9000000000000004,1.8500000000000005,3.5,3.6000000000000005,3.5500000000000003,0,0,0,,1
59,75,1.9000000000000004,2.0,1.9500000000000002,3.5,3.6000000000000005,3.5500000000000003,0,0,0,,1
60,75,2.0,2.1000000000000005,2.0500000000000003,3.5,3.6000000000000005,3.5500000000000003,0,0,0,,1
61,75,2.1000000000000005,2.2,2.1500000000000004,3.5,3.6000000000000005,3.5500000000000003,0,0,0,,1
62,75,2.2,2.3000000000000007,2.2500000000000004,3.5,3.6000000000000005,3.5500000000000003,0,0,0,,1
63,75,2.3000000000000007,2.4000000000000004,2.3500000000000005,3.5,3.6000000000000005,3.5500000000000003,0,0,0,,1
64,75,2.4000000000000004,2.5,2.45,3.5,3.6000000000000005,3.5500000000000003,0,0,0,,1
65,75,2.5,2.6000000000000005,2.5500000000000003,3.5,3.6000000000000005,3.5500000000000003,0,0,0,,1
66,75,2.6000000000000005,2.7,2.6500000000000004,3.5,3.6000000000000005,3.5500000000000003,0,0,0,,1
67,75,2.7,2.8000000000000007,2.7500000000000004,3.5,3.6000000000000005,3.5500000000000003,0,0,0,,1
68,75,2.8000000000000007,2.9000000000000004,2.8500000000000005,3.5,3.6000000000000005,3.5500000000000003,0,0,0,,1
69,75,2.9000000000000004,3.0,2.95,3.5,3.6000000000000005,3.5500000000000003,0,0,0,,1
70,75,3.0,3.1000000000000005,3.0500000000000003,3.5,3.6000000000000005,3.5500000000000003,0,0,0,,1
71,75,3.1000000000000005,3.2,3.1500000000000004,3.5,3.6000000000000005,3.5500000000000003,0,0,0,,1
72,75,3.2,3.3000000000000007,3.2500000000000004,3.5,3.6000000000000005,3.5500000000000003,0,0,0,,1
73,75,3.3000000000000007,3.4000000000000004,3.3500000000000005,3.5,3.6000000000000005,3.5500000000000003,0,0,0,,1
74,75,3.4000000000000004,3.5,3.45,3.5,3.6000000000000005,3.5500000000000003,0,0,0,,1
75,75,3.5,3.6000000000000005,3.5500000000000003,3.5,3.6000000000000005,3.5500000000000003,0,0,0,,1
76,75,3.6000000000000005,3.7,3.6500000000000004,3.5,3.6000000000000005,3.5500000000000003,0,0,0,,1
77,75,3.7,3.8000000000000007,3.7500000000000004,3.5,3.6000000000000005,3.5500000000000003,0,0,0,,1
78,75,3.8000000000000007,3.9000000000000004,3.8500000000000005,3.5,3.6000000000000005,3.5500000000000003,0,0,0,,1
79,75,3.9000000000000004,4.0,3.95,3.5,3.6000000000000005,3.5500000000000003,0,0,0,,1
0,76,-4.0,-3.9,-3.95,3.6000000000000005,3.7,3.6500000000000004,0,0,0,,1
1,76,-3.9,-3.8,-3.8499999999999996,3.6000000000000005,3.7,3.6500000000000004,0,0,0,,1
2,76,-3.8,-3.7,-3.75,3.6000000000000005,3.7,3.6500000000000004,0,0,0,,1
3,76,-3.7,-3.6,-3.6500000000000004,3.6000000000000005,3.7,3.6500000000000004,0,0,0,,1
4,76,-3.6,-3.5,-3.55,3.6000000000000005,3.7,3.6500000000000004,0,0,0,,1
5,76,-3.5,-3.4,-3.45,3.6000000000000005,3.7,3.6500000000000004,0,0,0,,1
6,76,-3.4,-3.3,-3.3499999999999996,3.6000000000000005,3.7,3.6500000000000004,0,0,0,,1
7,76,-3.3,-3.2,-3.25,3.6000000000000005,3.7,3.6500000000000004,0,0,0,,1
8,76,-3.2,-3.1,-3.1500000000000004,3.6000000000000005,3.7,3.6500000000000004,0,0,0,,1
9,76,-3.1,-3.0,-3.05,3.6000000000000005,3.7,3.6500000000000004,0,0,0,,1
10,76,-3.0,-2.9,-2.95,3.6000000000000005,3.7,3.6500000000000004,0,0,0,,1
11,76,-2.9,-2.8,-2.8499999999999996,3.6000000000000005,3.7,3.6500000000000004,0,0,0,,1
12,76,-2.8,-2.7,-2.75,3.6000000000000005,3.7,3.6500000000000004,0,0,0,,1
13,76,-2.7,-2.5999999999999996,-2.65,3.6000000000000005,3.7,3.6500000000000004,0,0,0,,1
14,76,-2.5999999999999996,-2.5,-2.55,3.6000000000000005,3.7,3.6500000000000004,0,0,0,,1
15,76,-2.5,-2.4,-2.45,3.6000000000000005,3.7,3.6500000000000004,0,0,0,,1
16,76,-2.4,-2.3,-2.3499999999999996,3.6000000000000005,3.7,3.6500000000000004,0,0,0,,1
17,76,-2.3,-2.2,-2.25,3.6000000000000005,3.7,3.6500000000000004,0,0,0,,1
18,76,-2.2,-2.0999999999999996,-2.15,3.6000000000000005,3.7,3.6500000000000004,0,0,0,,1
19,76,-2.0999999999999996,-2.0,-2.05,3.6000000000000005,3.7,3.6500000000000004,0,0,0,,1
20,76,-2.0,-1.9,-1.95,3.6000000000000005,3.7,3.6500000000000004,0,0,0,,1
21,76,-1.9,-1.7999999999999998,-1.8499999999999999,3.6000000000000005,3.7,3.6500000000000004,0,0,0,,1
22,76,-1.7999999999999998,-1.6999999999999997,-1.7499999999999998,3.6000000000000005,3.7,3.6500000000000004,0,0,0,,1
23,76,-1.6999999999999997,-1.5999999999999996,-1.6499999999999997,3.6000000000000005,3.7,3.6500000000000004,0,0,0,,1
24,76,-1.5999999999999996,-1.5,-1.5499999999999998,3.6000000000000005,3.7,3.6500000000000004,0,0,0,,1
25,76,-1.5,-1.4,-1.45,3.6000000000000005,3.7,3.6500000000000004,0,0,0,,1
26,76,-1.4,-1.2999999999999998,-1.3499999999999999,3.6000000000000005,3.7,3.6500000000000004,0,0,0,,1
27,76,-1.2999999999999998,-1.1999999999999997,-1.2499999999999998,3.6000000000000005,3.7,3.6500000000000004,0,0,0,,1
28,76,-1.1999999999999997,-1.0999999999999996,-1.1499999999999997,3.6000000000000005,3.7,3.6500000000000004,0,0,0,,1
29,76,-1.0999999999999996,-1.0,-1.0499999999999998,3.6000000000000005,3.7,3.6500000000000004,0,0,0,,1
30,76,-1.0,-0.8999999999999999,-0.95,3.6000000000000005,3.7,3.6500000000000004,0,0,0,,1
31,76,-0.8999999999999999,-0.7999999999999998,-0.8499999999999999,3.6000000000000005,3.7,3.6500000000000004,0,0,0,,1
32,76,-0.7999999999999998,-0.6999999999999997,-0.7499999999999998,3.6000000000000005,3.7,3.6500000000000004,0,0,0,,1
33,76,-0.6999999999999997,-0.5999999999999996,-0.6499999999999997,3.6000000000000005,3.7,3.6500000000000004,0,0,0,,1
34,76,-0.5999999999999996,-0.5,-0.5499999999999998,3.6000000000000005,3.7,3.6500000000000004,0,0,0,,1
35,76,-0.5,-0.3999999999999999,-0.44999999999999996,3.6000000000000005,3.7,3.6500000000000004,0,0,0,,1
36,76,-0.3999999999999999,-0.2999999999999998,-0.34999999999999987,3.6000000000000005,3.7,3.6500000000000004,0,0,0,,1
37,76,-0.2999999999999998,-0.19999999999999973,-0.24999999999999978,3.6000000000000005,3.7,3.6500000000000004,0,0,0,,1
38,76,-0.19999999999999973,-0.09999999999999964,-0.1499999999999997,3.6000000000000005,3.7,3.6500000000000004,0,0,0,,1
39,76,-0.09999999999999964,0.0,-0.04999999999999982,3.6000000000000005,3.7,3.6500000000000004,0,0,0,,1
40,76,0.0,0.10000000000000053,0.050000000000000266,3.6000000000000005,3.7,3.6500000000000004,0,0,0,,1
41,76,0.10000000000000053,0.20000000000000018,0.15000000000000036,3.6000000000000005,3.7,3.6500000000000004,0,0,0,,1
42,76,0.20000000000000018,0.2999999999999998,0.25,3.6000000000000005,3.7,3.6500000000000004,0,0,0,,1
43,76,0.2999999999999998,0.40000000000000036,0.3500000000000001,3.6000000000000005,3.7,3.6500000000000004,0,0,0,,1
44,76,0.40000000000000036,0.5,0.4500000000000002,3.6000000000000005,3.7,3.6500000000000004,0,0,0,,1
45,76,0.5,0.6000000000000005,0.5500000000000003,3.6000000000000005,3.7,3.6500000000000004,0,0,0,,1
46,76,0.6000000000000005,0.7000000000000002,0.6500000000000004,3.6000000000000005,3.7,3.6500000000000004,0,0,0,,1
47,76,0.7000000000000002,0.8000000000000007,0.7500000000000004,3.6000000000000005,3.7,3.6500000000000004,0,0,0,,1
48,76,0.8000000000000007,0.9000000000000004,0.8500000000000005,3.6000000000000005,3.7,3.6500000000000004,0,0,0,,1
49,76,0.9000000000000004,1.0,0.9500000000000002,3.6000000000000005,3.7,3.6500000000000004,0,0,0,,1
50,76,1.0,1.1000000000000005,1.0500000000000003,3.6000000000000005,3.7,3.6500000000000004,0,0,0,,1
51,76,1.1000000000000005,1.2000000000000002,1.1500000000000004,3.6000000000000005,3.7,3.6500000000000004,0,0,0,,1
52,76,1.2000000000000002,1.3000000000000007,1.2500000000000004,3.6000000000000005,3.7,3.6500000000000004,0,0,0,,1
53,76,1.3000000000000007,1.4000000000000004,1.3500000000000005,3.6000000000000005,3.7,3.6500000000000004,0,0,0,,1
54,76,1.4000000000000004,1.5,1.4500000000000002,3.6000000000000005,3.7,3.6500000000000004,0,0,0,,1
55,76,1.5,1.6000000000000005,1.5500000000000003,3.6000000000000005,3.7,3.6500000000000004,0,0,0,,1
56,76,1.6000000000000005,1.7000000000000002,1.6500000000000004,3.6000000000000005,3.7,3.6500000000000004,0,0,0,,1
57,76,1.7000000000000002,1.8000000000000007,1.7500000000000004,3.6000000000000005,3.7,3.6500000000000004,0,0,0,,1
58,76,1.8000000000000007,1.9000000000000004,1.8500000000000005,3.6000000000000005,3.7,3.6500000000000004,0,0,0,,1
59,76,1.9000000000000004,2.0,1.9500000000000002,3.6000000000000005,3.7,3.6500000000000004,0,0,0,,1
60,76,2.0,2.1000000000000005,2.0500000000000003,3.6000000000000005,3.7,3.6500000000000004,0,0,0,,1
61,76,2.1000000000000005,2.2,2.1500000000000004,3.6000000000000005,3.7,3.6500000000000004,0,0,0,,1
62,76,2.2,2.3000000000000007,2.2500000000000004,3.6000000000000005,3.7,3.6500000000000004,0,0,0,,1
63,76,2.3000000000000007,2.4000000000000004,2.3500000000000005,3.6000000000000005,3.7,3.6500000000000004,0,0,0,,1
64,76,2.4000000000000004,2.5,2.45,3.6000000000000005,3.7,3.6500000000000004,0,0,0,,1
65,76,2.5,2.6000000000000005,2.5500000000000003,3.6000000000000005,3.7,3.6500000000000004,0,0,0,,1
66,76,2.6000000000000005,2.7,2.6500000000000004,3.6000000000000005,3.7,3.6500000000000004,0,0,0,,1
67,76,2.7,2.8000000000000007,2.7500000000000004,3.6000000000000005,3.7,3.6500000000000004,0,0,0,,1
68,76,2.8000000000000007,2.9000000000000004,2.8500000000000005,3.6000000000000005,3.7,3.6500000000000004,0,0,0,,1
69,76,2.9000000000000004,3.0,2.95,3.6000000000000005,3.7,3.6500000000000004,0,0,0,,1
70,76,3.0,3.1000000000000005,3.0500000000000003,3.6000000000000005,3.7,3.6500000000000004,0,0,0,,1
71,76,3.1000000000000005,3.2,3.1500000000000004,3.6000000000000005,3.7,3.6500000000000004,0,0,0,,1
72,76,3.2,3.3000000000000007,3.2500000000000004,3.6000000000000005,3.7,3.6500000000000004,0,0,0,,1
73,76,3.3000000000000007,3.4000000000000004,3.3500000000000005,3.6000000000000005,3.7,3.6500000000000004,0,0,0,,1
74,76,3.4000000000000004,3.5,3.45,3.6000000000000005,3.7,3.6500000000000004,0,0,0,,1
75,76,3.5,3.6000000000000005,3.5500000000000003,3.6000000000000005,3.7,3.6500000000000004,0,0,0,,1
76,76,3.6000000000000005,3.7,3.6500000000000004,3.6000000000000005,3.7,3.6500000000000004,0,0,0,,1
77,76,3.7,3.8000000000000007,3.7500000000000004,3.6000000000000005,3.7,3.6500000000000004,0,0,0,,1
78,76,3.8000000000000007,3.9000000000000004,3.8500000000000005,3.6000000000000005,3.7,3.6500000000000004,0,0,0,,1
79,76,3.9000000000000004,4.0,3.95,3.6000000000000005,3.7,3.6500000000000004,0,0,0,,1
0,77,-4.0,-3.9,-3.95,3.7,3.8000000000000007,3.7500000000000004,0,0,0,,1
1,77,-3.9,-3.8,-3.8499999999999996,3.7,3.8000000000000007,3.7500000000000004,0,0,0,,1
2,77,-3.8,-3.7,-3.75,3.7,3.8000000000000007,3.7500000000000004,0,0,0,,1
3,77,-3.7,-3.6,-3.6500000000000004,3.7,3.8000000000000007,3.7500000000000004,0,0,0,,1
4,77,-3.6,-3.5,-3.55,3.7,3.8000000000000007,3.7500000000000004,0,0,0,,1
5,77,-3.5,-3.4,-3.45,3.7,3.8000000000000007,3.7500000000000004,0,0,0,,1
6,77,-3.4,-3.3,-3.3499999999999996,3.7,3.8000000000000007,3.7500000000000004,0,0,0,,1
7,77,-3.3,-3.2,-3.25,3.7,3.8000000000000007,3.7500000000000004,0,0,0,,1
8,77,-3.2,-3.1,-3.1500000000000004,3.7,3.8000000000000007,3.7500000000000004,0,0,0,,1
9,77,-3.1,-3.0,-3.05,3.7,3.8000000000000007,3.7500000000000004,0,0,0,,1
10,77,-3.0,-2.9,-2.95,3.7,3.8000000000000007,3.7500000000000004,0,0,0,,1
11,77,-2.9,-2.8,-2.8499999999999996,3.7,3.8000000000000007,3.7500000000000004,0,0,0,,1
12,77,-2.8,-2.7,-2.75,3.7,3.8000000000000007,3.7500000000000004,0,0,0,,1
13,77,-2.7,-2.5999999999999996,-2.65,3.7,3.8000000000000007,3.7500000000000004,0,0,0,,1
14,77,-2.5999999999999996,-2.5,-2.55,3.7,3.8000000000000007,3.7500000000000004,0,0,0,,1
15,77,-2.5,-2.4,-2.45,3.7,3.8000000000000007,3.7500000000000004,0,0,0,,1
16,77,-2.4,-2.3,-2.3499999999999996,3.7,3.8000000000000007,3.7500000000000004,0,0,0,,1
17,77,-2.3,-2.2,-2.25,3.7,3.8000000000000007,3.7500000000000004,0,0,0,,1
18,77,-2.2,-2.0999999999999996,-2.15,3.7,3.8000000000000007,3.7500000000000004,0,0,0,,1
19,77,-2.0999999999999996,-2.0,-2.05,3.7,3.8000000000000007,3.7500000000000004,0,0,0,,1
20,77,-2.0,-1.9,-1.95,3.7,3.8000000000000007,3.7500000000000004,0,0,0,,1
21,77,-1.9,-1.7999999999999998,-1.8499999999999999,3.7,3.8000000000000007,3.7500000000000004,0,0,0,,1
22,77,-1.7999999999999998,-1.6999999999999997,-1.7499999999999998,3.7,3.8000000000000007,3.7500000000000004,0,0,0,,1
23,77,-1.6999999999999997,-1.5999999999999996,-1.6499999999999997,3.7,3.8000000000000007,3.7500000000000004,0,0,0,,1
24,77,-1.5999999999999996,-1.5,-1.5499999999999998,3.7,3.8000000000000007,3.7500000000000004,0,0,0,,1
25,77,-1.5,-1.4,-1.45,3.7,3.8000000000000007,3.7500000000000004,0,0,0,,1
26,77,-1.4,-1.2999999999999998,-1.3499999999999999,3.7,3.8000000000000007,3.7500000000000004,0,0,0,,1
27,77,-1.2999999999999998,-1.1999999999999997,-1.2499999999999998,3.7,3.8000000000000007,3.7500000000000004,0,0,0,,1
28,77,-1.1999999999999997,-1.0999999999999996,-1.1499999999999997,3.7,3.8000000000000007,3.7500000000000004,0,0,0,,1
29,77,-1.0999999999999996,-1.0,-1.0499999999999998,3.7,3.8000000000000007,3.7500000000000004,0,0,0,,1
30,77,-1.0,-0.8999999999999999,-0.95,3.7,3.8000000000000007,3.7500000000000004,0,0,0,,1
31,77,-0.8999999999999999,-0.7999999999999998,-0.8499999999999999,3.7,3.8000000000000007,3.7500000000000004,0,0,0,,1
32,77,-0.7999999999999998,-0.6999999999999997,-0.7499999999999998,3.7,3.8000000000000007,3.7500000000000004,0,0,0,,1
33,77,-0.6999999999999997,-0.5999999999999996,-0.6499999999999997,3.7,3.8000000000000007,3.7500000000000004,0,0,0,,1
34,77,-0.5999999999999996,-0.5,-0.5499999999999998,3.7,3.8000000000000007,3.7500000000000004,0,0,0,,1
35,77,-0.5,-0.3999999999999999,-0.44999999999999996,3.7,3.8000000000000007,3.7500000000000004,0,0,0,,1
36,77,-0.3999999999999999,-0.2999999999999998,-0.34999999999999987,3.7,3.8000000000000007,3.7500000000000004,0,0,0,,1
37,77,-0.2999999999999998,-0.19999999999999973,-0.24999999999999978,3.7,3.8000000000000007,3.7500000000000004,0,0,0,,1
38,77,-0.19999999999999973,-0.09999999999999964,-0.1499999999999997,3.7,3.8000000000000007,3.7500000000000004,0,0,0,,1
39,77,-0.09999999999999964,0.0,-0.04999999999999982,3.7,3.8000000000000007,3.7500000000000004,0,0,0,,1
40,77,0.0,0.10000000000000053,0.050000000000000266,3.7,3.8000000000000007,3.7500000000000004,0,0,0,,1
41,77,0.10000000000000053,0.20000000000000018,0.15000000000000036,3.7,3.8000000000000007,3.7500000000000004,0,0,0,,1
42,77,0.20000000000000018,0.2999999999999998,0.25,3.7,3.8000000000000007,3.7500000000000004,0,0,0,,1
43,77,0.2999999999999998,0.40000000000000036,0.3500000000000001,3.7,3.8000000000000007,3.7500000000000004,0,0,0,,1
44,77,0.40000000000000036,0.5,0.4500000000000002,3.7,3.8000000000000007,3.7500000000000004,0,0,0,,1
45,77,0.5,0.6000000000000005,0.5500000000000003,3.7,3.8000000000000007,3.7500000000000004,0,0,0,,1
46,77,0.6000000000000005,0.7000000000000002,0.6500000000000004,3.7,3.8000000000000007,3.7500000000000004,0,0,0,,1
47,77,0.7000000000000002,0.8000000000000007,0.7500000000000004,3.7,3.8000000000000007,3.7500000000000004,0,0,0,,1
48,77,0.8000000000000007,0.9000000000000004,0.8500000000000005,3.7,3.8000000000000007,3.7500000000000004,0,0,0,,1
49,77,0.9000000000000004,1.0,0.9500000000000002,3.7,3.8000000000000007,3.7500000000000004,0,0,0,,1
50,77,1.0,1.1000000000000005,1.0500000000000003,3.7,3.8000000000000007,3.7500000000000004,0,0,0,,1
51,77,1.1000000000000005,1.2000000000000002,1.1500000000000004,3.7,3.8000000000000007,3.7500000000000004,0,0,0,,1
52,77,1.2000000000000002,1.3000000000000007,1.2500000000000004,3.7,3.8000000000000007,3.7500000000000004,0,0,0,,1
53,77,1.3000000000000007,1.4000000000000004,1.3500000000000005,3.7,3.8000000000000007,3.7500000000000004,0,0,0,,1
54,77,1.4000000000000004,1.5,1.4500000000000002,3.7,3.8000000000000007,3.7500000000000004,0,0,0,,1
55,77,1.5,1.6000000000000005,1.5500000000000003,3.7,3.8000000000000007,3.7500000000000004,0,0,0,,1
56,77,1.6000000000000005,1.7000000000000002,1.6500000000000004,3.7,3.8000000000000007,3.7500000000000004,0,0,0,,1
57,77,1.7000000000000002,1.8000000000000007,1.7500000000000004,3.7,3.8000000000000007,3.7500000000000004,0,0,0,,1
58,77,1.8000000000000007,1.9000000000000004,1.8500000000000005,3.7,3.8000000000000007,3.7500000000000004,0,0,0,,1
59,77,1.9000000000000004,2.0,1.9500000000000002,3.7,3.8000000000000007,3.7500000000000004,0,0,0,,1
60,77,2.0,2.1000000000000005,2.0500000000000003,3.7,3.8000000000000007,3.7500000000000004,0,0,0,,1
61,77,2.1000000000000005,2.2,2.1500000000000004,3.7,3.8000000000000007,3.7500000000000004,0,0,0,,1
62,77,2.2,2.3000000000000007,2.2500000000000004,3.7,3.8000000000000007,3.7500000000000004,0,0,0,,1
63,77,2.3000000000000007,2.4000000000000004,2.3500000000000005,3.7,3.8000000000000007,3.7500000000000004,0,0,0,,1
64,77,2.4000000000000004,2.5,2.45,3.7,3.8000000000000007,3.7500000000000004,0,0,0,,1
65,77,2.5,2.6000000000000005,2.5500000000000003,3.7,3.8000000000000007,3.7500000000000004,0,0,0,,1
66,77,2.6000000000000005,2.7,2.6500000000000004,3.7,3.8000000000000007,3.7500000000000004,0,0,0,,1
67,77,2.7,2.8000000000000007,2.7500000000000004,3.7,3.8000000000000007,3.7500000000000004,0,0,0,,1
68,77,2.8000000000000007,2.9000000000000004,2.8500000000000005,3.7,3.8000000000000007,3.7500000000000004,0,0,0,,1
69,77,2.9000000000000004,3.0,2.95,3.7,3.8000000000000007,3.7500000000000004,0,0,0,,1
70,77,3.0,3.1000000000000005,3.0500000000000003,3.7,3.8000000000000007,3.7500000000000004,0,0,0,,1
71,77,3.1000000000000005,3.2,3.1500000000000004,3.7,3.8000000000000007,3.7500000000000004,0,0,0,,1
72,77,3.2,3.3000000000000007,3.2500000000000004,3.7,3.8000000000000007,3.7500000000000004,0,0,0,,1
73,77,3.3000000000000007,3.4000000000000004,3.3500000000000005,3.7,3.8000000000000007,3.7500000000000004,0,0,0,,1
74,77,3.4000000000000004,3.5,3.45,3.7,3.8000000000000007,3.7500000000000004,0,0,0,,1
75,77,3.5,3.6000000000000005,3.5500000000000003,3.7,3.8000000000000007,3.7500000000000004,0,0,0,,1
76,77,3.6000000000000005,3.7,3.6500000000000004,3.7,3.8000000000000007,3.7500000000000004,0,0,0,,1
77,77,3.7,3.8000000000000007,3.7500000000000004,3.7,3.8000000000000007,3.7500000000000004,0,0,0,,1
78,77,3.8000000000000007,3.9000000000000004,3.8500000000000005,3.7,3.8000000000000007,3.7500000000000004,0,0,0,,1
79,77,3.9000000000000004,4.0,3.95,3.7,3.8000000000000007,3.7500000000000004,0,0,0,,1
0,78,-4.0,-3.9,-3.95,3.8000000000000007,3.9000000000000004,3.8500000000000005,0,0,0,,1
1,78,-3.9,-3.8,-3.8499999999999996,3.8000000000000007,3.9000000000000004,3.8500000000000005,0,0,0,,1
2,78,-3.8,-3.7,-3.75,3.8000000000000007,3.9000000000000004,3.8500000000000005,0,0,0,,1
3,78,-3.7,-3.6,-3.6500000000000004,3.8000000000000007,3.9000000000000004,3.8500000000000005,0,0,0,,1
4,78,-3.6,-3.5,-3.55,3.8000000000000007,3.9000000000000004,3.8500000000000005,0,0,0,,1
5,78,-3.5,-3.4,-3.45,3.8000000000000007,3.9000000000000004,3.8500000000000005,0,0,0,,1
6,78,-3.4,-3.3,-3.3499999999999996,3.8000000000000007,3.9000000000000004,3.8500000000000005,0,0,0,,1
7,78,-3.3,-3.2,-3.25,3.8000000000000007,3.9000000000000004,3.8500000000000005,0,0,0,,1
8,78,-3.2,-3.1,-3.1500000000000004,3.8000000000000007,3.9000000000000004,3.8500000000000005,0,0,0,,1
9,78,-3.1,-3.0,-3.05,3.8000000000000007,3.9000000000000004,3.8500000000000005,0,0,0,,1
10,78,-3.0,-2.9,-2.95,3.8000000000000007,3.9000000000000004,3.8500000000000005,0,0,0,,1
11,78,-2.9,-2.8,-2.8499999999999996,3.8000000000000007,3.9000000000000004,3.8500000000000005,0,0,0,,1
12,78,-2.8,-2.7,-2.75,3.8000000000000007,3.9000000000000004,3.8500000000000005,0,0,0,,1
13,78,-2.7,-2.5999999999999996,-2.65,3.8000000000000007,3.9000000000000004,3.8500000000000005,0,0,0,,1
14,78,-2.5999999999999996,-2.5,-2.55,3.8000000000000007,3.9000000000000004,3.8500000000000005,0,0,0,,1
15,78,-2.5,-2.4,-2.45,3.8000000000000007,3.9000000000000004,3.8500000000000005,0,0,0,,1
16,78,-2.4,-2.3,-2.3499999999999996,3.8000000000000007,3.9000000000000004,3.8500000000000005,0,0,0,,1
17,78,-2.3,-2.2,-2.25,3.8000000000000007,3.9000000000000004,3.8500000000000005,0,0,0,,1
18,78,-2.2,-2.0999999999999996,-2.15,3.8000000000000007,3.9000000000000004,3.8500000000000005,0,0,0,,1
19,78,-2.0999999999999996,-2.0,-2.05,3.8000000000000007,3.9000000000000004,3.8500000000000005,0,0,0,,1
20,78,-2.0,-1.9,-1.95,3.8000000000000007,3.9000000000000004,3.8500000000000005,0,0,0,,1
21,78,-1.9,-1.7999999999999998,-1.8499999999999999,3.8000000000000007,3.9000000000000004,3.8500000000000005,0,0,0,,1
22,78,-1.7999999999999998,-1.6999999999999997,-1.7499999999999998,3.8000000000000007,3.9000000000000004,3.8500000000000005,0,0,0,,1
23,78,-1.6999999999999997,-1.5999999999999996,-1.6499999999999997,3.8000000000000007,3.9000000000000004,3.8500000000000005,0,0,0,,1
24,78,-1.5999999999999996,-1.5,-1.5499999999999998,3.8000000000000007,3.9000000000000004,3.8500000000000005,0,0,0,,1
25,78,-1.5,-1.4,-1.45,3.8000000000000007,3.9000000000000004,3.8500000000000005,0,0,0,,1
26,78,-1.4,-1.2999999999999998,-1.3499999999999999,3.8000000000000007,3.9000000000000004,3.8500000000000005,0,0,0,,1
27,78,-1.2999999999999998,-1.1999999999999997,-1.2499999999999998,3.8000000000000007,3.9000000000000004,3.8500000000000005,0,0,0,,1
28,78,-1.1999999999999997,-1.0999999999999996,-1.1499999999999997,3.8000000000000007,3.9000000000000004,3.8500000000000005,0,0,0,,1
29,78,-1.0999999999999996,-1.0,-1.0499999999999998,3.8000000000000007,3.9000000000000004,3.8500000000000005,0,0,0,,1
30,78,-1.0,-0.8999999999999999,-0.95,3.8000000000000007,3.9000000000000004,3.8500000000000005,0,0,0,,1
31,78,-0.8999999999999999,-0.7999999999999998,-0.8499999999999999,3.8000000000000007,3.9000000000000004,3.8500000000000005,0,0,0,,1
32,78,-0.7999999999999998,-0.6999999999999997,-0.7499999999999998,3.8000000000000007,3.9000000000000004,3.8500000000000005,0,0,0,,1
33,78,-0.6999999999999997,-0.5999999999999996,-0.6499999999999997,3.8000000000000007,3.9000000000000004,3.8500000000000005,0,0,0,,1
34,78,-0.5999999999999996,-0.5,-0.5499999999999998,3.8000000000000007,3.9000000000000004,3.8500000000000005,0,0,0,,1
35,78,-0.5,-0.3999999999999999,-0.44999999999999996,3.8000000000000007,3.9000000000000004,3.8500000000000005,0,0,0,,1
36,78,-0.3999999999999999,-0.2999999999999998,-0.34999999999999987,3.8000000000000007,3.9000000000000004,3.8500000000000005,0,0,0,,1
37,78,-0.2999999999999998,-0.19999999999999973,-0.24999999999999978,3.8000000000000007,3.9000000000000004,3.8500000000000005,0,0,0,,1
38,78,-0.19999999999999973,-0.09999999999999964,-0.1499999999999997,3.8000000000000007,3.9000000000000004,3.8500000000000005,0,0,0,,1
39,78,-0.09999999999999964,0.0,-0.04999999999999982,3.8000000000000007,3.9000000000000004,3.8500000000000005,0,0,0,,1
40,78,0.0,0.10000000000000053,0.050000000000000266,3.8000000000000007,3.9000000000000004,3.8500000000000005,0,0,0,,1
41,78,0.10000000000000053,0.20000000000000018,0.15000000000000036,3.8000000000000007,3.9000000000000004,3.8500000000000005,0,0,0,,1
42,78,0.20000000000000018,0.2999999999999998,0.25,3.8000000000000007,3.9000000000000004,3.8500000000000005,0,0,0,,1
43,78,0.2999999999999998,0.40000000000000036,0.3500000000000001,3.8000000000000007,3.9000000000000004,3.8500000000000005,0,0,0,,1
44,78,0.40000000000000036,0.5,0.4500000000000002,3.8000000000000007,3.9000000000000004,3.8500000000000005,0,0,0,,1
45,78,0.5,0.6000000000000005,0.5500000000000003,3.8000000000000007,3.9000000000000004,3.8500000000000005,0,0,0,,1
46,78,0.6000000000000005,0.7000000000000002,0.6500000000000004,3.8000000000000007,3.9000000000000004,3.8500000000000005,0,0,0,,1
47,78,0.7000000000000002,0.8000000000000007,0.7500000000000004,3.8000000000000007,3.9000000000000004,3.8500000000000005,0,0,0,,1
48,78,0.8000000000000007,0.9000000000000004,0.8500000000000005,3.8000000000000007,3.9000000000000004,3.8500000000000005,0,0,0,,1
49,78,0.9000000000000004,1.0,0.9500000000000002,3.8000000000000007,3.9000000000000004,3.8500000000000005,0,0,0,,1
50,78,1.0,1.1000000000000005,1.0500000000000003,3.8000000000000007,3.9000000000000004,3.8500000000000005,0,0,0,,1
51,78,1.1000000000000005,1.2000000000000002,1.1500000000000004,3.8000000000000007,3.9000000000000004,3.8500000000000005,0,0,0,,1
52,78,1.2000000000000002,1.3000000000000007,1.2500000000000004,3.8000000000000007,3.9000000000000004,3.8500000000000005,0,0,0,,1
53,78,1.3000000000000007,1.4000000000000004,1.3500000000000005,3.8000000000000007,3.9000000000000004,3.8500000000000005,0,0,0,,1
54,78,1.4000000000000004,1.5,1.4500000000000002,3.8000000000000007,3.9000000000000004,3.8500000000000005,0,0,0,,1
55,78,1.5,1.6000000000000005,1.5500000000000003,3.8000000000000007,3.9000000000000004,3.8500000000000005,0,0,0,,1
56,78,1.6000000000000005,1.7000000000000002,1.6500000000000004,3.8000000000000007,3.9000000000000004,3.8500000000000005,0,0,0,,1
57,78,1.7000000000000002,1.8000000000000007,1.7500000000000004,3.8000000000000007,3.9000000000000004,3.8500000000000005,0,0,0,,1
58,78,1.8000000000000007,1.9000000000000004,1.8500000000000005,3.8000000000000007,3.9000000000000004,3.8500000000000005,0,0,0,,1
59,78,1.9000000000000004,2.0,1.9500000000000002,3.8000000000000007,3.9000000000000004,3.8500000000000005,0,0,0,,1
60,78,2.0,2.1000000000000005,2.0500000000000003,3.8000000000000007,3.9000000000000004,3.8500000000000005,0,0,0,,1
61,78,2.1000000000000005,2.2,2.1500000000000004,3.8000000000000007,3.9000000000000004,3.8500000000000005,0,0,0,,1
62,78,2.2,2.3000000000000007,2.2500000000000004,3.8000000000000007,3.9000000000000004,3.8500000000000005,0,0,0,,1
63,78,2.3000000000000007,2.4000000000000004,2.3500000000000005,3.8000000000000007,3.9000000000000004,3.8500000000000005,0,0,0,,1
64,78,2.4000000000000004,2.5,2.45,3.8000000000000007,3.9000000000000004,3.8500000000000005,0,0,0,,1
65,78,2.5,2.6000000000000005,2.5500000000000003,3.8000000000000007,3.9000000000000004,3.8500000000000005,0,0,0,,1
66,78,2.6000000000000005,2.7,2.6500000000000004,3.8000000000000007,3.9000000000000004,3.8500000000000005,0,0,0,,1
67,78,2.7,2.8000000000000007,2.7500000000000004,3.8000000000000007,3.9000000000000004,3.8500000000000005,0,0,0,,1
68,78,2.8000000000000007,2.9000000000000004,2.8500000000000005,3.8000000000000007,3.9000000000000004,3.8500000000000005,0,0,0,,1
69,78,2.9000000000000004,3.0,2.95,3.8000000000000007,3.9000000000000004,3.8500000000000005,0,0,0,,1
70,78,3.0,3.1000000000000005,3.0500000000000003,3.8000000000000007,3.9000000000000004,3.8500000000000005,0,0,0,,1
71,78,3.1000000000000005,3.2,3.1500000000000004,3.8000000000000007,3.9000000000000004,3.8500000000000005,0,0,0,,1
72,78,3.2,3.3000000000000007,3.2500000000000004,3.8000000000000007,3.9000000000000004,3.8500000000000005,0,0,0,,1
73,78,3.3000000000000007,3.4000000000000004,3.3500000000000005,3.8000000000000007,3.9000000000000004,3.8500000000000005,0,0,0,,1
74,78,3.4000000000000004,3.5,3.45,3.8000000000000007,3.9000000000000004,3.8500000000000005,0,0,0,,1
75,78,3.5,3.6000000000000005,3.5500000000000003,3.8000000000000007,3.9000000000000004,3.8500000000000005,0,0,0,,1
76,78,3.6000000000000005,3.7,3.6500000000000004,3.8000000000000007,3.9000000000000004,3.8500000000000005,0,0,0,,1
77,78,3.7,3.8000000000000007,3.7500000000000004,3.8000000000000007,3.9000000000000004,3.8500000000000005,0,0,0,,1
78,78,3.8000000000000007,3.9000000000000004,3.8500000000000005,3.8000000000000007,3.9000000000000004,3.8500000000000005,0,0,0,,1
79,78,3.9000000000000004,4.0,3.95,3.8000000000000007,3.9000000000000004,3.8500000000000005,0,0,0,,1
0,79,-4.0,-3.9,-3.95,3.9000000000000004,4.0,3.95,0,0,0,,1
1,79,-3.9,-3.8,-3.8499999999999996,3.9000000000000004,4.0,3.95,0,0,0,,1
2,79,-3.8,-3.7,-3.75,3.9000000000000004,4.0,3.95,0,0,0,,1
3,79,-3.7,-3.6,-3.6500000000000004,3.9000000000000004,4.0,3.95,0,0,0,,1
4,79,-3.6,-3.5,-3.55,3.9000000000000004,4.0,3.95,0,0,0,,1
5,79,-3.5,-3.4,-3.45,3.9000000000000004,4.0,3.95,0,0,0,,1
6,79,-3.4,-3.3,-3.3499999999999996,3.9000000000000004,4.0,3.95,0,0,0,,1
7,79,-3.3,-3.2,-3.25,3.9000000000000004,4.0,3.95,0,0,0,,1
8,79,-3.2,-3.1,-3.1500000000000004,3.9000000000000004,4.0,3.95,0,0,0,,1
9,79,-3.1,-3.0,-3.05,3.9000000000000004,4.0,3.95,0,0,0,,1
10,79,-3.0,-2.9,-2.95,3.9000000000000004,4.0,3.95,0,0,0,,1
11,79,-2.9,-2.8,-2.8499999999999996,3.9000000000000004,4.0,3.95,0,0,0,,1
12,79,-2.8,-2.7,-2.75,3.9000000000000004,4.0,3.95,0,0,0,,1
13,79,-2.7,-2.5999999999999996,-2.65,3.9000000000000004,4.0,3.95,0,0,0,,1
14,79,-2.5999999999999996,-2.5,-2.55,3.9000000000000004,4.0,3.95,0,0,0,,1
15,79,-2.5,-2.4,-2.45,3.9000000000000004,4.0,3.95,0,0,0,,1
16,79,-2.4,-2.3,-2.3499999999999996,3.9000000000000004,4.0,3.95,0,0,0,,1
17,79,-2.3,-2.2,-2.25,3.9000000000000004,4.0,3.95,0,0,0,,1
18,79,-2.2,-2.0999999999999996,-2.15,3.9000000000000004,4.0,3.95,0,0,0,,1
19,79,-2.0999999999999996,-2.0,-2.05,3.9000000000000004,4.0,3.95,0,0,0,,1
20,79,-2.0,-1.9,-1.95,3.9000000000000004,4.0,3.95,0,0,0,,1
21,79,-1.9,-1.7999999999999998,-1.8499999999999999,3.9000000000000004,4.0,3.95,0,0,0,,1
22,79,-1.7999999999999998,-1.6999999999999997,-1.7499999999999998,3.9000000000000004,4.0,3.95,0,0,0,,1
23,79,-1.6999999999999997,-1.5999999999999996,-1.6499999999999997,3.9000000000000004,4.0,3.95,0,0,0,,1
24,79,-1.5999999999999996,-1.5,-1.5499999999999998,3.9000000000000004,4.0,3.95,0,0,0,,1
25,79,-1.5,-1.4,-1.45,3.9000000000000004,4.0,3.95,0,0,0,,1
26,79,-1.4,-1.2999999999999998,-1.3499999999999999,3.9000000000000004,4.0,3.95,0,0,0,,1
27,79,-1.2999999999999998,-1.1999999999999997,-1.2499999999999998,3.9000000000000004,4.0,3.95,0,0,0,,1
28,79,-1.1999999999999997,-1.0999999999999996,-1.1499999999999997,3.9000000000000004,4.0,3.95,0,0,0,,1
29,79,-1.0999999999999996,-1.0,-1.0499999999999998,3.9000000000000004,4.0,3.95,0,0,0,,1
30,79,-1.0,-0.8999999999999999,-0.95,3.9000000000000004,4.0,3.95,0,0,0,,1
31,79,-0.8999999999999999,-0.7999999999999998,-0.8499999999999999,3.9000000000000004,4.0,3.95,0,0,0,,1
32,79,-0.7999999999999998,-0.6999999999999997,-0.7499999999999998,3.9000000000000004,4.0,3.95,0,0,0,,1
33,79,-0.6999999999999997,-0.5999999999999996,-0.6499999999999997,3.9000000000000004,4.0,3.95,0,0,0,,1
34,79,-0.5999999999999996,-0.5,-0.5499999999999998,3.9000000000000004,4.0,3.95,0,0,0,,1
35,79,-0.5,-0.3999999999999999,-0.44999999999999996,3.9000000000000004,4.0,3.95,0,0,0,,1
36,79,-0.3999999999999999,-0.2999999999999998,-0.34999999999999987,3.9000000000000004,4.0,3.95,0,0,0,,1
37,79,-0.2999999999999998,-0.19999999999999973,-0.24999999999999978,3.9000000000000004,4.0,3.95,0,0,0,,1
38,79,-0.19999999999999973,-0.09999999999999964,-0.1499999999999997,3.9000000000000004,4.0,3.95,0,0,0,,1
39,79,-0.09999999999999964,0.0,-0.04999999999999982,3.9000000000000004,4.0,3.95,0,0,0,,1
40,79,0.0,0.10000000000000053,0.050000000000000266,3.9000000000000004,4.0,3.95,0,0,0,,1
41,79,0.10000000000000053,0.20000000000000018,0.15000000000000036,3.9000000000000004,4.0,3.95,0,0,0,,1
42,79,0.20000000000000018,0.2999999999999998,0.25,3.9000000000000004,4.0,3.95,0,0,0,,1
43,79,0.2999999999999998,0.40000000000000036,0.3500000000000001,3.9000000000000004,4.0,3.95,0,0,0,,1
44,79,0.40000000000000036,0.5,0.4500000000000002,3.9000000000000004,4.0,3.95,0,0,0,,1
45,79,0.5,0.6000000000000005,0.5500000000000003,3.9000000000000004,4.0,3.95,0,0,0,,1
46,79,0.6000000000000005,0.7000000000000002,0.6500000000000004,3.9000000000000004,4.0,3.95,0,0,0,,1
47,79,0.7000000000000002,0.8000000000000007,0.7500000000000004,3.9000000000000004,4.0,3.95,0,0,0,,1
48,79,0.8000000000000007,0.9000000000000004,0.8500000000000005,3.9000000000000004,4.0,3.95,0,0,0,,1
49,79,0.9000000000000004,1.0,0.9500000000000002,3.9000000000000004,4.0,3.95,0,0,0,,1
50,79,1.0,1.1000000000000005,1.0500000000000003,3.9000000000000004,4.0,3.95,0,0,0,,1
51,79,1.1000000000000005,1.2000000000000002,1.1500000000000004,3.9000000000000004,4.0,3.95,0,0,0,,1
52,79,1.2000000000000002,1.3000000000000007,1.2500000000000004,3.9000000000000004,4.0,3.95,0,0,0,,1
53,79,1.3000000000000007,1.4000000000000004,1.3500000000000005,3.9000000000000004,4.0,3.95,0,0,0,,1
54,79,1.4000000000000004,1.5,1.4500000000000002,3.9000000000000004,4.0,3.95,0,0,0,,1
55,79,1.5,1.6000000000000005,1.5500000000000003,3.9000000000000004,4.0,3.95,0,0,0,,1
56,79,1.6000000000000005,1.7000000000000002,1.6500000000000004,3.9000000000000004,4.0,3.95,0,0,0,,1
57,79,1.7000000000000002,1.8000000000000007,1.7500000000000004,3.9000000000000004,4.0,3.95,0,0,0,,1
58,79,1.8000000000000007,1.9000000000000004,1.8500000000000005,3.9000000000000004,4.0,3.95,0,0,0,,1
59,79,1.9000000000000004,2.0,1.9500000000000002,3.9000000000000004,4.0,3.95,0,0,0,,1
60,79,2.0,2.1000000000000005,2.0500000000000003,3.9000000000000004,4.0,3.95,0,0,0,,1
61,79,2.1000000000000005,2.2,2.1500000000000004,3.9000000000000004,4.0,3.95,0,0,0,,1
62,79,2.2,2.3000000000000007,2.2500000000000004,3.9000000000000004,4.0,3.95,0,0,0,,1
63,79,2.3000000000000007,2.4000000000000004,2.3500000000000005,3.9000000000000004,4.0,3.95,0,0,0,,1
64,79,2.4000000000000004,2.5,2.45,3.9000000000000004,4.0,3.95,0,0,0,,1
65,79,2.5,2.6000000000000005,2.5500000000000003,3.9000000000000004,4.0,3.95,0,0,0,,1
66,79,2.6000000000000005,2.7,2.6500000000000004,3.9000000000000004,4.0,3.95,0,0,0,,1
67,79,2.7,2.8000000000000007,2.7500000000000004,3.9000000000000004,4.0,3.95,0,0,0,,1
68,79,2.8000000000000007,2.9000000000000004,2.8500000000000005,3.9000000000000004,4.0,3.95,0,0,0,,1
69,79,2.9000000000000004,3.0,2.95,3.9000000000000004,4.0,3.95,0,0,0,,1
70,79,3.0,3.1000000000000005,3.0500000000000003,3.9000000000000004,4.0,3.95,0,0,0,,1
71,79,3.1000000000000005,3.2,3.1500000000000004,3.9000000000000004,4.0,3.95,0,0,0,,1
72,79,3.2,3.3000000000000007,3.2500000000000004,3.9000000000000004,4.0,3.95,0,0,0,,1
73,79,3.3000000000000007,3.4000000000000004,3.3500000000000005,3.9000000000000004,4.0,3.95,0,0,0,,1
74,79,3.4000000000000004,3.5,3.45,3.9000000000000004,4.0,3.95,0,0,0,,1
75,79,3.5,3.6000000000000005,3.5500000000000003,3.9000000000000004,4.0,3.95,0,0,0,,1
76,79,3.6000000000000005,3.7,3.6500000000000004,3.9000000000000004,4.0,3.95,0,0,0,,1
77,79,3.7,3.8000000000000007,3.7500000000000004,3.9000000000000004,4.0,3.95,0,0,0,,1
78,79,3.8000000000000007,3.9000000000000004,3.8500000000000005,3.9000000000000004,4.0,3.95,0,0,0,,1
79,79,3.9000000000000004,4.0,3.95,3.9000000000000004,4.0,3.95,0,0,0,,1
